domain,cookies_total,cookies_3p,cookies_3p_ratio,cookie_3p_domains,cookie_3p_top,tracker_cookies,tracker_cookie_ratio,cookies_secure,cookies_secure_ratio,cookies_httponly,cookies_httponly_ratio,cookies_session,cookies_session_ratio,ss_none,ss_lax,ss_strict,ss_none_ratio,ss_lax_ratio,ss_strict_ratio,expiry_min_days,expiry_median_days,expiry_max_days,req_total,req_3p,req_3p_ratio,distinct_3p_req_domains,req_3p_top,tracker_hits,tracker_hit_ratio,resources_beacon,resources_csp_report,resources_font,resources_image,resources_imageset,resources_main_frame,resources_media,resources_object,resources_other,resources_script,resources_stylesheet,resources_sub_frame,resources_xmlhttprequest,strict-transport-security,content-security-policy,permissions-policy,referrer-policy,x-frame-options,x-content-type-options,total_sec_headers,tls_error,tls_version_max,tls_key_alg,tls_key_size,tls_curve,tls_cert_issuer,tls_days_until_expiry,tls_cipher_suites_total,tls_cipher_suites_list,tls_cipher_suites_fs,tls_cipher_fs_ratio,tls_cipher_suites_weak,tls_cipher_weak_ratio,tls_cipher_weak_list,tls_hsts,fp_detected,fp_methods_total,fp_canvas,fp_audioCtx,fp_rtc,fp_storage
administracion.gob.es,14.0,0.0,0.0,0.0,,0.0,0.0,5.0,0.357,5.0,0.357,5.0,0.357,0.0,0.0,0.0,0.0,0.0,0.0,-11.0,388.0,388.0,2343.0,650.0,0.277,4.0,google.com;doubleclick.net;googletagmanager.com;google.es,650.0,0.277,162.0,0.0,20.0,1616.0,0.0,1.0,0.0,0.0,0.0,205.0,6.0,0.0,333.0,1,0,0,1,1,1,4,,TLS_1_3,RSAPublicKey,2048.0,,"OU=AC RAIZ FNMT-RCM,O=FNMT-RCM,C=ES",53.0,4.0,TLS_AES_256_GCM_SHA384;TLS_AES_128_GCM_SHA256;TLS_ECDHE_RSA_WITH_AES_256_GCM_SHA384;TLS_ECDHE_RSA_WITH_AES_128_GCM_SHA256,2.0,0.5,0.0,0.0,,1.0,0.0,0.0,0.0,0.0,0.0,0.0
administracionelectronica.gob.es,479.0,83.0,0.173,3.0,youtube.com;twitter.com;redsara.es,83.0,0.173,46.0,0.096,46.0,0.096,341.0,0.712,0.0,0.0,0.0,0.0,0.0,0.0,-12.0,0.0,388.0,4601.0,3707.0,0.806,13.0,twitter.com;youtube.com;jnn-pa.googleapis.com;doubleclick.net;google-analytics.com,3707.0,0.806,126.0,0.0,189.0,894.0,0.0,15.0,0.0,0.0,0.0,1599.0,190.0,431.0,1157.0,0,0,0,0,1,0,1,,TLS_1_3,RSAPublicKey,2048.0,,"CN=DigiCert Global Root G2,OU=www.digicert.com,O=DigiCert Inc,C=US",46.0,4.0,TLS_AES_256_GCM_SHA384;TLS_AES_128_GCM_SHA256;TLS_ECDHE_RSA_WITH_AES_256_GCM_SHA384;TLS_ECDHE_RSA_WITH_AES_128_GCM_SHA256,2.0,0.5,0.0,0.0,,0.0,0.0,0.0,0.0,0.0,0.0,0.0
aemps.gob.es,0.0,0.0,0.0,0.0,,0.0,0.0,0.0,0.0,0.0,0.0,0.0,0.0,0.0,0.0,0.0,0.0,0.0,0.0,0.0,0.0,0.0,189.0,108.0,0.571,6.0,cloudflare.com;gstatic.com;ajax.googleapis.com;jsdelivr.net;googletagmanager.com,108.0,0.571,0.0,0.0,63.0,40.0,1.0,1.0,4.0,1.0,0.0,36.0,43.0,0.0,0.0,0,0,0,0,0,0,0,,,,0.0,,,0.0,0.0,,0.0,0.0,0.0,0.0,,0.0,1.0,1.0,0.0,0.0,0.0,1.0
avance.digital.gob.es,1.0,0.0,0.0,0.0,,0.0,0.0,0.0,0.0,0.0,0.0,1.0,1.0,0.0,0.0,0.0,0.0,0.0,0.0,0.0,0.0,0.0,2973.0,1134.0,0.381,3.0,gstatic.com;fonts.googleapis.com;ajax.googleapis.com,1134.0,0.381,0.0,0.0,719.0,590.0,0.0,38.0,0.0,0.0,0.0,789.0,466.0,0.0,371.0,0,1,0,0,1,1,3,,,,0.0,,,0.0,0.0,,0.0,0.0,0.0,0.0,,0.0,1.0,4.0,1.0,1.0,1.0,1.0
carpetaciudadana.gob.es,9.0,0.0,0.0,0.0,,0.0,0.0,3.0,0.333,2.0,0.222,9.0,1.0,0.0,2.0,0.0,0.0,0.222,0.0,0.0,0.0,0.0,1443.0,1403.0,0.972,1.0,redsara.es,1403.0,0.972,0.0,0.0,129.0,993.0,0.0,40.0,0.0,0.0,0.0,122.0,159.0,0.0,0.0,1,1,0,0,1,1,4,,TLS_1_2,RSAPublicKey,2048.0,,"OU=AC RAIZ FNMT-RCM,O=FNMT-RCM,C=ES",53.0,22.0,TLS_RSA_WITH_CAMELLIA_256_CBC_SHA;TLS_RSA_WITH_CAMELLIA_128_CBC_SHA;TLS_RSA_WITH_AES_256_GCM_SHA384;TLS_RSA_WITH_AES_256_CBC_SHA256;TLS_RSA_WITH_AES_256_CBC_SHA;TLS_RSA_WITH_AES_128_GCM_SHA256;TLS_RSA_WITH_AES_128_CBC_SHA256;TLS_RSA_WITH_AES_128_CBC_SHA;TLS_ECDHE_RSA_WITH_AES_256_GCM_SHA384;TLS_ECDHE_RSA_WITH_AES_256_CBC_SHA384;TLS_ECDHE_RSA_WITH_AES_256_CBC_SHA;TLS_ECDHE_RSA_WITH_AES_128_GCM_SHA256;TLS_ECDHE_RSA_WITH_AES_128_CBC_SHA256;TLS_ECDHE_RSA_WITH_AES_128_CBC_SHA;TLS_DHE_RSA_WITH_CAMELLIA_256_CBC_SHA;TLS_DHE_RSA_WITH_CAMELLIA_128_CBC_SHA;TLS_DHE_RSA_WITH_AES_256_GCM_SHA384;TLS_DHE_RSA_WITH_AES_256_CBC_SHA256;TLS_DHE_RSA_WITH_AES_256_CBC_SHA;TLS_DHE_RSA_WITH_AES_128_GCM_SHA256;TLS_DHE_RSA_WITH_AES_128_CBC_SHA256;TLS_DHE_RSA_WITH_AES_128_CBC_SHA,14.0,0.636,8.0,0.364,TLS_RSA_WITH_CAMELLIA_256_CBC_SHA;TLS_RSA_WITH_CAMELLIA_128_CBC_SHA;TLS_RSA_WITH_AES_256_GCM_SHA384;TLS_RSA_WITH_AES_256_CBC_SHA256;TLS_RSA_WITH_AES_256_CBC_SHA;TLS_RSA_WITH_AES_128_GCM_SHA256;TLS_RSA_WITH_AES_128_CBC_SHA256;TLS_RSA_WITH_AES_128_CBC_SHA,1.0,0.0,0.0,0.0,0.0,0.0,0.0
cibim.transportes.gob.es,73.0,72.0,0.986,1.0,youtube.com,72.0,0.986,37.0,0.507,37.0,0.507,9.0,0.123,0.0,0.0,0.0,0.0,0.0,0.0,-12.0,0.0,353.0,2637.0,2354.0,0.893,9.0,youtube.com;fonts.googleapis.com;gstatic.com;jnn-pa.googleapis.com;doubleclick.net,2259.0,0.857,54.0,0.0,459.0,385.0,0.0,15.0,0.0,0.0,0.0,487.0,616.0,117.0,504.0,1,0,0,1,1,1,4,,TLS_1_3,RSAPublicKey,2048.0,,"OU=AC RAIZ FNMT-RCM,O=FNMT-RCM,C=ES",53.0,6.0,TLS_CHACHA20_POLY1305_SHA256;TLS_AES_256_GCM_SHA384;TLS_AES_128_GCM_SHA256;TLS_ECDHE_RSA_WITH_CHACHA20_POLY1305_SHA256;TLS_ECDHE_RSA_WITH_AES_256_GCM_SHA384;TLS_ECDHE_RSA_WITH_AES_128_GCM_SHA256,3.0,0.5,0.0,0.0,,1.0,0.0,0.0,0.0,0.0,0.0,0.0
ciencia.gob.es,93.0,0.0,0.0,0.0,,0.0,0.0,93.0,1.0,93.0,1.0,93.0,1.0,0.0,0.0,0.0,0.0,0.0,0.0,0.0,0.0,0.0,335.0,240.0,0.716,8.0,cdninstagram.com;fonts.googleapis.com;fontawesome.com;gstatic.com;lightwidget.com,240.0,0.716,0.0,0.0,48.0,152.0,0.0,1.0,0.0,0.0,0.0,48.0,76.0,9.0,1.0,1,0,0,0,1,1,3,,,,0.0,,,0.0,0.0,,0.0,0.0,0.0,0.0,,0.0,1.0,1.0,0.0,0.0,0.0,1.0
ciencia.sede.gob.es,1.0,0.0,0.0,0.0,,0.0,0.0,1.0,1.0,1.0,1.0,1.0,1.0,0.0,0.0,0.0,0.0,0.0,0.0,0.0,0.0,0.0,258.0,100.0,0.388,2.0,googletagmanager.com;redsara.es,100.0,0.388,0.0,0.0,7.0,91.0,0.0,5.0,0.0,0.0,0.0,148.0,7.0,0.0,0.0,1,0,0,1,1,1,4,,TLS_1_3,RSAPublicKey,2048.0,,"OU=AC RAIZ FNMT-RCM,O=FNMT-RCM,C=ES",298.0,4.0,TLS_AES_256_GCM_SHA384;TLS_AES_128_GCM_SHA256;TLS_ECDHE_RSA_WITH_AES_256_GCM_SHA384;TLS_ECDHE_RSA_WITH_AES_128_GCM_SHA256,2.0,0.5,0.0,0.0,,1.0,1.0,1.0,0.0,0.0,0.0,1.0
ciudadaniaexterior.inclusion.gob.es,10.0,0.0,0.0,0.0,,0.0,0.0,7.0,0.7,3.0,0.3,2.0,0.2,0.0,0.0,0.0,0.0,0.0,0.0,-12.0,353.0,388.0,526.0,157.0,0.298,2.0,insuit.net;google-analytics.com,157.0,0.298,0.0,0.0,16.0,108.0,0.0,5.0,0.0,0.0,8.0,244.0,47.0,15.0,83.0,1,1,0,0,1,1,4,,TLS_1_3,RSAPublicKey,2048.0,,"OU=AC Componentes Informáticos,O=FNMT-RCM,C=ES",54.0,16.0,TLS_CHACHA20_POLY1305_SHA256;TLS_AES_256_GCM_SHA384;TLS_AES_128_GCM_SHA256;TLS_RSA_WITH_AES_256_GCM_SHA384;TLS_RSA_WITH_AES_256_CBC_SHA256;TLS_RSA_WITH_AES_256_CBC_SHA;TLS_RSA_WITH_AES_128_GCM_SHA256;TLS_RSA_WITH_AES_128_CBC_SHA256;TLS_RSA_WITH_AES_128_CBC_SHA;TLS_ECDHE_RSA_WITH_CHACHA20_POLY1305_SHA256;TLS_ECDHE_RSA_WITH_AES_256_GCM_SHA384;TLS_ECDHE_RSA_WITH_AES_256_CBC_SHA384;TLS_ECDHE_RSA_WITH_AES_256_CBC_SHA;TLS_ECDHE_RSA_WITH_AES_128_GCM_SHA256;TLS_ECDHE_RSA_WITH_AES_128_CBC_SHA256;TLS_ECDHE_RSA_WITH_AES_128_CBC_SHA,7.0,0.438,6.0,0.375,TLS_RSA_WITH_AES_256_GCM_SHA384;TLS_RSA_WITH_AES_256_CBC_SHA256;TLS_RSA_WITH_AES_256_CBC_SHA;TLS_RSA_WITH_AES_128_GCM_SHA256;TLS_RSA_WITH_AES_128_CBC_SHA256;TLS_RSA_WITH_AES_128_CBC_SHA,1.0,0.0,0.0,0.0,0.0,0.0,0.0
clave.gob.es,246.0,54.0,0.22,2.0,demdex.net;everesttech.net,54.0,0.22,121.0,0.492,0.0,0.0,16.0,0.065,0.0,0.0,0.0,0.0,0.0,0.0,-7.0,0.0,388.0,100.0,73.0,0.73,5.0,adobedtm.com;demdex.net;omtrdc.net;everesttech.net;rum.hlx.page,72.0,0.72,0.0,0.0,4.0,24.0,5.0,1.0,0.0,0.0,0.0,34.0,4.0,9.0,19.0,1,1,0,0,1,1,4,,TLS_1_3,RSAPublicKey,2048.0,,"OU=AC RAIZ FNMT-RCM,O=FNMT-RCM,C=ES",223.0,6.0,TLS_CHACHA20_POLY1305_SHA256;TLS_AES_256_GCM_SHA384;TLS_AES_128_GCM_SHA256;TLS_ECDHE_RSA_WITH_CHACHA20_POLY1305_SHA256;TLS_ECDHE_RSA_WITH_AES_256_GCM_SHA384;TLS_ECDHE_RSA_WITH_AES_128_GCM_SHA256,3.0,0.5,0.0,0.0,,1.0,0.0,0.0,0.0,0.0,0.0,0.0
cnrha.sanidad.gob.es,0.0,0.0,0.0,0.0,,0.0,0.0,0.0,0.0,0.0,0.0,0.0,0.0,0.0,0.0,0.0,0.0,0.0,0.0,0.0,0.0,0.0,48.0,19.0,0.396,3.0,fonts.googleapis.com;gstatic.com;mscbs.es,18.0,0.375,0.0,0.0,11.0,10.0,0.0,1.0,0.0,0.0,0.0,12.0,14.0,0.0,0.0,0,0,0,0,0,0,0,,TLS_1_2,RSAPublicKey,2048.0,,"OU=AC RAIZ FNMT-RCM,O=FNMT-RCM,C=ES",54.0,5.0,TLS_RSA_WITH_AES_256_CBC_SHA256;TLS_RSA_WITH_AES_128_GCM_SHA256;TLS_RSA_WITH_AES_128_CBC_SHA256;TLS_ECDHE_RSA_WITH_AES_256_GCM_SHA384;TLS_ECDHE_RSA_WITH_AES_128_GCM_SHA256,2.0,0.4,3.0,0.6,TLS_RSA_WITH_AES_256_CBC_SHA256;TLS_RSA_WITH_AES_128_GCM_SHA256;TLS_RSA_WITH_AES_128_CBC_SHA256,0.0,0.0,0.0,0.0,0.0,0.0,0.0
cpage.mpr.gob.es,43.0,9.0,0.209,1.0,translate-pa.googleapis.com,9.0,0.209,0.0,0.0,9.0,0.209,9.0,0.209,0.0,0.0,0.0,0.0,0.0,0.0,-12.0,388.0,388.0,418.0,403.0,0.964,11.0,wp.com;gstatic.com;google.com;mpr.es;translate-pa.googleapis.com,353.0,0.844,18.0,0.0,22.0,198.0,1.0,1.0,0.0,0.0,0.0,94.0,20.0,1.0,63.0,0,0,0,1,0,0,1,,TLS_1_3,RSAPublicKey,4096.0,,"CN=ISRG Root X1,O=Internet Security Research Group,C=US",78.0,30.0,TLS_CHACHA20_POLY1305_SHA256;TLS_AES_256_GCM_SHA384;TLS_AES_128_GCM_SHA256;TLS_RSA_WITH_CAMELLIA_256_CBC_SHA256;TLS_RSA_WITH_CAMELLIA_256_CBC_SHA;TLS_RSA_WITH_CAMELLIA_128_CBC_SHA256;TLS_RSA_WITH_CAMELLIA_128_CBC_SHA;TLS_RSA_WITH_ARIA_256_GCM_SHA384;TLS_RSA_WITH_ARIA_128_GCM_SHA256;TLS_RSA_WITH_AES_256_GCM_SHA384;TLS_RSA_WITH_AES_256_CCM_8;TLS_RSA_WITH_AES_256_CCM;TLS_RSA_WITH_AES_256_CBC_SHA256;TLS_RSA_WITH_AES_256_CBC_SHA;TLS_RSA_WITH_AES_128_GCM_SHA256;TLS_RSA_WITH_AES_128_CCM_8;TLS_RSA_WITH_AES_128_CCM;TLS_RSA_WITH_AES_128_CBC_SHA256;TLS_RSA_WITH_AES_128_CBC_SHA;TLS_ECDHE_RSA_WITH_CHACHA20_POLY1305_SHA256;TLS_ECDHE_RSA_WITH_CAMELLIA_256_CBC_SHA384;TLS_ECDHE_RSA_WITH_CAMELLIA_128_CBC_SHA256;TLS_ECDHE_RSA_WITH_ARIA_256_GCM_SHA384;TLS_ECDHE_RSA_WITH_ARIA_128_GCM_SHA256;TLS_ECDHE_RSA_WITH_AES_256_GCM_SHA384;TLS_ECDHE_RSA_WITH_AES_256_CBC_SHA384;TLS_ECDHE_RSA_WITH_AES_256_CBC_SHA;TLS_ECDHE_RSA_WITH_AES_128_GCM_SHA256;TLS_ECDHE_RSA_WITH_AES_128_CBC_SHA256;TLS_ECDHE_RSA_WITH_AES_128_CBC_SHA,11.0,0.367,16.0,0.533,TLS_RSA_WITH_CAMELLIA_256_CBC_SHA256;TLS_RSA_WITH_CAMELLIA_256_CBC_SHA;TLS_RSA_WITH_CAMELLIA_128_CBC_SHA256;TLS_RSA_WITH_CAMELLIA_128_CBC_SHA;TLS_RSA_WITH_ARIA_256_GCM_SHA384;TLS_RSA_WITH_ARIA_128_GCM_SHA256;TLS_RSA_WITH_AES_256_GCM_SHA384;TLS_RSA_WITH_AES_256_CCM_8;TLS_RSA_WITH_AES_256_CCM;TLS_RSA_WITH_AES_256_CBC_SHA256;TLS_RSA_WITH_AES_256_CBC_SHA;TLS_RSA_WITH_AES_128_GCM_SHA256;TLS_RSA_WITH_AES_128_CCM_8;TLS_RSA_WITH_AES_128_CCM;TLS_RSA_WITH_AES_128_CBC_SHA256;TLS_RSA_WITH_AES_128_CBC_SHA,0.0,1.0,1.0,0.0,0.0,0.0,1.0
cultura.gob.es,10.0,9.0,0.9,1.0,twitter.com,9.0,0.9,9.0,0.9,10.0,1.0,1.0,0.1,0.0,0.0,0.0,0.0,0.0,0.0,-12.0,0.0,0.0,130.0,27.0,0.208,1.0,twitter.com,27.0,0.208,0.0,0.0,4.0,61.0,0.0,2.0,0.0,0.0,0.0,29.0,16.0,9.0,9.0,1,0,0,0,1,0,2,,TLS_1_3,RSAPublicKey,2048.0,,"OU=AC Componentes Informáticos,O=FNMT-RCM,C=ES",55.0,9.0,TLS_CHACHA20_POLY1305_SHA256;TLS_AES_256_GCM_SHA384;TLS_AES_128_GCM_SHA256;TLS_ECDHE_RSA_WITH_CHACHA20_POLY1305_SHA256;TLS_ECDHE_RSA_WITH_AES_256_GCM_SHA384;TLS_ECDHE_RSA_WITH_AES_128_GCM_SHA256;TLS_DHE_RSA_WITH_CHACHA20_POLY1305_SHA256;TLS_DHE_RSA_WITH_AES_256_GCM_SHA384;TLS_DHE_RSA_WITH_AES_128_GCM_SHA256,6.0,0.667,0.0,0.0,,1.0,0.0,0.0,0.0,0.0,0.0,0.0
datos.gob.es,139.0,108.0,0.777,2.0,clarity.ms;bing.com,108.0,0.777,114.0,0.82,9.0,0.065,29.0,0.209,0.0,0.0,0.0,0.0,0.0,0.0,-12.0,378.0,388.0,393.0,245.0,0.623,8.0,insuit.net;clarity.ms;google-analytics.com;googletagmanager.com;hotjar.com,245.0,0.623,0.0,0.0,18.0,149.0,0.0,2.0,0.0,0.0,0.0,104.0,24.0,5.0,91.0,0,0,0,0,1,1,2,,TLS_1_2,RSAPublicKey,2048.0,,"CN=HARICA TLS RSA Root CA 2021,O=Hellenic Academic and Research Institutions CA,C=GR",207.0,10.0,TLS_RSA_WITH_AES_256_GCM_SHA384;TLS_RSA_WITH_AES_256_CBC_SHA256;TLS_RSA_WITH_AES_256_CBC_SHA;TLS_RSA_WITH_AES_128_GCM_SHA256;TLS_RSA_WITH_AES_128_CBC_SHA256;TLS_RSA_WITH_AES_128_CBC_SHA;TLS_ECDHE_RSA_WITH_AES_256_GCM_SHA384;TLS_ECDHE_RSA_WITH_AES_256_CBC_SHA;TLS_ECDHE_RSA_WITH_AES_128_GCM_SHA256;TLS_ECDHE_RSA_WITH_AES_128_CBC_SHA,4.0,0.4,6.0,0.6,TLS_RSA_WITH_AES_256_GCM_SHA384;TLS_RSA_WITH_AES_256_CBC_SHA256;TLS_RSA_WITH_AES_256_CBC_SHA;TLS_RSA_WITH_AES_128_GCM_SHA256;TLS_RSA_WITH_AES_128_CBC_SHA256;TLS_RSA_WITH_AES_128_CBC_SHA,0.0,1.0,1.0,0.0,0.0,0.0,1.0
defensa.gob.es,1.0,0.0,0.0,0.0,,0.0,0.0,0.0,0.0,1.0,1.0,0.0,0.0,0.0,0.0,0.0,0.0,0.0,0.0,353.0,353.0,353.0,127.0,42.0,0.331,3.0,twitter.com;youtube.com;flickr.com,42.0,0.331,0.0,0.0,5.0,47.0,0.0,1.0,0.0,0.0,0.0,41.0,15.0,9.0,9.0,1,1,0,0,1,1,4,,,,0.0,,,0.0,0.0,,0.0,0.0,0.0,0.0,,0.0,1.0,4.0,1.0,1.0,1.0,1.0
denuncias.mitma.gob.es,1.0,0.0,0.0,0.0,,0.0,0.0,0.0,0.0,1.0,1.0,0.0,0.0,0.0,0.0,0.0,0.0,0.0,0.0,353.0,353.0,353.0,13.0,0.0,0.0,0.0,,0.0,0.0,0.0,0.0,3.0,3.0,0.0,1.0,0.0,0.0,0.0,2.0,2.0,0.0,2.0,1,1,1,1,1,1,6,,TLS_1_3,RSAPublicKey,2048.0,,"OU=AC RAIZ FNMT-RCM,O=FNMT-RCM,C=ES",154.0,47.0,TLS_CHACHA20_POLY1305_SHA256;TLS_AES_256_GCM_SHA384;TLS_AES_128_GCM_SHA256;TLS_RSA_WITH_CAMELLIA_256_CBC_SHA256;TLS_RSA_WITH_CAMELLIA_256_CBC_SHA;TLS_RSA_WITH_CAMELLIA_128_CBC_SHA256;TLS_RSA_WITH_CAMELLIA_128_CBC_SHA;TLS_RSA_WITH_ARIA_256_GCM_SHA384;TLS_RSA_WITH_ARIA_128_GCM_SHA256;TLS_RSA_WITH_AES_256_GCM_SHA384;TLS_RSA_WITH_AES_256_CCM_8;TLS_RSA_WITH_AES_256_CCM;TLS_RSA_WITH_AES_256_CBC_SHA256;TLS_RSA_WITH_AES_256_CBC_SHA;TLS_RSA_WITH_AES_128_GCM_SHA256;TLS_RSA_WITH_AES_128_CCM_8;TLS_RSA_WITH_AES_128_CCM;TLS_RSA_WITH_AES_128_CBC_SHA256;TLS_RSA_WITH_AES_128_CBC_SHA;TLS_ECDHE_RSA_WITH_CHACHA20_POLY1305_SHA256;TLS_ECDHE_RSA_WITH_CAMELLIA_256_CBC_SHA384;TLS_ECDHE_RSA_WITH_CAMELLIA_128_CBC_SHA256;TLS_ECDHE_RSA_WITH_ARIA_256_GCM_SHA384;TLS_ECDHE_RSA_WITH_ARIA_128_GCM_SHA256;TLS_ECDHE_RSA_WITH_AES_256_GCM_SHA384;TLS_ECDHE_RSA_WITH_AES_256_CBC_SHA384;TLS_ECDHE_RSA_WITH_AES_256_CBC_SHA;TLS_ECDHE_RSA_WITH_AES_128_GCM_SHA256;TLS_ECDHE_RSA_WITH_AES_128_CBC_SHA256;TLS_ECDHE_RSA_WITH_AES_128_CBC_SHA;TLS_DHE_RSA_WITH_CHACHA20_POLY1305_SHA256;TLS_DHE_RSA_WITH_CAMELLIA_256_CBC_SHA256;TLS_DHE_RSA_WITH_CAMELLIA_256_CBC_SHA;TLS_DHE_RSA_WITH_CAMELLIA_128_CBC_SHA256;TLS_DHE_RSA_WITH_CAMELLIA_128_CBC_SHA;TLS_DHE_RSA_WITH_ARIA_256_GCM_SHA384;TLS_DHE_RSA_WITH_ARIA_128_GCM_SHA256;TLS_DHE_RSA_WITH_AES_256_GCM_SHA384;TLS_DHE_RSA_WITH_AES_256_CCM_8;TLS_DHE_RSA_WITH_AES_256_CCM;TLS_DHE_RSA_WITH_AES_256_CBC_SHA256;TLS_DHE_RSA_WITH_AES_256_CBC_SHA;TLS_DHE_RSA_WITH_AES_128_GCM_SHA256;TLS_DHE_RSA_WITH_AES_128_CCM_8;TLS_DHE_RSA_WITH_AES_128_CCM;TLS_DHE_RSA_WITH_AES_128_CBC_SHA256;TLS_DHE_RSA_WITH_AES_128_CBC_SHA,28.0,0.596,16.0,0.34,TLS_RSA_WITH_CAMELLIA_256_CBC_SHA256;TLS_RSA_WITH_CAMELLIA_256_CBC_SHA;TLS_RSA_WITH_CAMELLIA_128_CBC_SHA256;TLS_RSA_WITH_CAMELLIA_128_CBC_SHA;TLS_RSA_WITH_ARIA_256_GCM_SHA384;TLS_RSA_WITH_ARIA_128_GCM_SHA256;TLS_RSA_WITH_AES_256_GCM_SHA384;TLS_RSA_WITH_AES_256_CCM_8;TLS_RSA_WITH_AES_256_CCM;TLS_RSA_WITH_AES_256_CBC_SHA256;TLS_RSA_WITH_AES_256_CBC_SHA;TLS_RSA_WITH_AES_128_GCM_SHA256;TLS_RSA_WITH_AES_128_CCM_8;TLS_RSA_WITH_AES_128_CCM;TLS_RSA_WITH_AES_128_CBC_SHA256;TLS_RSA_WITH_AES_128_CBC_SHA,1.0,1.0,1.0,0.0,0.0,0.0,1.0
derechosdigitales.gob.es,3.0,0.0,0.0,0.0,,0.0,0.0,3.0,1.0,2.0,0.667,2.0,0.667,0.0,0.0,0.0,0.0,0.0,0.0,352.0,352.0,352.0,134.0,63.0,0.47,4.0,gstatic.com;jsdelivr.net;unpkg.com;fonts.googleapis.com,63.0,0.47,0.0,0.0,36.0,13.0,0.0,1.0,4.0,0.0,0.0,16.0,64.0,0.0,0.0,0,0,0,0,0,0,0,,TLS_1_3,RSAPublicKey,2048.0,,"CN=HARICA TLS RSA Root CA 2021,O=Hellenic Academic and Research Institutions CA,C=GR",286.0,16.0,TLS_CHACHA20_POLY1305_SHA256;TLS_AES_256_GCM_SHA384;TLS_AES_128_GCM_SHA256;TLS_RSA_WITH_AES_256_GCM_SHA384;TLS_RSA_WITH_AES_256_CBC_SHA256;TLS_RSA_WITH_AES_256_CBC_SHA;TLS_RSA_WITH_AES_128_GCM_SHA256;TLS_RSA_WITH_AES_128_CBC_SHA256;TLS_RSA_WITH_AES_128_CBC_SHA;TLS_ECDHE_RSA_WITH_CHACHA20_POLY1305_SHA256;TLS_ECDHE_RSA_WITH_AES_256_GCM_SHA384;TLS_ECDHE_RSA_WITH_AES_256_CBC_SHA384;TLS_ECDHE_RSA_WITH_AES_256_CBC_SHA;TLS_ECDHE_RSA_WITH_AES_128_GCM_SHA256;TLS_ECDHE_RSA_WITH_AES_128_CBC_SHA256;TLS_ECDHE_RSA_WITH_AES_128_CBC_SHA,7.0,0.438,6.0,0.375,TLS_RSA_WITH_AES_256_GCM_SHA384;TLS_RSA_WITH_AES_256_CBC_SHA256;TLS_RSA_WITH_AES_256_CBC_SHA;TLS_RSA_WITH_AES_128_GCM_SHA256;TLS_RSA_WITH_AES_128_CBC_SHA256;TLS_RSA_WITH_AES_128_CBC_SHA,1.0,0.0,0.0,0.0,0.0,0.0,0.0
dgsfp.mineco.gob.es,1.0,0.0,0.0,0.0,,0.0,0.0,0.0,0.0,0.0,0.0,1.0,1.0,0.0,0.0,0.0,0.0,0.0,0.0,0.0,0.0,0.0,137.0,36.0,0.263,2.0,google-analytics.com;googletagmanager.com,36.0,0.263,0.0,0.0,1.0,30.0,0.0,4.0,0.0,0.0,0.0,45.0,7.0,0.0,50.0,0,1,0,0,1,1,3,,TLS_1_2,RSAPublicKey,2048.0,,"OU=AC RAIZ FNMT-RCM,O=FNMT-RCM,C=ES",223.0,19.0,TLS_RSA_WITH_RC4_128_SHA;TLS_RSA_WITH_RC4_128_MD5;TLS_RSA_WITH_AES_256_GCM_SHA384;TLS_RSA_WITH_AES_256_CBC_SHA256;TLS_RSA_WITH_AES_256_CBC_SHA;TLS_RSA_WITH_AES_128_GCM_SHA256;TLS_RSA_WITH_AES_128_CBC_SHA256;TLS_RSA_WITH_AES_128_CBC_SHA;TLS_RSA_WITH_3DES_EDE_CBC_SHA;TLS_ECDHE_RSA_WITH_AES_256_GCM_SHA384;TLS_ECDHE_RSA_WITH_AES_256_CBC_SHA384;TLS_ECDHE_RSA_WITH_AES_256_CBC_SHA;TLS_ECDHE_RSA_WITH_AES_128_GCM_SHA256;TLS_ECDHE_RSA_WITH_AES_128_CBC_SHA256;TLS_ECDHE_RSA_WITH_AES_128_CBC_SHA;TLS_DHE_RSA_WITH_AES_256_GCM_SHA384;TLS_DHE_RSA_WITH_AES_256_CBC_SHA;TLS_DHE_RSA_WITH_AES_128_GCM_SHA256;TLS_DHE_RSA_WITH_AES_128_CBC_SHA,10.0,0.526,9.0,0.474,TLS_RSA_WITH_RC4_128_SHA;TLS_RSA_WITH_RC4_128_MD5;TLS_RSA_WITH_AES_256_GCM_SHA384;TLS_RSA_WITH_AES_256_CBC_SHA256;TLS_RSA_WITH_AES_256_CBC_SHA;TLS_RSA_WITH_AES_128_GCM_SHA256;TLS_RSA_WITH_AES_128_CBC_SHA256;TLS_RSA_WITH_AES_128_CBC_SHA;TLS_RSA_WITH_3DES_EDE_CBC_SHA,0.0,1.0,1.0,0.0,0.0,0.0,1.0
digital.gob.es,214.0,54.0,0.252,2.0,demdex.net;everesttech.net,54.0,0.252,105.0,0.491,0.0,0.0,16.0,0.075,0.0,0.0,0.0,0.0,0.0,0.0,-7.0,0.0,388.0,95.0,73.0,0.768,5.0,adobedtm.com;demdex.net;omtrdc.net;everesttech.net;rum.hlx.page,72.0,0.758,0.0,0.0,3.0,23.0,2.0,1.0,0.0,0.0,0.0,34.0,4.0,9.0,19.0,1,1,0,0,1,1,4,,TLS_1_3,RSAPublicKey,2048.0,,"OU=AC RAIZ FNMT-RCM,O=FNMT-RCM,C=ES",76.0,6.0,TLS_CHACHA20_POLY1305_SHA256;TLS_AES_256_GCM_SHA384;TLS_AES_128_GCM_SHA256;TLS_ECDHE_RSA_WITH_CHACHA20_POLY1305_SHA256;TLS_ECDHE_RSA_WITH_AES_256_GCM_SHA384;TLS_ECDHE_RSA_WITH_AES_128_GCM_SHA256,3.0,0.5,0.0,0.0,,1.0,0.0,0.0,0.0,0.0,0.0,0.0
dsca.gob.es,1.0,0.0,0.0,0.0,,0.0,0.0,1.0,1.0,1.0,1.0,1.0,1.0,0.0,0.0,0.0,0.0,0.0,0.0,0.0,0.0,0.0,243.0,45.0,0.185,3.0,gstatic.com;jsdelivr.net;fonts.googleapis.com,45.0,0.185,0.0,0.0,27.0,33.0,0.0,2.0,0.0,0.0,0.0,57.0,124.0,0.0,0.0,0,0,0,0,1,1,2,,TLS_1_2,RSAPublicKey,2048.0,,"OU=AC RAIZ FNMT-RCM,O=FNMT-RCM,C=ES",26.0,22.0,TLS_RSA_WITH_CAMELLIA_256_CBC_SHA;TLS_RSA_WITH_CAMELLIA_128_CBC_SHA;TLS_RSA_WITH_AES_256_GCM_SHA384;TLS_RSA_WITH_AES_256_CBC_SHA256;TLS_RSA_WITH_AES_256_CBC_SHA;TLS_RSA_WITH_AES_128_GCM_SHA256;TLS_RSA_WITH_AES_128_CBC_SHA256;TLS_RSA_WITH_AES_128_CBC_SHA;TLS_ECDHE_RSA_WITH_AES_256_GCM_SHA384;TLS_ECDHE_RSA_WITH_AES_256_CBC_SHA384;TLS_ECDHE_RSA_WITH_AES_256_CBC_SHA;TLS_ECDHE_RSA_WITH_AES_128_GCM_SHA256;TLS_ECDHE_RSA_WITH_AES_128_CBC_SHA256;TLS_ECDHE_RSA_WITH_AES_128_CBC_SHA;TLS_DHE_RSA_WITH_CAMELLIA_256_CBC_SHA;TLS_DHE_RSA_WITH_CAMELLIA_128_CBC_SHA;TLS_DHE_RSA_WITH_AES_256_GCM_SHA384;TLS_DHE_RSA_WITH_AES_256_CBC_SHA256;TLS_DHE_RSA_WITH_AES_256_CBC_SHA;TLS_DHE_RSA_WITH_AES_128_GCM_SHA256;TLS_DHE_RSA_WITH_AES_128_CBC_SHA256;TLS_DHE_RSA_WITH_AES_128_CBC_SHA,14.0,0.636,8.0,0.364,TLS_RSA_WITH_CAMELLIA_256_CBC_SHA;TLS_RSA_WITH_CAMELLIA_128_CBC_SHA;TLS_RSA_WITH_AES_256_GCM_SHA384;TLS_RSA_WITH_AES_256_CBC_SHA256;TLS_RSA_WITH_AES_256_CBC_SHA;TLS_RSA_WITH_AES_128_GCM_SHA256;TLS_RSA_WITH_AES_128_CBC_SHA256;TLS_RSA_WITH_AES_128_CBC_SHA,0.0,0.0,0.0,0.0,0.0,0.0,0.0
educacionfpydeportes.gob.es,10.0,9.0,0.9,1.0,twitter.com,9.0,0.9,10.0,1.0,10.0,1.0,1.0,0.1,0.0,0.0,0.0,0.0,0.0,0.0,-12.0,0.0,0.0,144.0,77.0,0.535,2.0,insuit.net;twitter.com,77.0,0.535,0.0,0.0,13.0,37.0,0.0,2.0,0.0,0.0,0.0,40.0,19.0,14.0,19.0,1,1,0,0,1,1,4,,TLS_1_2,RSAPublicKey,2048.0,,"OU=AC RAIZ FNMT-RCM,O=FNMT-RCM,C=ES",53.0,14.0,TLS_RSA_WITH_CAMELLIA_256_CBC_SHA;TLS_RSA_WITH_CAMELLIA_128_CBC_SHA;TLS_RSA_WITH_AES_256_GCM_SHA384;TLS_RSA_WITH_AES_256_CBC_SHA256;TLS_RSA_WITH_AES_256_CBC_SHA;TLS_RSA_WITH_AES_128_GCM_SHA256;TLS_RSA_WITH_AES_128_CBC_SHA256;TLS_RSA_WITH_AES_128_CBC_SHA;TLS_ECDHE_RSA_WITH_AES_256_GCM_SHA384;TLS_ECDHE_RSA_WITH_AES_256_CBC_SHA384;TLS_ECDHE_RSA_WITH_AES_256_CBC_SHA;TLS_ECDHE_RSA_WITH_AES_128_GCM_SHA256;TLS_ECDHE_RSA_WITH_AES_128_CBC_SHA256;TLS_ECDHE_RSA_WITH_AES_128_CBC_SHA,6.0,0.429,8.0,0.571,TLS_RSA_WITH_CAMELLIA_256_CBC_SHA;TLS_RSA_WITH_CAMELLIA_128_CBC_SHA;TLS_RSA_WITH_AES_256_GCM_SHA384;TLS_RSA_WITH_AES_256_CBC_SHA256;TLS_RSA_WITH_AES_256_CBC_SHA;TLS_RSA_WITH_AES_128_GCM_SHA256;TLS_RSA_WITH_AES_128_CBC_SHA256;TLS_RSA_WITH_AES_128_CBC_SHA,0.0,0.0,0.0,0.0,0.0,0.0,0.0
esmovilidad.transportes.gob.es,1.0,0.0,0.0,0.0,,0.0,0.0,1.0,1.0,1.0,1.0,0.0,0.0,0.0,0.0,0.0,0.0,0.0,0.0,353.0,353.0,353.0,67.0,11.0,0.164,1.0,mitma.gob.es,0.0,0.0,0.0,0.0,2.0,52.0,0.0,1.0,4.0,0.0,0.0,5.0,3.0,0.0,0.0,1,0,0,1,1,1,4,,TLS_1_3,RSAPublicKey,2048.0,,"OU=AC RAIZ FNMT-RCM,O=FNMT-RCM,C=ES",53.0,47.0,TLS_CHACHA20_POLY1305_SHA256;TLS_AES_256_GCM_SHA384;TLS_AES_128_GCM_SHA256;TLS_RSA_WITH_CAMELLIA_256_CBC_SHA256;TLS_RSA_WITH_CAMELLIA_256_CBC_SHA;TLS_RSA_WITH_CAMELLIA_128_CBC_SHA256;TLS_RSA_WITH_CAMELLIA_128_CBC_SHA;TLS_RSA_WITH_ARIA_256_GCM_SHA384;TLS_RSA_WITH_ARIA_128_GCM_SHA256;TLS_RSA_WITH_AES_256_GCM_SHA384;TLS_RSA_WITH_AES_256_CCM_8;TLS_RSA_WITH_AES_256_CCM;TLS_RSA_WITH_AES_256_CBC_SHA256;TLS_RSA_WITH_AES_256_CBC_SHA;TLS_RSA_WITH_AES_128_GCM_SHA256;TLS_RSA_WITH_AES_128_CCM_8;TLS_RSA_WITH_AES_128_CCM;TLS_RSA_WITH_AES_128_CBC_SHA256;TLS_RSA_WITH_AES_128_CBC_SHA;TLS_ECDHE_RSA_WITH_CHACHA20_POLY1305_SHA256;TLS_ECDHE_RSA_WITH_CAMELLIA_256_CBC_SHA384;TLS_ECDHE_RSA_WITH_CAMELLIA_128_CBC_SHA256;TLS_ECDHE_RSA_WITH_ARIA_256_GCM_SHA384;TLS_ECDHE_RSA_WITH_ARIA_128_GCM_SHA256;TLS_ECDHE_RSA_WITH_AES_256_GCM_SHA384;TLS_ECDHE_RSA_WITH_AES_256_CBC_SHA384;TLS_ECDHE_RSA_WITH_AES_256_CBC_SHA;TLS_ECDHE_RSA_WITH_AES_128_GCM_SHA256;TLS_ECDHE_RSA_WITH_AES_128_CBC_SHA256;TLS_ECDHE_RSA_WITH_AES_128_CBC_SHA;TLS_DHE_RSA_WITH_CHACHA20_POLY1305_SHA256;TLS_DHE_RSA_WITH_CAMELLIA_256_CBC_SHA256;TLS_DHE_RSA_WITH_CAMELLIA_256_CBC_SHA;TLS_DHE_RSA_WITH_CAMELLIA_128_CBC_SHA256;TLS_DHE_RSA_WITH_CAMELLIA_128_CBC_SHA;TLS_DHE_RSA_WITH_ARIA_256_GCM_SHA384;TLS_DHE_RSA_WITH_ARIA_128_GCM_SHA256;TLS_DHE_RSA_WITH_AES_256_GCM_SHA384;TLS_DHE_RSA_WITH_AES_256_CCM_8;TLS_DHE_RSA_WITH_AES_256_CCM;TLS_DHE_RSA_WITH_AES_256_CBC_SHA256;TLS_DHE_RSA_WITH_AES_256_CBC_SHA;TLS_DHE_RSA_WITH_AES_128_GCM_SHA256;TLS_DHE_RSA_WITH_AES_128_CCM_8;TLS_DHE_RSA_WITH_AES_128_CCM;TLS_DHE_RSA_WITH_AES_128_CBC_SHA256;TLS_DHE_RSA_WITH_AES_128_CBC_SHA,28.0,0.596,16.0,0.34,TLS_RSA_WITH_CAMELLIA_256_CBC_SHA256;TLS_RSA_WITH_CAMELLIA_256_CBC_SHA;TLS_RSA_WITH_CAMELLIA_128_CBC_SHA256;TLS_RSA_WITH_CAMELLIA_128_CBC_SHA;TLS_RSA_WITH_ARIA_256_GCM_SHA384;TLS_RSA_WITH_ARIA_128_GCM_SHA256;TLS_RSA_WITH_AES_256_GCM_SHA384;TLS_RSA_WITH_AES_256_CCM_8;TLS_RSA_WITH_AES_256_CCM;TLS_RSA_WITH_AES_256_CBC_SHA256;TLS_RSA_WITH_AES_256_CBC_SHA;TLS_RSA_WITH_AES_128_GCM_SHA256;TLS_RSA_WITH_AES_128_CCM_8;TLS_RSA_WITH_AES_128_CCM;TLS_RSA_WITH_AES_128_CBC_SHA256;TLS_RSA_WITH_AES_128_CBC_SHA,1.0,0.0,0.0,0.0,0.0,0.0,0.0
espanadigital.gob.es,13.0,0.0,0.0,0.0,,0.0,0.0,3.0,0.231,2.0,0.154,2.0,0.154,0.0,0.0,0.0,0.0,0.0,0.0,-12.0,388.0,388.0,449.0,248.0,0.552,8.0,gstatic.com;insuit.net;fontawesome.com;fonts.googleapis.com;addtoany.com,248.0,0.552,0.0,0.0,54.0,35.0,0.0,1.0,0.0,0.0,0.0,162.0,127.0,14.0,56.0,1,1,0,1,1,1,5,,TLS_1_3,RSAPublicKey,2048.0,,"CN=HARICA TLS RSA Root CA 2021,O=Hellenic Academic and Research Institutions CA,C=GR",201.0,16.0,TLS_CHACHA20_POLY1305_SHA256;TLS_AES_256_GCM_SHA384;TLS_AES_128_GCM_SHA256;TLS_RSA_WITH_AES_256_GCM_SHA384;TLS_RSA_WITH_AES_256_CBC_SHA256;TLS_RSA_WITH_AES_256_CBC_SHA;TLS_RSA_WITH_AES_128_GCM_SHA256;TLS_RSA_WITH_AES_128_CBC_SHA256;TLS_RSA_WITH_AES_128_CBC_SHA;TLS_ECDHE_RSA_WITH_CHACHA20_POLY1305_SHA256;TLS_ECDHE_RSA_WITH_AES_256_GCM_SHA384;TLS_ECDHE_RSA_WITH_AES_256_CBC_SHA384;TLS_ECDHE_RSA_WITH_AES_256_CBC_SHA;TLS_ECDHE_RSA_WITH_AES_128_GCM_SHA256;TLS_ECDHE_RSA_WITH_AES_128_CBC_SHA256;TLS_ECDHE_RSA_WITH_AES_128_CBC_SHA,7.0,0.438,6.0,0.375,TLS_RSA_WITH_AES_256_GCM_SHA384;TLS_RSA_WITH_AES_256_CBC_SHA256;TLS_RSA_WITH_AES_256_CBC_SHA;TLS_RSA_WITH_AES_128_GCM_SHA256;TLS_RSA_WITH_AES_128_CBC_SHA256;TLS_RSA_WITH_AES_128_CBC_SHA,1.0,1.0,1.0,0.0,0.0,0.0,1.0
exteriores.gob.es,75.0,72.0,0.96,1.0,youtube.com,72.0,0.96,37.0,0.493,36.0,0.48,12.0,0.16,0.0,0.0,0.0,0.0,0.0,0.0,-12.0,0.0,168.0,299.0,234.0,0.783,7.0,youtube.com;google.com;jnn-pa.googleapis.com;doubleclick.net;gstatic.com,234.0,0.783,9.0,0.0,26.0,50.0,0.0,3.0,0.0,0.0,0.0,93.0,37.0,9.0,72.0,0,1,0,0,1,1,3,,TLS_1_3,RSAPublicKey,2048.0,,"OU=AC RAIZ FNMT-RCM,O=FNMT-RCM,C=ES",53.0,6.0,TLS_CHACHA20_POLY1305_SHA256;TLS_AES_256_GCM_SHA384;TLS_AES_128_GCM_SHA256;TLS_ECDHE_RSA_WITH_CHACHA20_POLY1305_SHA256;TLS_ECDHE_RSA_WITH_AES_256_GCM_SHA384;TLS_ECDHE_RSA_WITH_AES_128_GCM_SHA256,3.0,0.5,0.0,0.0,,0.0,1.0,1.0,0.0,0.0,0.0,1.0
firmaelectronica.gob.es,86.0,54.0,0.628,2.0,demdex.net;everesttech.net,54.0,0.628,41.0,0.477,0.0,0.0,16.0,0.186,0.0,0.0,0.0,0.0,0.0,0.0,-5.0,168.0,388.0,98.0,73.0,0.745,5.0,adobedtm.com;demdex.net;omtrdc.net;everesttech.net;rum.hlx.page,72.0,0.735,0.0,0.0,3.0,21.0,7.0,1.0,0.0,0.0,0.0,34.0,4.0,9.0,19.0,1,1,0,0,1,1,4,,TLS_1_3,RSAPublicKey,2048.0,,"OU=AC RAIZ FNMT-RCM,O=FNMT-RCM,C=ES",227.0,6.0,TLS_CHACHA20_POLY1305_SHA256;TLS_AES_256_GCM_SHA384;TLS_AES_128_GCM_SHA256;TLS_ECDHE_RSA_WITH_CHACHA20_POLY1305_SHA256;TLS_ECDHE_RSA_WITH_AES_256_GCM_SHA384;TLS_ECDHE_RSA_WITH_AES_128_GCM_SHA256,3.0,0.5,0.0,0.0,,1.0,0.0,0.0,0.0,0.0,0.0,0.0
futuros.gob.es,22.0,0.0,0.0,0.0,,0.0,0.0,1.0,0.045,1.0,0.045,1.0,0.045,0.0,9.0,0.0,0.0,0.409,0.0,-12.0,353.0,388.0,329.0,244.0,0.742,10.0,onetrust.com;gstatic.com;jsdelivr.net;googletagmanager.com;cloudflare.com,244.0,0.742,9.0,0.0,45.0,25.0,0.0,1.0,0.0,0.0,0.0,106.0,71.0,0.0,72.0,1,0,0,1,1,1,4,certinfo_error ('NoneType' object has no attribute 'get'),,,0.0,,,0.0,0.0,,0.0,0.0,0.0,0.0,,0.0,0.0,0.0,0.0,0.0,0.0,0.0
generaciond.gob.es,8.0,0.0,0.0,0.0,,0.0,0.0,0.0,0.0,0.0,0.0,0.0,0.0,0.0,0.0,0.0,0.0,0.0,0.0,388.0,388.0,388.0,204.0,110.0,0.539,7.0,gstatic.com;jsdelivr.net;unpkg.com;google-analytics.com;googletagmanager.com,110.0,0.539,0.0,0.0,45.0,17.0,0.0,1.0,4.0,0.0,0.0,38.0,81.0,0.0,18.0,1,0,0,1,1,1,4,,TLS_1_3,RSAPublicKey,2048.0,,"OU=AC RAIZ FNMT-RCM,O=FNMT-RCM,C=ES",54.0,4.0,TLS_AES_256_GCM_SHA384;TLS_AES_128_GCM_SHA256;TLS_ECDHE_RSA_WITH_AES_256_GCM_SHA384;TLS_ECDHE_RSA_WITH_AES_128_GCM_SHA256,2.0,0.5,0.0,0.0,,1.0,0.0,0.0,0.0,0.0,0.0,0.0
hacienda.gob.es,308.0,9.0,0.029,1.0,twitter.com,9.0,0.029,9.0,0.029,9.0,0.029,298.0,0.968,0.0,0.0,0.0,0.0,0.0,0.0,-12.0,0.0,388.0,189.0,81.0,0.429,3.0,twitter.com;gstatic.com;fonts.googleapis.com,81.0,0.429,0.0,0.0,27.0,67.0,0.0,4.0,0.0,0.0,0.0,43.0,19.0,18.0,11.0,1,1,0,0,1,1,4,,TLS_1_2,RSAPublicKey,2048.0,,"OU=AC RAIZ FNMT-RCM,O=FNMT-RCM,C=ES",201.0,4.0,TLS_ECDHE_RSA_WITH_AES_256_GCM_SHA384;TLS_ECDHE_RSA_WITH_AES_128_GCM_SHA256;TLS_DHE_RSA_WITH_AES_256_GCM_SHA384;TLS_DHE_RSA_WITH_AES_128_GCM_SHA256,4.0,1.0,0.0,0.0,,1.0,1.0,1.0,0.0,0.0,0.0,1.0
igae.pap.hacienda.gob.es,200.0,0.0,0.0,0.0,,0.0,0.0,199.0,0.995,8.0,0.04,193.0,0.965,0.0,0.0,0.0,0.0,0.0,0.0,-11.0,0.0,0.0,75.0,9.0,0.12,1.0,cloudflare.com,9.0,0.12,0.0,0.0,0.0,26.0,0.0,2.0,0.0,0.0,0.0,25.0,18.0,0.0,4.0,1,1,1,1,1,1,6,,,,0.0,,,0.0,0.0,,0.0,0.0,0.0,0.0,,0.0,1.0,1.0,0.0,0.0,0.0,1.0
igualdad.gob.es,17.0,9.0,0.529,1.0,translate-pa.googleapis.com,9.0,0.529,0.0,0.0,9.0,0.529,0.0,0.0,0.0,0.0,0.0,0.0,0.0,0.0,171.0,171.0,388.0,157.0,99.0,0.631,6.0,gstatic.com;google.com;google-analytics.com;googletagmanager.com;translate.googleapis.com,99.0,0.631,0.0,0.0,7.0,56.0,0.0,1.0,0.0,0.0,0.0,48.0,27.0,0.0,18.0,1,1,1,1,1,1,6,,,,0.0,,,0.0,0.0,,0.0,0.0,0.0,0.0,,0.0,1.0,1.0,0.0,0.0,0.0,1.0
igualdad.sede.gob.es,3.0,0.0,0.0,0.0,,0.0,0.0,3.0,1.0,3.0,1.0,3.0,1.0,0.0,2.0,0.0,0.0,0.667,0.0,0.0,0.0,0.0,102.0,81.0,0.794,1.0,redsara.es,81.0,0.794,0.0,0.0,4.0,15.0,0.0,1.0,0.0,0.0,0.0,80.0,2.0,0.0,0.0,1,0,0,1,1,1,4,,TLS_1_3,RSAPublicKey,2048.0,,"OU=AC RAIZ FNMT-RCM,O=FNMT-RCM,C=ES",298.0,4.0,TLS_AES_256_GCM_SHA384;TLS_AES_128_GCM_SHA256;TLS_ECDHE_RSA_WITH_AES_256_GCM_SHA384;TLS_ECDHE_RSA_WITH_AES_128_GCM_SHA256,2.0,0.5,0.0,0.0,,1.0,0.0,0.0,0.0,0.0,0.0,0.0
inclasns.sanidad.gob.es,8.0,0.0,0.0,0.0,,0.0,0.0,0.0,0.0,0.0,0.0,0.0,0.0,0.0,0.0,0.0,0.0,0.0,0.0,388.0,388.0,388.0,115.0,54.0,0.47,4.0,google-analytics.com;gstatic.com;googletagmanager.com;fonts.googleapis.com,54.0,0.47,0.0,0.0,19.0,12.0,0.0,1.0,0.0,1.0,0.0,45.0,19.0,0.0,18.0,1,0,0,0,1,1,3,,TLS_1_3,ECPublicKey,256.0,secp256r1,"CN=ISRG Root X1,O=Internet Security Research Group,C=US",59.0,6.0,TLS_CHACHA20_POLY1305_SHA256;TLS_AES_256_GCM_SHA384;TLS_AES_128_GCM_SHA256;TLS_ECDHE_ECDSA_WITH_CHACHA20_POLY1305_SHA256;TLS_ECDHE_ECDSA_WITH_AES_256_GCM_SHA384;TLS_ECDHE_ECDSA_WITH_AES_128_GCM_SHA256,3.0,0.5,0.0,0.0,,1.0,0.0,0.0,0.0,0.0,0.0,0.0
inclusion.gob.es,19.0,9.0,0.474,1.0,twitter.com,9.0,0.474,16.0,0.842,12.0,0.632,2.0,0.105,0.0,0.0,0.0,0.0,0.0,0.0,-12.0,0.0,388.0,668.0,524.0,0.784,6.0,cdninstagram.com;insuit.net;twitter.com;google-analytics.com;instagram.com,524.0,0.784,0.0,9.0,16.0,131.0,0.0,1.0,0.0,0.0,2.0,364.0,78.0,32.0,35.0,1,1,0,0,1,1,4,,TLS_1_3,RSAPublicKey,2048.0,,"OU=AC Componentes Informáticos,O=FNMT-RCM,C=ES",54.0,16.0,TLS_CHACHA20_POLY1305_SHA256;TLS_AES_256_GCM_SHA384;TLS_AES_128_GCM_SHA256;TLS_RSA_WITH_AES_256_GCM_SHA384;TLS_RSA_WITH_AES_256_CBC_SHA256;TLS_RSA_WITH_AES_256_CBC_SHA;TLS_RSA_WITH_AES_128_GCM_SHA256;TLS_RSA_WITH_AES_128_CBC_SHA256;TLS_RSA_WITH_AES_128_CBC_SHA;TLS_ECDHE_RSA_WITH_CHACHA20_POLY1305_SHA256;TLS_ECDHE_RSA_WITH_AES_256_GCM_SHA384;TLS_ECDHE_RSA_WITH_AES_256_CBC_SHA384;TLS_ECDHE_RSA_WITH_AES_256_CBC_SHA;TLS_ECDHE_RSA_WITH_AES_128_GCM_SHA256;TLS_ECDHE_RSA_WITH_AES_128_CBC_SHA256;TLS_ECDHE_RSA_WITH_AES_128_CBC_SHA,7.0,0.438,6.0,0.375,TLS_RSA_WITH_AES_256_GCM_SHA384;TLS_RSA_WITH_AES_256_CBC_SHA256;TLS_RSA_WITH_AES_256_CBC_SHA;TLS_RSA_WITH_AES_128_GCM_SHA256;TLS_RSA_WITH_AES_128_CBC_SHA256;TLS_RSA_WITH_AES_128_CBC_SHA,1.0,0.0,0.0,0.0,0.0,0.0,0.0
ingesa.sanidad.gob.es,2.0,0.0,0.0,0.0,,0.0,0.0,0.0,0.0,1.0,0.5,2.0,1.0,0.0,2.0,0.0,0.0,1.0,0.0,0.0,0.0,0.0,55.0,9.0,0.164,1.0,jsdelivr.net,9.0,0.164,0.0,0.0,5.0,29.0,0.0,1.0,0.0,0.0,0.0,15.0,5.0,0.0,0.0,1,1,0,1,1,1,5,,TLS_1_3,RSAPublicKey,2048.0,,"CN=DigiCert Global Root G2,OU=www.digicert.com,O=DigiCert Inc,C=US",107.0,47.0,TLS_CHACHA20_POLY1305_SHA256;TLS_AES_256_GCM_SHA384;TLS_AES_128_GCM_SHA256;TLS_RSA_WITH_CAMELLIA_256_CBC_SHA256;TLS_RSA_WITH_CAMELLIA_256_CBC_SHA;TLS_RSA_WITH_CAMELLIA_128_CBC_SHA256;TLS_RSA_WITH_CAMELLIA_128_CBC_SHA;TLS_RSA_WITH_ARIA_256_GCM_SHA384;TLS_RSA_WITH_ARIA_128_GCM_SHA256;TLS_RSA_WITH_AES_256_GCM_SHA384;TLS_RSA_WITH_AES_256_CCM_8;TLS_RSA_WITH_AES_256_CCM;TLS_RSA_WITH_AES_256_CBC_SHA256;TLS_RSA_WITH_AES_256_CBC_SHA;TLS_RSA_WITH_AES_128_GCM_SHA256;TLS_RSA_WITH_AES_128_CCM_8;TLS_RSA_WITH_AES_128_CCM;TLS_RSA_WITH_AES_128_CBC_SHA256;TLS_RSA_WITH_AES_128_CBC_SHA;TLS_ECDHE_RSA_WITH_CHACHA20_POLY1305_SHA256;TLS_ECDHE_RSA_WITH_CAMELLIA_256_CBC_SHA384;TLS_ECDHE_RSA_WITH_CAMELLIA_128_CBC_SHA256;TLS_ECDHE_RSA_WITH_ARIA_256_GCM_SHA384;TLS_ECDHE_RSA_WITH_ARIA_128_GCM_SHA256;TLS_ECDHE_RSA_WITH_AES_256_GCM_SHA384;TLS_ECDHE_RSA_WITH_AES_256_CBC_SHA384;TLS_ECDHE_RSA_WITH_AES_256_CBC_SHA;TLS_ECDHE_RSA_WITH_AES_128_GCM_SHA256;TLS_ECDHE_RSA_WITH_AES_128_CBC_SHA256;TLS_ECDHE_RSA_WITH_AES_128_CBC_SHA;TLS_DHE_RSA_WITH_CHACHA20_POLY1305_SHA256;TLS_DHE_RSA_WITH_CAMELLIA_256_CBC_SHA256;TLS_DHE_RSA_WITH_CAMELLIA_256_CBC_SHA;TLS_DHE_RSA_WITH_CAMELLIA_128_CBC_SHA256;TLS_DHE_RSA_WITH_CAMELLIA_128_CBC_SHA;TLS_DHE_RSA_WITH_ARIA_256_GCM_SHA384;TLS_DHE_RSA_WITH_ARIA_128_GCM_SHA256;TLS_DHE_RSA_WITH_AES_256_GCM_SHA384;TLS_DHE_RSA_WITH_AES_256_CCM_8;TLS_DHE_RSA_WITH_AES_256_CCM;TLS_DHE_RSA_WITH_AES_256_CBC_SHA256;TLS_DHE_RSA_WITH_AES_256_CBC_SHA;TLS_DHE_RSA_WITH_AES_128_GCM_SHA256;TLS_DHE_RSA_WITH_AES_128_CCM_8;TLS_DHE_RSA_WITH_AES_128_CCM;TLS_DHE_RSA_WITH_AES_128_CBC_SHA256;TLS_DHE_RSA_WITH_AES_128_CBC_SHA,28.0,0.596,16.0,0.34,TLS_RSA_WITH_CAMELLIA_256_CBC_SHA256;TLS_RSA_WITH_CAMELLIA_256_CBC_SHA;TLS_RSA_WITH_CAMELLIA_128_CBC_SHA256;TLS_RSA_WITH_CAMELLIA_128_CBC_SHA;TLS_RSA_WITH_ARIA_256_GCM_SHA384;TLS_RSA_WITH_ARIA_128_GCM_SHA256;TLS_RSA_WITH_AES_256_GCM_SHA384;TLS_RSA_WITH_AES_256_CCM_8;TLS_RSA_WITH_AES_256_CCM;TLS_RSA_WITH_AES_256_CBC_SHA256;TLS_RSA_WITH_AES_256_CBC_SHA;TLS_RSA_WITH_AES_128_GCM_SHA256;TLS_RSA_WITH_AES_128_CCM_8;TLS_RSA_WITH_AES_128_CCM;TLS_RSA_WITH_AES_128_CBC_SHA256;TLS_RSA_WITH_AES_128_CBC_SHA,1.0,0.0,0.0,0.0,0.0,0.0,0.0
interior.gob.es,0.0,0.0,0.0,0.0,,0.0,0.0,0.0,0.0,0.0,0.0,0.0,0.0,0.0,0.0,0.0,0.0,0.0,0.0,0.0,0.0,0.0,164.0,111.0,0.677,5.0,jsdelivr.net;cloudflare.com;fonts.googleapis.com;gstatic.com;mir.es,111.0,0.677,1.0,0.0,70.0,30.0,1.0,3.0,0.0,0.0,0.0,26.0,33.0,0.0,0.0,1,0,0,0,1,0,2,,TLS_1_2,RSAPublicKey,2048.0,,"OU=AC Componentes Informáticos,O=FNMT-RCM,C=ES",53.0,22.0,TLS_RSA_WITH_CAMELLIA_256_CBC_SHA;TLS_RSA_WITH_CAMELLIA_128_CBC_SHA;TLS_RSA_WITH_AES_256_GCM_SHA384;TLS_RSA_WITH_AES_256_CBC_SHA256;TLS_RSA_WITH_AES_256_CBC_SHA;TLS_RSA_WITH_AES_128_GCM_SHA256;TLS_RSA_WITH_AES_128_CBC_SHA256;TLS_RSA_WITH_AES_128_CBC_SHA;TLS_ECDHE_RSA_WITH_AES_256_GCM_SHA384;TLS_ECDHE_RSA_WITH_AES_256_CBC_SHA384;TLS_ECDHE_RSA_WITH_AES_256_CBC_SHA;TLS_ECDHE_RSA_WITH_AES_128_GCM_SHA256;TLS_ECDHE_RSA_WITH_AES_128_CBC_SHA256;TLS_ECDHE_RSA_WITH_AES_128_CBC_SHA;TLS_DHE_RSA_WITH_CAMELLIA_256_CBC_SHA;TLS_DHE_RSA_WITH_CAMELLIA_128_CBC_SHA;TLS_DHE_RSA_WITH_AES_256_GCM_SHA384;TLS_DHE_RSA_WITH_AES_256_CBC_SHA256;TLS_DHE_RSA_WITH_AES_256_CBC_SHA;TLS_DHE_RSA_WITH_AES_128_GCM_SHA256;TLS_DHE_RSA_WITH_AES_128_CBC_SHA256;TLS_DHE_RSA_WITH_AES_128_CBC_SHA,14.0,0.636,8.0,0.364,TLS_RSA_WITH_CAMELLIA_256_CBC_SHA;TLS_RSA_WITH_CAMELLIA_128_CBC_SHA;TLS_RSA_WITH_AES_256_GCM_SHA384;TLS_RSA_WITH_AES_256_CBC_SHA256;TLS_RSA_WITH_AES_256_CBC_SHA;TLS_RSA_WITH_AES_128_GCM_SHA256;TLS_RSA_WITH_AES_128_CBC_SHA256;TLS_RSA_WITH_AES_128_CBC_SHA,1.0,0.0,0.0,0.0,0.0,0.0,0.0
juventudeinfancia.gob.es,18.0,9.0,0.5,1.0,twitter.com,9.0,0.5,10.0,0.556,10.0,0.556,1.0,0.056,0.0,0.0,0.0,0.0,0.0,0.0,-12.0,0.0,388.0,320.0,126.0,0.394,6.0,twitter.com;gstatic.com;google-analytics.com;jsdelivr.net;googletagmanager.com,126.0,0.394,0.0,0.0,30.0,24.0,0.0,3.0,0.0,0.0,0.0,94.0,124.0,18.0,27.0,0,0,0,0,1,1,2,,TLS_1_2,RSAPublicKey,2048.0,,"OU=AC Componentes Informáticos,O=FNMT-RCM,C=ES",341.0,21.0,TLS_RSA_WITH_CAMELLIA_256_CBC_SHA;TLS_RSA_WITH_CAMELLIA_128_CBC_SHA;TLS_RSA_WITH_AES_256_GCM_SHA384;TLS_RSA_WITH_AES_256_CCM_8;TLS_RSA_WITH_AES_256_CCM;TLS_RSA_WITH_AES_256_CBC_SHA256;TLS_RSA_WITH_AES_256_CBC_SHA;TLS_RSA_WITH_AES_128_GCM_SHA256;TLS_RSA_WITH_AES_128_CCM_8;TLS_RSA_WITH_AES_128_CCM;TLS_RSA_WITH_AES_128_CBC_SHA256;TLS_RSA_WITH_AES_128_CBC_SHA;TLS_RSA_WITH_3DES_EDE_CBC_SHA;TLS_ECDHE_RSA_WITH_CHACHA20_POLY1305_SHA256;TLS_ECDHE_RSA_WITH_AES_256_GCM_SHA384;TLS_ECDHE_RSA_WITH_AES_256_CBC_SHA384;TLS_ECDHE_RSA_WITH_AES_256_CBC_SHA;TLS_ECDHE_RSA_WITH_AES_128_GCM_SHA256;TLS_ECDHE_RSA_WITH_AES_128_CBC_SHA256;TLS_ECDHE_RSA_WITH_AES_128_CBC_SHA;TLS_ECDHE_RSA_WITH_3DES_EDE_CBC_SHA,8.0,0.381,14.0,0.667,TLS_RSA_WITH_CAMELLIA_256_CBC_SHA;TLS_RSA_WITH_CAMELLIA_128_CBC_SHA;TLS_RSA_WITH_AES_256_GCM_SHA384;TLS_RSA_WITH_AES_256_CCM_8;TLS_RSA_WITH_AES_256_CCM;TLS_RSA_WITH_AES_256_CBC_SHA256;TLS_RSA_WITH_AES_256_CBC_SHA;TLS_RSA_WITH_AES_128_GCM_SHA256;TLS_RSA_WITH_AES_128_CCM_8;TLS_RSA_WITH_AES_128_CCM;TLS_RSA_WITH_AES_128_CBC_SHA256;TLS_RSA_WITH_AES_128_CBC_SHA;TLS_RSA_WITH_3DES_EDE_CBC_SHA;TLS_ECDHE_RSA_WITH_3DES_EDE_CBC_SHA,0.0,0.0,0.0,0.0,0.0,0.0,0.0
lamoncloa.gob.es,6.0,0.0,0.0,0.0,,0.0,0.0,6.0,1.0,3.0,0.5,0.0,0.0,0.0,0.0,0.0,0.0,0.0,0.0,353.0,388.0,388.0,84.0,18.0,0.214,1.0,google-analytics.com,18.0,0.214,0.0,0.0,3.0,44.0,0.0,4.0,0.0,0.0,0.0,4.0,11.0,0.0,18.0,1,1,0,0,1,1,4,certinfo_error ('NoneType' object has no attribute 'get'),,,0.0,,,0.0,0.0,,0.0,0.0,0.0,0.0,,0.0,0.0,0.0,0.0,0.0,0.0,0.0
lssi.digital.gob.es,0.0,0.0,0.0,0.0,,0.0,0.0,0.0,0.0,0.0,0.0,0.0,0.0,0.0,0.0,0.0,0.0,0.0,0.0,0.0,0.0,0.0,0.0,0.0,0.0,0.0,,0.0,0.0,0.0,0.0,0.0,0.0,0.0,0.0,0.0,0.0,0.0,0.0,0.0,0.0,0.0,0,1,0,0,1,1,3,,,,0.0,,,0.0,0.0,,0.0,0.0,0.0,0.0,,0.0,0.0,0.0,0.0,0.0,0.0,0.0
mapa.gob.es,165.0,81.0,0.491,2.0,youtube.com;twitter.com,81.0,0.491,45.0,0.273,128.0,0.776,93.0,0.564,0.0,0.0,0.0,0.0,0.0,0.0,-12.0,0.0,168.0,331.0,243.0,0.734,8.0,youtube.com;twitter.com;jnn-pa.googleapis.com;doubleclick.net;gstatic.com,243.0,0.734,9.0,0.0,25.0,72.0,0.0,2.0,0.0,0.0,0.0,93.0,22.0,27.0,81.0,1,1,0,0,1,1,4,,TLS_1_3,RSAPublicKey,2048.0,,"OU=AC RAIZ FNMT-RCM,O=FNMT-RCM,C=ES",54.0,20.0,TLS_CHACHA20_POLY1305_SHA256;TLS_AES_256_GCM_SHA384;TLS_AES_128_GCM_SHA256;TLS_RSA_WITH_AES_256_GCM_SHA384;TLS_RSA_WITH_AES_256_CBC_SHA256;TLS_RSA_WITH_AES_256_CBC_SHA;TLS_RSA_WITH_AES_128_GCM_SHA256;TLS_RSA_WITH_AES_128_CBC_SHA256;TLS_RSA_WITH_AES_128_CBC_SHA;TLS_ECDHE_RSA_WITH_AES_256_GCM_SHA384;TLS_ECDHE_RSA_WITH_AES_256_CBC_SHA384;TLS_ECDHE_RSA_WITH_AES_256_CBC_SHA;TLS_ECDHE_RSA_WITH_AES_128_GCM_SHA256;TLS_ECDHE_RSA_WITH_AES_128_CBC_SHA256;TLS_DHE_RSA_WITH_AES_256_GCM_SHA384;TLS_DHE_RSA_WITH_AES_256_CBC_SHA256;TLS_DHE_RSA_WITH_AES_256_CBC_SHA;TLS_DHE_RSA_WITH_AES_128_GCM_SHA256;TLS_DHE_RSA_WITH_AES_128_CBC_SHA256;TLS_DHE_RSA_WITH_AES_128_CBC_SHA,11.0,0.55,6.0,0.3,TLS_RSA_WITH_AES_256_GCM_SHA384;TLS_RSA_WITH_AES_256_CBC_SHA256;TLS_RSA_WITH_AES_256_CBC_SHA;TLS_RSA_WITH_AES_128_GCM_SHA256;TLS_RSA_WITH_AES_128_CBC_SHA256;TLS_RSA_WITH_AES_128_CBC_SHA,1.0,0.0,0.0,0.0,0.0,0.0,0.0
mapaoficialcarreteras.transportes.gob.es,15.0,0.0,0.0,0.0,,0.0,0.0,3.0,0.2,1.0,0.067,0.0,0.0,0.0,0.0,0.0,0.0,0.0,0.0,-12.0,388.0,388.0,258.0,126.0,0.488,5.0,gstatic.com;fonts.googleapis.com;google-analytics.com;googletagmanager.com;azure.com,126.0,0.488,0.0,0.0,37.0,96.0,0.0,1.0,0.0,0.0,0.0,21.0,29.0,0.0,74.0,1,0,0,1,1,1,4,,TLS_1_3,RSAPublicKey,2048.0,,"OU=AC RAIZ FNMT-RCM,O=FNMT-RCM,C=ES",53.0,46.0,TLS_CHACHA20_POLY1305_SHA256;TLS_AES_256_GCM_SHA384;TLS_AES_128_GCM_SHA256;TLS_RSA_WITH_CAMELLIA_256_CBC_SHA256;TLS_RSA_WITH_CAMELLIA_256_CBC_SHA;TLS_RSA_WITH_CAMELLIA_128_CBC_SHA256;TLS_RSA_WITH_CAMELLIA_128_CBC_SHA;TLS_RSA_WITH_ARIA_256_GCM_SHA384;TLS_RSA_WITH_ARIA_128_GCM_SHA256;TLS_RSA_WITH_AES_256_GCM_SHA384;TLS_RSA_WITH_AES_256_CCM_8;TLS_RSA_WITH_AES_256_CCM;TLS_RSA_WITH_AES_256_CBC_SHA256;TLS_RSA_WITH_AES_256_CBC_SHA;TLS_RSA_WITH_AES_128_GCM_SHA256;TLS_RSA_WITH_AES_128_CCM_8;TLS_RSA_WITH_AES_128_CCM;TLS_RSA_WITH_AES_128_CBC_SHA256;TLS_RSA_WITH_AES_128_CBC_SHA;TLS_ECDHE_RSA_WITH_CHACHA20_POLY1305_SHA256;TLS_ECDHE_RSA_WITH_CAMELLIA_256_CBC_SHA384;TLS_ECDHE_RSA_WITH_ARIA_256_GCM_SHA384;TLS_ECDHE_RSA_WITH_ARIA_128_GCM_SHA256;TLS_ECDHE_RSA_WITH_AES_256_GCM_SHA384;TLS_ECDHE_RSA_WITH_AES_256_CBC_SHA384;TLS_ECDHE_RSA_WITH_AES_256_CBC_SHA;TLS_ECDHE_RSA_WITH_AES_128_GCM_SHA256;TLS_ECDHE_RSA_WITH_AES_128_CBC_SHA256;TLS_ECDHE_RSA_WITH_AES_128_CBC_SHA;TLS_DHE_RSA_WITH_CHACHA20_POLY1305_SHA256;TLS_DHE_RSA_WITH_CAMELLIA_256_CBC_SHA256;TLS_DHE_RSA_WITH_CAMELLIA_256_CBC_SHA;TLS_DHE_RSA_WITH_CAMELLIA_128_CBC_SHA256;TLS_DHE_RSA_WITH_CAMELLIA_128_CBC_SHA;TLS_DHE_RSA_WITH_ARIA_256_GCM_SHA384;TLS_DHE_RSA_WITH_ARIA_128_GCM_SHA256;TLS_DHE_RSA_WITH_AES_256_GCM_SHA384;TLS_DHE_RSA_WITH_AES_256_CCM_8;TLS_DHE_RSA_WITH_AES_256_CCM;TLS_DHE_RSA_WITH_AES_256_CBC_SHA256;TLS_DHE_RSA_WITH_AES_256_CBC_SHA;TLS_DHE_RSA_WITH_AES_128_GCM_SHA256;TLS_DHE_RSA_WITH_AES_128_CCM_8;TLS_DHE_RSA_WITH_AES_128_CCM;TLS_DHE_RSA_WITH_AES_128_CBC_SHA256;TLS_DHE_RSA_WITH_AES_128_CBC_SHA,27.0,0.587,16.0,0.348,TLS_RSA_WITH_CAMELLIA_256_CBC_SHA256;TLS_RSA_WITH_CAMELLIA_256_CBC_SHA;TLS_RSA_WITH_CAMELLIA_128_CBC_SHA256;TLS_RSA_WITH_CAMELLIA_128_CBC_SHA;TLS_RSA_WITH_ARIA_256_GCM_SHA384;TLS_RSA_WITH_ARIA_128_GCM_SHA256;TLS_RSA_WITH_AES_256_GCM_SHA384;TLS_RSA_WITH_AES_256_CCM_8;TLS_RSA_WITH_AES_256_CCM;TLS_RSA_WITH_AES_256_CBC_SHA256;TLS_RSA_WITH_AES_256_CBC_SHA;TLS_RSA_WITH_AES_128_GCM_SHA256;TLS_RSA_WITH_AES_128_CCM_8;TLS_RSA_WITH_AES_128_CCM;TLS_RSA_WITH_AES_128_CBC_SHA256;TLS_RSA_WITH_AES_128_CBC_SHA,1.0,1.0,1.0,0.0,0.0,0.0,1.0
mapas.fomento.gob.es,0.0,0.0,0.0,0.0,,0.0,0.0,0.0,0.0,0.0,0.0,0.0,0.0,0.0,0.0,0.0,0.0,0.0,0.0,0.0,0.0,0.0,3.0,0.0,0.0,0.0,,0.0,0.0,0.0,0.0,0.0,2.0,0.0,1.0,0.0,0.0,0.0,0.0,0.0,0.0,0.0,0,0,0,0,0,0,0,,TLS_1_3,RSAPublicKey,2048.0,,"OU=AC RAIZ FNMT-RCM,O=FNMT-RCM,C=ES",75.0,16.0,TLS_AES_256_GCM_SHA384;TLS_AES_128_GCM_SHA256;TLS_RSA_WITH_AES_256_GCM_SHA384;TLS_RSA_WITH_AES_256_CBC_SHA256;TLS_RSA_WITH_AES_256_CBC_SHA;TLS_RSA_WITH_AES_128_GCM_SHA256;TLS_RSA_WITH_AES_128_CBC_SHA256;TLS_RSA_WITH_AES_128_CBC_SHA;TLS_ECDHE_RSA_WITH_AES_256_GCM_SHA384;TLS_ECDHE_RSA_WITH_AES_256_CBC_SHA384;TLS_ECDHE_RSA_WITH_AES_256_CBC_SHA;TLS_ECDHE_RSA_WITH_AES_128_GCM_SHA256;TLS_ECDHE_RSA_WITH_AES_128_CBC_SHA256;TLS_ECDHE_RSA_WITH_AES_128_CBC_SHA;TLS_DHE_RSA_WITH_AES_256_GCM_SHA384;TLS_DHE_RSA_WITH_AES_128_GCM_SHA256,8.0,0.5,6.0,0.375,TLS_RSA_WITH_AES_256_GCM_SHA384;TLS_RSA_WITH_AES_256_CBC_SHA256;TLS_RSA_WITH_AES_256_CBC_SHA;TLS_RSA_WITH_AES_128_GCM_SHA256;TLS_RSA_WITH_AES_128_CBC_SHA256;TLS_RSA_WITH_AES_128_CBC_SHA,0.0,0.0,0.0,0.0,0.0,0.0,0.0
mintur.gob.es,0.0,0.0,0.0,0.0,,0.0,0.0,0.0,0.0,0.0,0.0,0.0,0.0,0.0,0.0,0.0,0.0,0.0,0.0,0.0,0.0,0.0,176.0,97.0,0.551,6.0,fonts.googleapis.com;readspeaker.com;unpkg.com;googletagmanager.com;ajax.googleapis.com,97.0,0.551,0.0,0.0,3.0,55.0,0.0,4.0,0.0,0.0,0.0,69.0,36.0,9.0,0.0,0,1,0,0,1,1,3,,TLS_1_2,RSAPublicKey,2048.0,,"CN=Autoridad de Certificacion Firmaprofesional CIF A62634068,C=ES",152.0,22.0,TLS_RSA_WITH_CAMELLIA_256_CBC_SHA;TLS_RSA_WITH_CAMELLIA_128_CBC_SHA;TLS_RSA_WITH_AES_256_GCM_SHA384;TLS_RSA_WITH_AES_256_CBC_SHA256;TLS_RSA_WITH_AES_256_CBC_SHA;TLS_RSA_WITH_AES_128_GCM_SHA256;TLS_RSA_WITH_AES_128_CBC_SHA256;TLS_RSA_WITH_AES_128_CBC_SHA;TLS_ECDHE_RSA_WITH_AES_256_GCM_SHA384;TLS_ECDHE_RSA_WITH_AES_256_CBC_SHA384;TLS_ECDHE_RSA_WITH_AES_256_CBC_SHA;TLS_ECDHE_RSA_WITH_AES_128_GCM_SHA256;TLS_ECDHE_RSA_WITH_AES_128_CBC_SHA256;TLS_ECDHE_RSA_WITH_AES_128_CBC_SHA;TLS_DHE_RSA_WITH_CAMELLIA_256_CBC_SHA;TLS_DHE_RSA_WITH_CAMELLIA_128_CBC_SHA;TLS_DHE_RSA_WITH_AES_256_GCM_SHA384;TLS_DHE_RSA_WITH_AES_256_CBC_SHA256;TLS_DHE_RSA_WITH_AES_256_CBC_SHA;TLS_DHE_RSA_WITH_AES_128_GCM_SHA256;TLS_DHE_RSA_WITH_AES_128_CBC_SHA256;TLS_DHE_RSA_WITH_AES_128_CBC_SHA,14.0,0.636,8.0,0.364,TLS_RSA_WITH_CAMELLIA_256_CBC_SHA;TLS_RSA_WITH_CAMELLIA_128_CBC_SHA;TLS_RSA_WITH_AES_256_GCM_SHA384;TLS_RSA_WITH_AES_256_CBC_SHA256;TLS_RSA_WITH_AES_256_CBC_SHA;TLS_RSA_WITH_AES_128_GCM_SHA256;TLS_RSA_WITH_AES_128_CBC_SHA256;TLS_RSA_WITH_AES_128_CBC_SHA,0.0,1.0,1.0,0.0,0.0,0.0,1.0
miteco.gob.es,15.0,9.0,0.6,1.0,twitter.com,9.0,0.6,9.0,0.6,9.0,0.6,6.0,0.4,0.0,0.0,0.0,0.0,0.0,0.0,-12.0,0.0,0.0,238.0,190.0,0.798,9.0,youtube-nocookie.com;jnn-pa.googleapis.com;adobedtm.com;gstatic.com;twitter.com,189.0,0.794,0.0,0.0,25.0,54.0,0.0,1.0,0.0,0.0,0.0,81.0,14.0,18.0,45.0,1,1,1,1,1,1,6,,TLS_1_3,RSAPublicKey,2048.0,,"OU=AC RAIZ FNMT-RCM,O=FNMT-RCM,C=ES",287.0,8.0,TLS_AES_256_GCM_SHA384;TLS_AES_128_GCM_SHA256;TLS_ECDHE_RSA_WITH_AES_256_GCM_SHA384;TLS_ECDHE_RSA_WITH_AES_256_CBC_SHA384;TLS_ECDHE_RSA_WITH_AES_128_GCM_SHA256;TLS_ECDHE_RSA_WITH_AES_128_CBC_SHA256;TLS_DHE_RSA_WITH_AES_256_GCM_SHA384;TLS_DHE_RSA_WITH_AES_128_GCM_SHA256,6.0,0.75,0.0,0.0,,1.0,1.0,1.0,0.0,0.0,0.0,1.0
mites.gob.es,139.0,39.0,0.281,1.0,t.me,39.0,0.281,39.0,0.281,38.0,0.273,64.0,0.46,0.0,0.0,0.0,0.0,0.0,0.0,-11.0,356.0,388.0,1158.0,1008.0,0.87,16.0,telegram.org;twitter.com;go-mpulse.net;googletagmanager.com;akstat.io,1006.0,0.869,0.0,0.0,116.0,232.0,0.0,1.0,0.0,0.0,0.0,428.0,25.0,62.0,294.0,1,1,1,1,1,1,6,,,,0.0,,,0.0,0.0,,0.0,0.0,0.0,0.0,,0.0,1.0,1.0,0.0,0.0,0.0,1.0
mivau.gob.es,1.0,0.0,0.0,0.0,,0.0,0.0,1.0,1.0,1.0,1.0,0.0,0.0,0.0,0.0,0.0,0.0,0.0,0.0,353.0,353.0,353.0,219.0,163.0,0.744,5.0,gstatic.com;google.com;ajax.googleapis.com;fonts.googleapis.com;mitma.gob.es,162.0,0.74,0.0,0.0,39.0,40.0,0.0,1.0,1.0,0.0,0.0,106.0,32.0,0.0,0.0,1,0,0,1,1,1,4,,,,0.0,,,0.0,0.0,,0.0,0.0,0.0,0.0,,0.0,0.0,0.0,0.0,0.0,0.0,0.0
moncloaabierta.presidencia.gob.es,68.0,0.0,0.0,0.0,,0.0,0.0,0.0,0.0,65.0,0.956,65.0,0.956,0.0,1.0,0.0,0.0,0.015,0.0,-12.0,0.0,388.0,40.0,18.0,0.45,1.0,google-analytics.com,18.0,0.45,0.0,0.0,3.0,11.0,0.0,2.0,0.0,0.0,0.0,22.0,2.0,0.0,0.0,1,1,0,0,1,1,4,,TLS_1_3,RSAPublicKey,2048.0,,"CN=Autoridad de Certificacion Firmaprofesional CIF A62634068,C=ES",159.0,7.0,TLS_CHACHA20_POLY1305_SHA256;TLS_AES_256_GCM_SHA384;TLS_AES_128_GCM_SHA256;TLS_ECDHE_RSA_WITH_AES_256_GCM_SHA384;TLS_ECDHE_RSA_WITH_AES_128_GCM_SHA256;TLS_DHE_RSA_WITH_AES_256_GCM_SHA384;TLS_DHE_RSA_WITH_AES_128_GCM_SHA256,4.0,0.571,0.0,0.0,,1.0,1.0,1.0,0.0,0.0,0.0,1.0
mpr.gob.es,1.0,0.0,0.0,0.0,,0.0,0.0,1.0,1.0,1.0,1.0,0.0,0.0,0.0,0.0,0.0,0.0,0.0,0.0,388.0,388.0,388.0,71.0,18.0,0.254,1.0,google-analytics.com,18.0,0.254,0.0,0.0,4.0,31.0,0.0,2.0,0.0,0.0,0.0,4.0,12.0,0.0,18.0,1,1,0,0,1,1,4,certinfo_error ('NoneType' object has no attribute 'get'),,,0.0,,,0.0,0.0,,0.0,0.0,0.0,0.0,,0.0,0.0,0.0,0.0,0.0,0.0,0.0
mpr.sede.gob.es,1.0,0.0,0.0,0.0,,0.0,0.0,1.0,1.0,1.0,1.0,1.0,1.0,0.0,0.0,0.0,0.0,0.0,0.0,0.0,0.0,0.0,47.0,20.0,0.426,2.0,googletagmanager.com;redsara.es,20.0,0.426,0.0,0.0,1.0,18.0,0.0,1.0,0.0,0.0,0.0,26.0,1.0,0.0,0.0,1,0,0,1,1,1,4,,TLS_1_3,RSAPublicKey,2048.0,,"OU=AC RAIZ FNMT-RCM,O=FNMT-RCM,C=ES",298.0,4.0,TLS_AES_256_GCM_SHA384;TLS_AES_128_GCM_SHA256;TLS_ECDHE_RSA_WITH_AES_256_GCM_SHA384;TLS_ECDHE_RSA_WITH_AES_128_GCM_SHA256,2.0,0.5,0.0,0.0,,1.0,1.0,1.0,0.0,0.0,0.0,1.0
mpt.gob.es,166.0,0.0,0.0,0.0,,0.0,0.0,75.0,0.452,78.0,0.47,153.0,0.922,0.0,0.0,0.0,0.0,0.0,0.0,-12.0,388.0,388.0,143.0,82.0,0.573,6.0,jquery.com;googletagmanager.com;google-analytics.com;google.com;doubleclick.net,82.0,0.573,9.0,0.0,10.0,33.0,0.0,2.0,0.0,0.0,0.0,53.0,9.0,0.0,27.0,1,0,0,0,1,1,3,,TLS_1_3,RSAPublicKey,2048.0,,"OU=AC RAIZ FNMT-RCM,O=FNMT-RCM,C=ES",269.0,6.0,TLS_AES_256_GCM_SHA384;TLS_AES_128_GCM_SHA256;TLS_ECDHE_RSA_WITH_AES_256_GCM_SHA384;TLS_ECDHE_RSA_WITH_AES_128_GCM_SHA256;TLS_DHE_RSA_WITH_AES_256_GCM_SHA384;TLS_DHE_RSA_WITH_AES_128_GCM_SHA256,4.0,0.667,0.0,0.0,,1.0,1.0,1.0,1.0,0.0,0.0,0.0
mptfp.gob.es,227.0,226.0,0.996,1.0,mpt.gob.es,0.0,0.0,105.0,0.463,108.0,0.476,214.0,0.943,0.0,0.0,0.0,0.0,0.0,0.0,-12.0,388.0,388.0,144.0,143.0,0.993,7.0,mpt.gob.es;jquery.com;googletagmanager.com;google-analytics.com;google.com,82.0,0.569,9.0,0.0,10.0,33.0,0.0,3.0,0.0,0.0,0.0,53.0,9.0,0.0,27.0,0,0,0,0,0,0,0,,TLS_1_3,RSAPublicKey,2048.0,,"OU=AC RAIZ FNMT-RCM,O=FNMT-RCM,C=ES",200.0,6.0,TLS_AES_256_GCM_SHA384;TLS_AES_128_GCM_SHA256;TLS_ECDHE_RSA_WITH_AES_256_GCM_SHA384;TLS_ECDHE_RSA_WITH_AES_128_GCM_SHA256;TLS_DHE_RSA_WITH_AES_256_GCM_SHA384;TLS_DHE_RSA_WITH_AES_128_GCM_SHA256,4.0,0.667,0.0,0.0,,1.0,1.0,1.0,1.0,0.0,0.0,0.0
planderecuperacion.gob.es,39.0,5.0,0.128,1.0,powerbi.com,5.0,0.128,18.0,0.462,15.0,0.385,16.0,0.41,0.0,9.0,0.0,0.0,0.231,0.0,-12.0,353.0,388.0,931.0,771.0,0.828,10.0,powerapps.com;windows.net;visualstudio.com;onetrust.com;googletagmanager.com,771.0,0.828,9.0,0.0,60.0,40.0,0.0,1.0,0.0,0.0,0.0,342.0,52.0,1.0,426.0,1,0,0,1,1,1,4,certinfo_error ('NoneType' object has no attribute 'get'),,,0.0,,,0.0,0.0,,0.0,0.0,0.0,0.0,,0.0,0.0,0.0,0.0,0.0,0.0,0.0
portal.mineco.gob.es,28.0,0.0,0.0,0.0,,0.0,0.0,21.0,0.75,21.0,0.75,4.0,0.143,0.0,0.0,0.0,0.0,0.0,0.0,-11.0,0.0,0.0,163.0,9.0,0.055,1.0,unpkg.com,9.0,0.055,0.0,0.0,7.0,44.0,0.0,3.0,1.0,0.0,0.0,44.0,9.0,0.0,55.0,0,1,0,0,1,1,3,,,,0.0,,,0.0,0.0,,0.0,0.0,0.0,0.0,,0.0,1.0,4.0,1.0,1.0,1.0,1.0
portalayudas.digital.gob.es,1.0,0.0,0.0,0.0,,0.0,0.0,0.0,0.0,0.0,0.0,1.0,1.0,0.0,0.0,0.0,0.0,0.0,0.0,0.0,0.0,0.0,150.0,81.0,0.54,4.0,gstatic.com;fonts.googleapis.com;ajax.googleapis.com;cloudflare.com,81.0,0.54,0.0,0.0,45.0,14.0,0.0,2.0,0.0,0.0,0.0,44.0,31.0,0.0,14.0,0,1,0,0,1,1,3,,,,0.0,,,0.0,0.0,,0.0,0.0,0.0,0.0,,0.0,1.0,4.0,1.0,1.0,1.0,1.0
portaldatos.seg-social.gob.es,18.0,0.0,0.0,0.0,,0.0,0.0,18.0,1.0,15.0,0.833,18.0,1.0,0.0,0.0,0.0,0.0,0.0,0.0,0.0,0.0,0.0,103.0,47.0,0.456,6.0,go-mpulse.net;akstat.io;trial-eum-clientnsv4-s.akamaihd.net;trial-eum-clienttons-s.akamaihd.net;176-80-55-162_s-185-43-182-114_ts-1754675791-clienttons-s.akamaihd.net,45.0,0.437,0.0,0.0,5.0,5.0,0.0,1.0,0.0,0.0,0.0,39.0,7.0,0.0,46.0,1,1,0,0,1,1,4,,TLS_1_3,ECPublicKey,256.0,secp256r1,"CN=DigiCert Global Root CA,OU=www.digicert.com,O=DigiCert Inc,C=US",82.0,9.0,TLS_CHACHA20_POLY1305_SHA256;TLS_AES_256_GCM_SHA384;TLS_AES_128_GCM_SHA256;TLS_ECDHE_RSA_WITH_CHACHA20_POLY1305_SHA256;TLS_ECDHE_RSA_WITH_AES_256_GCM_SHA384;TLS_ECDHE_RSA_WITH_AES_128_GCM_SHA256;TLS_ECDHE_ECDSA_WITH_CHACHA20_POLY1305_SHA256;TLS_ECDHE_ECDSA_WITH_AES_256_GCM_SHA384;TLS_ECDHE_ECDSA_WITH_AES_128_GCM_SHA256,6.0,0.667,0.0,0.0,,1.0,1.0,1.0,0.0,0.0,0.0,1.0
prensa.mites.gob.es,39.0,9.0,0.231,1.0,twitter.com,9.0,0.231,9.0,0.231,9.0,0.231,22.0,0.564,0.0,0.0,0.0,0.0,0.0,0.0,-12.0,0.0,388.0,195.0,145.0,0.744,7.0,twitter.com;unpkg.com;go-mpulse.net;googletagmanager.com;google-analytics.com,144.0,0.738,0.0,0.0,3.0,25.0,0.0,2.0,0.0,0.0,0.0,90.0,3.0,19.0,53.0,1,1,1,1,0,1,5,,TLS_1_3,RSAPublicKey,2048.0,,"OU=AC RAIZ FNMT-RCM,O=FNMT-RCM,C=ES",54.0,12.0,TLS_CHACHA20_POLY1305_SHA256;TLS_AES_256_GCM_SHA384;TLS_AES_128_GCM_SHA256;TLS_AES_128_CCM_SHA256;TLS_AES_128_CCM_8_SHA256;TLS_ECDHE_RSA_WITH_CHACHA20_POLY1305_SHA256;TLS_ECDHE_RSA_WITH_AES_256_GCM_SHA384;TLS_ECDHE_RSA_WITH_AES_256_CBC_SHA384;TLS_ECDHE_RSA_WITH_AES_256_CBC_SHA;TLS_ECDHE_RSA_WITH_AES_128_GCM_SHA256;TLS_ECDHE_RSA_WITH_AES_128_CBC_SHA256;TLS_ECDHE_RSA_WITH_AES_128_CBC_SHA,7.0,0.583,0.0,0.0,,1.0,1.0,1.0,0.0,0.0,0.0,1.0
prtr.miteco.gob.es,8.0,0.0,0.0,0.0,,0.0,0.0,1.0,0.125,0.0,0.0,8.0,1.0,0.0,0.0,0.0,0.0,0.0,0.0,0.0,0.0,0.0,76.0,28.0,0.368,2.0,adobedtm.com;rum.hlx.page,27.0,0.355,0.0,0.0,7.0,27.0,0.0,1.0,0.0,0.0,0.0,36.0,5.0,0.0,0.0,1,1,1,1,1,1,6,,TLS_1_2,RSAPublicKey,2048.0,,"OU=AC RAIZ FNMT-RCM,O=FNMT-RCM,C=ES",55.0,2.0,TLS_ECDHE_RSA_WITH_AES_256_GCM_SHA384;TLS_ECDHE_RSA_WITH_AES_128_GCM_SHA256,2.0,1.0,0.0,0.0,,1.0,1.0,1.0,0.0,0.0,0.0,1.0
publicaciones.transportes.gob.es,123.0,108.0,0.878,2.0,clarity.ms;bing.com,108.0,0.878,113.0,0.919,14.0,0.114,28.0,0.228,0.0,0.0,1.0,0.0,0.0,0.008,-12.0,378.0,388.0,130.0,90.0,0.692,4.0,clarity.ms;googletagmanager.com;google-analytics.com;bing.com,90.0,0.692,0.0,0.0,0.0,63.0,0.0,1.0,0.0,0.0,0.0,38.0,1.0,0.0,27.0,1,0,0,1,1,1,4,,TLS_1_3,RSAPublicKey,2048.0,,"OU=AC RAIZ FNMT-RCM,O=FNMT-RCM,C=ES",53.0,47.0,TLS_CHACHA20_POLY1305_SHA256;TLS_AES_256_GCM_SHA384;TLS_AES_128_GCM_SHA256;TLS_RSA_WITH_CAMELLIA_256_CBC_SHA256;TLS_RSA_WITH_CAMELLIA_256_CBC_SHA;TLS_RSA_WITH_CAMELLIA_128_CBC_SHA256;TLS_RSA_WITH_CAMELLIA_128_CBC_SHA;TLS_RSA_WITH_ARIA_256_GCM_SHA384;TLS_RSA_WITH_ARIA_128_GCM_SHA256;TLS_RSA_WITH_AES_256_GCM_SHA384;TLS_RSA_WITH_AES_256_CCM_8;TLS_RSA_WITH_AES_256_CCM;TLS_RSA_WITH_AES_256_CBC_SHA256;TLS_RSA_WITH_AES_256_CBC_SHA;TLS_RSA_WITH_AES_128_GCM_SHA256;TLS_RSA_WITH_AES_128_CCM_8;TLS_RSA_WITH_AES_128_CCM;TLS_RSA_WITH_AES_128_CBC_SHA256;TLS_RSA_WITH_AES_128_CBC_SHA;TLS_ECDHE_RSA_WITH_CHACHA20_POLY1305_SHA256;TLS_ECDHE_RSA_WITH_CAMELLIA_256_CBC_SHA384;TLS_ECDHE_RSA_WITH_CAMELLIA_128_CBC_SHA256;TLS_ECDHE_RSA_WITH_ARIA_256_GCM_SHA384;TLS_ECDHE_RSA_WITH_ARIA_128_GCM_SHA256;TLS_ECDHE_RSA_WITH_AES_256_GCM_SHA384;TLS_ECDHE_RSA_WITH_AES_256_CBC_SHA384;TLS_ECDHE_RSA_WITH_AES_256_CBC_SHA;TLS_ECDHE_RSA_WITH_AES_128_GCM_SHA256;TLS_ECDHE_RSA_WITH_AES_128_CBC_SHA256;TLS_ECDHE_RSA_WITH_AES_128_CBC_SHA;TLS_DHE_RSA_WITH_CHACHA20_POLY1305_SHA256;TLS_DHE_RSA_WITH_CAMELLIA_256_CBC_SHA256;TLS_DHE_RSA_WITH_CAMELLIA_256_CBC_SHA;TLS_DHE_RSA_WITH_CAMELLIA_128_CBC_SHA256;TLS_DHE_RSA_WITH_CAMELLIA_128_CBC_SHA;TLS_DHE_RSA_WITH_ARIA_256_GCM_SHA384;TLS_DHE_RSA_WITH_ARIA_128_GCM_SHA256;TLS_DHE_RSA_WITH_AES_256_GCM_SHA384;TLS_DHE_RSA_WITH_AES_256_CCM_8;TLS_DHE_RSA_WITH_AES_256_CCM;TLS_DHE_RSA_WITH_AES_256_CBC_SHA256;TLS_DHE_RSA_WITH_AES_256_CBC_SHA;TLS_DHE_RSA_WITH_AES_128_GCM_SHA256;TLS_DHE_RSA_WITH_AES_128_CCM_8;TLS_DHE_RSA_WITH_AES_128_CCM;TLS_DHE_RSA_WITH_AES_128_CBC_SHA256;TLS_DHE_RSA_WITH_AES_128_CBC_SHA,28.0,0.596,16.0,0.34,TLS_RSA_WITH_CAMELLIA_256_CBC_SHA256;TLS_RSA_WITH_CAMELLIA_256_CBC_SHA;TLS_RSA_WITH_CAMELLIA_128_CBC_SHA256;TLS_RSA_WITH_CAMELLIA_128_CBC_SHA;TLS_RSA_WITH_ARIA_256_GCM_SHA384;TLS_RSA_WITH_ARIA_128_GCM_SHA256;TLS_RSA_WITH_AES_256_GCM_SHA384;TLS_RSA_WITH_AES_256_CCM_8;TLS_RSA_WITH_AES_256_CCM;TLS_RSA_WITH_AES_256_CBC_SHA256;TLS_RSA_WITH_AES_256_CBC_SHA;TLS_RSA_WITH_AES_128_GCM_SHA256;TLS_RSA_WITH_AES_128_CCM_8;TLS_RSA_WITH_AES_128_CCM;TLS_RSA_WITH_AES_128_CBC_SHA256;TLS_RSA_WITH_AES_128_CBC_SHA,1.0,0.0,0.0,0.0,0.0,0.0,0.0
redets.sanidad.gob.es,12.0,0.0,0.0,0.0,,0.0,0.0,0.0,0.0,0.0,0.0,0.0,0.0,0.0,0.0,0.0,0.0,0.0,0.0,-12.0,388.0,388.0,106.0,55.0,0.519,5.0,google-analytics.com;google.com;googletagmanager.com;doubleclick.net;google.es,55.0,0.519,9.0,0.0,0.0,36.0,0.0,1.0,0.0,0.0,0.0,31.0,2.0,0.0,27.0,0,0,0,0,0,0,0,,TLS_1_2,RSAPublicKey,2048.0,,"OU=AC RAIZ FNMT-RCM,O=FNMT-RCM,C=ES",54.0,5.0,TLS_RSA_WITH_AES_256_CBC_SHA256;TLS_RSA_WITH_AES_128_GCM_SHA256;TLS_RSA_WITH_AES_128_CBC_SHA256;TLS_ECDHE_RSA_WITH_AES_256_GCM_SHA384;TLS_ECDHE_RSA_WITH_AES_128_GCM_SHA256,2.0,0.4,3.0,0.6,TLS_RSA_WITH_AES_256_CBC_SHA256;TLS_RSA_WITH_AES_128_GCM_SHA256;TLS_RSA_WITH_AES_128_CBC_SHA256,0.0,0.0,0.0,0.0,0.0,0.0,0.0
registrodelicitadores.gob.es,1.0,0.0,0.0,0.0,,0.0,0.0,1.0,1.0,1.0,1.0,1.0,1.0,0.0,0.0,0.0,0.0,0.0,0.0,0.0,0.0,0.0,26.0,0.0,0.0,0.0,,0.0,0.0,0.0,0.0,0.0,10.0,0.0,4.0,0.0,0.0,0.0,6.0,5.0,0.0,1.0,0,0,0,0,0,0,0,,TLS_1_2,RSAPublicKey,2048.0,,"OU=AC RAIZ FNMT-RCM,O=FNMT-RCM,C=ES",53.0,9.0,TLS_ECDHE_RSA_WITH_AES_256_GCM_SHA384;TLS_ECDHE_RSA_WITH_AES_256_CBC_SHA384;TLS_ECDHE_RSA_WITH_AES_256_CBC_SHA;TLS_ECDHE_RSA_WITH_AES_128_GCM_SHA256;TLS_ECDHE_RSA_WITH_AES_128_CBC_SHA;TLS_DHE_RSA_WITH_AES_256_GCM_SHA384;TLS_DHE_RSA_WITH_AES_256_CBC_SHA256;TLS_DHE_RSA_WITH_AES_256_CBC_SHA;TLS_DHE_RSA_WITH_AES_128_GCM_SHA256,9.0,1.0,0.0,0.0,,0.0,0.0,0.0,0.0,0.0,0.0,0.0
rpdiscapacidad.gob.es,8.0,0.0,0.0,0.0,,0.0,0.0,0.0,0.0,0.0,0.0,0.0,0.0,0.0,0.0,0.0,0.0,0.0,0.0,388.0,388.0,388.0,155.0,117.0,0.755,8.0,jsdelivr.net;bootstrapcdn.com;gstatic.com;google-analytics.com;fonts.googleapis.com,117.0,0.755,0.0,0.0,27.0,36.0,0.0,1.0,0.0,0.0,0.0,45.0,28.0,0.0,18.0,1,1,0,0,1,1,4,,,,0.0,,,0.0,0.0,,0.0,0.0,0.0,0.0,,0.0,1.0,1.0,0.0,0.0,0.0,1.0
saludconevidencia.aemps.gob.es,8.0,0.0,0.0,0.0,,0.0,0.0,0.0,0.0,0.0,0.0,0.0,0.0,0.0,0.0,0.0,0.0,0.0,0.0,388.0,388.0,388.0,82.0,45.0,0.549,4.0,google-analytics.com;googletagmanager.com;fonts.googleapis.com;gstatic.com,45.0,0.549,0.0,0.0,10.0,15.0,5.0,1.0,2.0,0.0,0.0,14.0,17.0,0.0,18.0,0,0,0,0,0,0,0,,TLS_1_3,RSAPublicKey,2048.0,,"OU=AC RAIZ FNMT-RCM,O=FNMT-RCM,C=ES",251.0,18.0,TLS_CHACHA20_POLY1305_SHA256;TLS_AES_256_GCM_SHA384;TLS_AES_128_GCM_SHA256;TLS_ECDHE_RSA_WITH_CHACHA20_POLY1305_SHA256;TLS_ECDHE_RSA_WITH_AES_256_GCM_SHA384;TLS_ECDHE_RSA_WITH_AES_256_CBC_SHA384;TLS_ECDHE_RSA_WITH_AES_256_CBC_SHA;TLS_ECDHE_RSA_WITH_AES_128_GCM_SHA256;TLS_ECDHE_RSA_WITH_AES_128_CBC_SHA256;TLS_ECDHE_RSA_WITH_AES_128_CBC_SHA;TLS_DHE_RSA_WITH_AES_256_GCM_SHA384;TLS_DHE_RSA_WITH_AES_256_CCM;TLS_DHE_RSA_WITH_AES_256_CBC_SHA256;TLS_DHE_RSA_WITH_AES_256_CBC_SHA;TLS_DHE_RSA_WITH_AES_128_GCM_SHA256;TLS_DHE_RSA_WITH_AES_128_CCM;TLS_DHE_RSA_WITH_AES_128_CBC_SHA256;TLS_DHE_RSA_WITH_AES_128_CBC_SHA,15.0,0.833,0.0,0.0,,0.0,1.0,1.0,0.0,0.0,0.0,1.0
sanidad.gob.es,17.0,0.0,0.0,0.0,,0.0,0.0,5.0,0.294,5.0,0.294,5.0,0.294,0.0,0.0,0.0,0.0,0.0,0.0,-12.0,388.0,388.0,290.0,174.0,0.6,8.0,insuit.net;gstatic.com;googletagmanager.com;fonts.googleapis.com;google.com,174.0,0.6,9.0,0.0,40.0,61.0,0.0,1.0,0.0,0.0,0.0,108.0,35.0,5.0,31.0,0,0,0,0,0,0,0,,TLS_1_3,RSAPublicKey,2048.0,,"OU=AC RAIZ FNMT-RCM,O=FNMT-RCM,C=ES",54.0,49.0,TLS_CHACHA20_POLY1305_SHA256;TLS_AES_256_GCM_SHA384;TLS_AES_128_GCM_SHA256;TLS_RSA_WITH_SEED_CBC_SHA;TLS_RSA_WITH_CAMELLIA_256_CBC_SHA256;TLS_RSA_WITH_CAMELLIA_256_CBC_SHA;TLS_RSA_WITH_CAMELLIA_128_CBC_SHA256;TLS_RSA_WITH_CAMELLIA_128_CBC_SHA;TLS_RSA_WITH_ARIA_256_GCM_SHA384;TLS_RSA_WITH_ARIA_128_GCM_SHA256;TLS_RSA_WITH_AES_256_GCM_SHA384;TLS_RSA_WITH_AES_256_CCM_8;TLS_RSA_WITH_AES_256_CCM;TLS_RSA_WITH_AES_256_CBC_SHA256;TLS_RSA_WITH_AES_256_CBC_SHA;TLS_RSA_WITH_AES_128_GCM_SHA256;TLS_RSA_WITH_AES_128_CCM_8;TLS_RSA_WITH_AES_128_CCM;TLS_RSA_WITH_AES_128_CBC_SHA256;TLS_RSA_WITH_AES_128_CBC_SHA;TLS_ECDHE_RSA_WITH_CHACHA20_POLY1305_SHA256;TLS_ECDHE_RSA_WITH_CAMELLIA_256_CBC_SHA384;TLS_ECDHE_RSA_WITH_CAMELLIA_128_CBC_SHA256;TLS_ECDHE_RSA_WITH_ARIA_256_GCM_SHA384;TLS_ECDHE_RSA_WITH_ARIA_128_GCM_SHA256;TLS_ECDHE_RSA_WITH_AES_256_GCM_SHA384;TLS_ECDHE_RSA_WITH_AES_256_CBC_SHA384;TLS_ECDHE_RSA_WITH_AES_256_CBC_SHA;TLS_ECDHE_RSA_WITH_AES_128_GCM_SHA256;TLS_ECDHE_RSA_WITH_AES_128_CBC_SHA256;TLS_ECDHE_RSA_WITH_AES_128_CBC_SHA;TLS_DHE_RSA_WITH_SEED_CBC_SHA;TLS_DHE_RSA_WITH_CHACHA20_POLY1305_SHA256;TLS_DHE_RSA_WITH_CAMELLIA_256_CBC_SHA256;TLS_DHE_RSA_WITH_CAMELLIA_256_CBC_SHA;TLS_DHE_RSA_WITH_CAMELLIA_128_CBC_SHA256;TLS_DHE_RSA_WITH_CAMELLIA_128_CBC_SHA;TLS_DHE_RSA_WITH_ARIA_256_GCM_SHA384;TLS_DHE_RSA_WITH_ARIA_128_GCM_SHA256;TLS_DHE_RSA_WITH_AES_256_GCM_SHA384;TLS_DHE_RSA_WITH_AES_256_CCM_8;TLS_DHE_RSA_WITH_AES_256_CCM;TLS_DHE_RSA_WITH_AES_256_CBC_SHA256;TLS_DHE_RSA_WITH_AES_256_CBC_SHA;TLS_DHE_RSA_WITH_AES_128_GCM_SHA256;TLS_DHE_RSA_WITH_AES_128_CCM_8;TLS_DHE_RSA_WITH_AES_128_CCM;TLS_DHE_RSA_WITH_AES_128_CBC_SHA256;TLS_DHE_RSA_WITH_AES_128_CBC_SHA,29.0,0.592,17.0,0.347,TLS_RSA_WITH_SEED_CBC_SHA;TLS_RSA_WITH_CAMELLIA_256_CBC_SHA256;TLS_RSA_WITH_CAMELLIA_256_CBC_SHA;TLS_RSA_WITH_CAMELLIA_128_CBC_SHA256;TLS_RSA_WITH_CAMELLIA_128_CBC_SHA;TLS_RSA_WITH_ARIA_256_GCM_SHA384;TLS_RSA_WITH_ARIA_128_GCM_SHA256;TLS_RSA_WITH_AES_256_GCM_SHA384;TLS_RSA_WITH_AES_256_CCM_8;TLS_RSA_WITH_AES_256_CCM;TLS_RSA_WITH_AES_256_CBC_SHA256;TLS_RSA_WITH_AES_256_CBC_SHA;TLS_RSA_WITH_AES_128_GCM_SHA256;TLS_RSA_WITH_AES_128_CCM_8;TLS_RSA_WITH_AES_128_CCM;TLS_RSA_WITH_AES_128_CBC_SHA256;TLS_RSA_WITH_AES_128_CBC_SHA,0.0,0.0,0.0,0.0,0.0,0.0,0.0
secegsa.gob.es,11.0,9.0,0.818,1.0,google.com,9.0,0.818,10.0,0.909,10.0,0.909,0.0,0.0,0.0,1.0,0.0,0.0,0.091,0.0,168.0,168.0,353.0,207.0,176.0,0.85,6.0,gstatic.com;google.com;jsdelivr.net;fontawesome.com;googletagmanager.com,171.0,0.826,0.0,0.0,30.0,21.0,0.0,1.0,0.0,0.0,1.0,92.0,33.0,9.0,20.0,1,0,0,1,1,1,4,,TLS_1_3,RSAPublicKey,2048.0,,"OU=AC RAIZ FNMT-RCM,O=FNMT-RCM,C=ES",75.0,47.0,TLS_CHACHA20_POLY1305_SHA256;TLS_AES_256_GCM_SHA384;TLS_AES_128_GCM_SHA256;TLS_RSA_WITH_CAMELLIA_256_CBC_SHA256;TLS_RSA_WITH_CAMELLIA_256_CBC_SHA;TLS_RSA_WITH_CAMELLIA_128_CBC_SHA256;TLS_RSA_WITH_CAMELLIA_128_CBC_SHA;TLS_RSA_WITH_ARIA_256_GCM_SHA384;TLS_RSA_WITH_ARIA_128_GCM_SHA256;TLS_RSA_WITH_AES_256_GCM_SHA384;TLS_RSA_WITH_AES_256_CCM_8;TLS_RSA_WITH_AES_256_CCM;TLS_RSA_WITH_AES_256_CBC_SHA256;TLS_RSA_WITH_AES_256_CBC_SHA;TLS_RSA_WITH_AES_128_GCM_SHA256;TLS_RSA_WITH_AES_128_CCM_8;TLS_RSA_WITH_AES_128_CCM;TLS_RSA_WITH_AES_128_CBC_SHA256;TLS_RSA_WITH_AES_128_CBC_SHA;TLS_ECDHE_RSA_WITH_CHACHA20_POLY1305_SHA256;TLS_ECDHE_RSA_WITH_CAMELLIA_256_CBC_SHA384;TLS_ECDHE_RSA_WITH_CAMELLIA_128_CBC_SHA256;TLS_ECDHE_RSA_WITH_ARIA_256_GCM_SHA384;TLS_ECDHE_RSA_WITH_ARIA_128_GCM_SHA256;TLS_ECDHE_RSA_WITH_AES_256_GCM_SHA384;TLS_ECDHE_RSA_WITH_AES_256_CBC_SHA384;TLS_ECDHE_RSA_WITH_AES_256_CBC_SHA;TLS_ECDHE_RSA_WITH_AES_128_GCM_SHA256;TLS_ECDHE_RSA_WITH_AES_128_CBC_SHA256;TLS_ECDHE_RSA_WITH_AES_128_CBC_SHA;TLS_DHE_RSA_WITH_CHACHA20_POLY1305_SHA256;TLS_DHE_RSA_WITH_CAMELLIA_256_CBC_SHA256;TLS_DHE_RSA_WITH_CAMELLIA_256_CBC_SHA;TLS_DHE_RSA_WITH_CAMELLIA_128_CBC_SHA256;TLS_DHE_RSA_WITH_CAMELLIA_128_CBC_SHA;TLS_DHE_RSA_WITH_ARIA_256_GCM_SHA384;TLS_DHE_RSA_WITH_ARIA_128_GCM_SHA256;TLS_DHE_RSA_WITH_AES_256_GCM_SHA384;TLS_DHE_RSA_WITH_AES_256_CCM_8;TLS_DHE_RSA_WITH_AES_256_CCM;TLS_DHE_RSA_WITH_AES_256_CBC_SHA256;TLS_DHE_RSA_WITH_AES_256_CBC_SHA;TLS_DHE_RSA_WITH_AES_128_GCM_SHA256;TLS_DHE_RSA_WITH_AES_128_CCM_8;TLS_DHE_RSA_WITH_AES_128_CCM;TLS_DHE_RSA_WITH_AES_128_CBC_SHA256;TLS_DHE_RSA_WITH_AES_128_CBC_SHA,28.0,0.596,16.0,0.34,TLS_RSA_WITH_CAMELLIA_256_CBC_SHA256;TLS_RSA_WITH_CAMELLIA_256_CBC_SHA;TLS_RSA_WITH_CAMELLIA_128_CBC_SHA256;TLS_RSA_WITH_CAMELLIA_128_CBC_SHA;TLS_RSA_WITH_ARIA_256_GCM_SHA384;TLS_RSA_WITH_ARIA_128_GCM_SHA256;TLS_RSA_WITH_AES_256_GCM_SHA384;TLS_RSA_WITH_AES_256_CCM_8;TLS_RSA_WITH_AES_256_CCM;TLS_RSA_WITH_AES_256_CBC_SHA256;TLS_RSA_WITH_AES_256_CBC_SHA;TLS_RSA_WITH_AES_128_GCM_SHA256;TLS_RSA_WITH_AES_128_CCM_8;TLS_RSA_WITH_AES_128_CCM;TLS_RSA_WITH_AES_128_CBC_SHA256;TLS_RSA_WITH_AES_128_CBC_SHA,1.0,1.0,1.0,0.0,0.0,0.0,1.0
sede.administracion.gob.es,19.0,0.0,0.0,0.0,,0.0,0.0,10.0,0.526,10.0,0.526,9.0,0.474,0.0,0.0,0.0,0.0,0.0,0.0,-11.0,388.0,388.0,85.0,37.0,0.435,4.0,google.com;googletagmanager.com;doubleclick.net;google.es,37.0,0.435,9.0,0.0,1.0,26.0,0.0,2.0,0.0,0.0,0.0,21.0,8.0,0.0,18.0,1,0,0,1,1,1,4,,TLS_1_3,RSAPublicKey,2048.0,,"CN=DigiCert Global Root G2,OU=www.digicert.com,O=DigiCert Inc,C=US",160.0,4.0,TLS_AES_256_GCM_SHA384;TLS_AES_128_GCM_SHA256;TLS_ECDHE_RSA_WITH_AES_256_GCM_SHA384;TLS_ECDHE_RSA_WITH_AES_128_GCM_SHA256,2.0,0.5,0.0,0.0,,1.0,0.0,0.0,0.0,0.0,0.0,0.0
sede.administracionespublicas.gob.es,4.0,0.0,0.0,0.0,,0.0,0.0,2.0,0.5,2.0,0.5,4.0,1.0,0.0,0.0,0.0,0.0,0.0,0.0,0.0,0.0,0.0,44.0,18.0,0.409,1.0,googletagmanager.com,18.0,0.409,0.0,0.0,1.0,16.0,0.0,1.0,0.0,0.0,0.0,25.0,1.0,0.0,0.0,1,0,0,1,1,1,4,,TLS_1_2,RSAPublicKey,2048.0,,"CN=DigiCert Global Root G2,OU=www.digicert.com,O=DigiCert Inc,C=US",160.0,22.0,TLS_RSA_WITH_CAMELLIA_256_CBC_SHA;TLS_RSA_WITH_CAMELLIA_128_CBC_SHA;TLS_RSA_WITH_AES_256_GCM_SHA384;TLS_RSA_WITH_AES_256_CBC_SHA256;TLS_RSA_WITH_AES_256_CBC_SHA;TLS_RSA_WITH_AES_128_GCM_SHA256;TLS_RSA_WITH_AES_128_CBC_SHA256;TLS_RSA_WITH_AES_128_CBC_SHA;TLS_ECDHE_RSA_WITH_AES_256_GCM_SHA384;TLS_ECDHE_RSA_WITH_AES_256_CBC_SHA384;TLS_ECDHE_RSA_WITH_AES_256_CBC_SHA;TLS_ECDHE_RSA_WITH_AES_128_GCM_SHA256;TLS_ECDHE_RSA_WITH_AES_128_CBC_SHA256;TLS_ECDHE_RSA_WITH_AES_128_CBC_SHA;TLS_DHE_RSA_WITH_CAMELLIA_256_CBC_SHA;TLS_DHE_RSA_WITH_CAMELLIA_128_CBC_SHA;TLS_DHE_RSA_WITH_AES_256_GCM_SHA384;TLS_DHE_RSA_WITH_AES_256_CBC_SHA256;TLS_DHE_RSA_WITH_AES_256_CBC_SHA;TLS_DHE_RSA_WITH_AES_128_GCM_SHA256;TLS_DHE_RSA_WITH_AES_128_CBC_SHA256;TLS_DHE_RSA_WITH_AES_128_CBC_SHA,14.0,0.636,8.0,0.364,TLS_RSA_WITH_CAMELLIA_256_CBC_SHA;TLS_RSA_WITH_CAMELLIA_128_CBC_SHA;TLS_RSA_WITH_AES_256_GCM_SHA384;TLS_RSA_WITH_AES_256_CBC_SHA256;TLS_RSA_WITH_AES_256_CBC_SHA;TLS_RSA_WITH_AES_128_GCM_SHA256;TLS_RSA_WITH_AES_128_CBC_SHA256;TLS_RSA_WITH_AES_128_CBC_SHA,1.0,1.0,1.0,0.0,0.0,0.0,1.0
sede.agenciatributaria.gob.es,9.0,0.0,0.0,0.0,,0.0,0.0,1.0,0.111,0.0,0.0,1.0,0.111,0.0,0.0,0.0,0.0,0.0,0.0,388.0,388.0,388.0,54.0,37.0,0.685,3.0,googletagmanager.com;google-analytics.com;bimappweb.com,37.0,0.685,0.0,0.0,0.0,11.0,0.0,1.0,0.0,0.0,0.0,20.0,2.0,0.0,20.0,1,1,0,0,1,0,3,,TLS_1_3,RSAPublicKey,3072.0,,"CN=Entrust Root Certification Authority - G2,OU=(c) 2009 Entrust\, Inc. - for authorized use only,OU=See www.entrust.net/legal-terms,O=Entrust\, Inc.,C=US",98.0,5.0,TLS_CHACHA20_POLY1305_SHA256;TLS_AES_256_GCM_SHA384;TLS_AES_128_GCM_SHA256;TLS_ECDHE_RSA_WITH_AES_256_GCM_SHA384;TLS_ECDHE_RSA_WITH_AES_128_GCM_SHA256,2.0,0.4,0.0,0.0,,1.0,1.0,1.0,0.0,0.0,0.0,1.0
sede.defensa.gob.es,1.0,0.0,0.0,0.0,,0.0,0.0,0.0,0.0,0.0,0.0,1.0,1.0,0.0,0.0,0.0,0.0,0.0,0.0,0.0,0.0,0.0,41.0,0.0,0.0,0.0,,0.0,0.0,0.0,0.0,1.0,12.0,0.0,3.0,0.0,0.0,0.0,9.0,14.0,0.0,2.0,1,0,0,0,1,1,3,,TLS_1_2,ECPublicKey,384.0,secp384r1,"CN=AC RAIZ FNMT-RCM SERVIDORES SEGUROS,2.5.4.97=VATES-Q2826004J,OU=Ceres,O=FNMT-RCM,C=ES",58.0,5.0,TLS_ECDHE_ECDSA_WITH_CHACHA20_POLY1305_SHA256;TLS_ECDHE_ECDSA_WITH_AES_256_GCM_SHA384;TLS_ECDHE_ECDSA_WITH_AES_256_CBC_SHA384;TLS_ECDHE_ECDSA_WITH_AES_128_GCM_SHA256;TLS_ECDHE_ECDSA_WITH_AES_128_CBC_SHA256,5.0,1.0,0.0,0.0,,1.0,1.0,1.0,0.0,0.0,0.0,1.0
sede.dgt.gob.es,117.0,9.0,0.077,1.0,translate-pa.googleapis.com,9.0,0.077,98.0,0.838,10.0,0.085,100.0,0.855,0.0,0.0,0.0,0.0,0.0,0.0,171.0,171.0,388.0,445.0,394.0,0.885,11.0,datatables.net;gstatic.com;cloudflare.com;jsdelivr.net;translate.googleapis.com,378.0,0.849,0.0,0.0,72.0,71.0,0.0,2.0,0.0,0.0,1.0,177.0,100.0,2.0,20.0,0,0,0,1,0,1,2,,TLS_1_3,RSAPublicKey,2048.0,,"OU=AC RAIZ FNMT-RCM,O=FNMT-RCM,C=ES",54.0,9.0,TLS_CHACHA20_POLY1305_SHA256;TLS_AES_256_GCM_SHA384;TLS_AES_128_GCM_SHA256;TLS_ECDHE_RSA_WITH_AES_256_GCM_SHA384;TLS_ECDHE_RSA_WITH_AES_256_CBC_SHA384;TLS_ECDHE_RSA_WITH_AES_256_CBC_SHA;TLS_ECDHE_RSA_WITH_AES_128_GCM_SHA256;TLS_ECDHE_RSA_WITH_AES_128_CBC_SHA256;TLS_ECDHE_RSA_WITH_AES_128_CBC_SHA,6.0,0.667,0.0,0.0,,0.0,0.0,0.0,0.0,0.0,0.0,0.0
sede.fnmt.gob.es,9.0,0.0,0.0,0.0,,0.0,0.0,3.0,0.333,0.0,0.0,3.0,0.333,0.0,0.0,0.0,0.0,0.0,0.0,-12.0,388.0,388.0,198.0,128.0,0.646,10.0,gstatic.com;google-analytics.com;go-mpulse.net;fonts.googleapis.com;googletagmanager.com,126.0,0.636,0.0,0.0,27.0,32.0,0.0,1.0,0.0,0.0,1.0,46.0,31.0,0.0,60.0,1,0,0,0,1,1,3,,,,0.0,,,0.0,0.0,,0.0,0.0,0.0,0.0,,0.0,1.0,1.0,0.0,0.0,0.0,1.0
sede.funciona.gob.es,40.0,0.0,0.0,0.0,,0.0,0.0,1.0,0.025,1.0,0.025,34.0,0.85,0.0,0.0,0.0,0.0,0.0,0.0,-12.0,388.0,388.0,84.0,36.0,0.429,2.0,google-analytics.com;googletagmanager.com,36.0,0.429,0.0,0.0,0.0,27.0,0.0,2.0,0.0,0.0,0.0,24.0,11.0,0.0,20.0,0,0,0,1,1,1,3,,TLS_1_2,RSAPublicKey,2048.0,,"CN=DigiCert Global Root G2,OU=www.digicert.com,O=DigiCert Inc,C=US",160.0,46.0,TLS_RSA_WITH_SEED_CBC_SHA;TLS_RSA_WITH_CAMELLIA_256_CBC_SHA256;TLS_RSA_WITH_CAMELLIA_256_CBC_SHA;TLS_RSA_WITH_CAMELLIA_128_CBC_SHA256;TLS_RSA_WITH_CAMELLIA_128_CBC_SHA;TLS_RSA_WITH_ARIA_256_GCM_SHA384;TLS_RSA_WITH_ARIA_128_GCM_SHA256;TLS_RSA_WITH_AES_256_GCM_SHA384;TLS_RSA_WITH_AES_256_CCM_8;TLS_RSA_WITH_AES_256_CCM;TLS_RSA_WITH_AES_256_CBC_SHA256;TLS_RSA_WITH_AES_256_CBC_SHA;TLS_RSA_WITH_AES_128_GCM_SHA256;TLS_RSA_WITH_AES_128_CCM_8;TLS_RSA_WITH_AES_128_CCM;TLS_RSA_WITH_AES_128_CBC_SHA256;TLS_RSA_WITH_AES_128_CBC_SHA;TLS_ECDHE_RSA_WITH_CHACHA20_POLY1305_SHA256;TLS_ECDHE_RSA_WITH_CAMELLIA_256_CBC_SHA384;TLS_ECDHE_RSA_WITH_CAMELLIA_128_CBC_SHA256;TLS_ECDHE_RSA_WITH_ARIA_256_GCM_SHA384;TLS_ECDHE_RSA_WITH_ARIA_128_GCM_SHA256;TLS_ECDHE_RSA_WITH_AES_256_GCM_SHA384;TLS_ECDHE_RSA_WITH_AES_256_CBC_SHA384;TLS_ECDHE_RSA_WITH_AES_256_CBC_SHA;TLS_ECDHE_RSA_WITH_AES_128_GCM_SHA256;TLS_ECDHE_RSA_WITH_AES_128_CBC_SHA256;TLS_ECDHE_RSA_WITH_AES_128_CBC_SHA;TLS_DHE_RSA_WITH_SEED_CBC_SHA;TLS_DHE_RSA_WITH_CHACHA20_POLY1305_SHA256;TLS_DHE_RSA_WITH_CAMELLIA_256_CBC_SHA256;TLS_DHE_RSA_WITH_CAMELLIA_256_CBC_SHA;TLS_DHE_RSA_WITH_CAMELLIA_128_CBC_SHA256;TLS_DHE_RSA_WITH_CAMELLIA_128_CBC_SHA;TLS_DHE_RSA_WITH_ARIA_256_GCM_SHA384;TLS_DHE_RSA_WITH_ARIA_128_GCM_SHA256;TLS_DHE_RSA_WITH_AES_256_GCM_SHA384;TLS_DHE_RSA_WITH_AES_256_CCM_8;TLS_DHE_RSA_WITH_AES_256_CCM;TLS_DHE_RSA_WITH_AES_256_CBC_SHA256;TLS_DHE_RSA_WITH_AES_256_CBC_SHA;TLS_DHE_RSA_WITH_AES_128_GCM_SHA256;TLS_DHE_RSA_WITH_AES_128_CCM_8;TLS_DHE_RSA_WITH_AES_128_CCM;TLS_DHE_RSA_WITH_AES_128_CBC_SHA256;TLS_DHE_RSA_WITH_AES_128_CBC_SHA,29.0,0.63,17.0,0.37,TLS_RSA_WITH_SEED_CBC_SHA;TLS_RSA_WITH_CAMELLIA_256_CBC_SHA256;TLS_RSA_WITH_CAMELLIA_256_CBC_SHA;TLS_RSA_WITH_CAMELLIA_128_CBC_SHA256;TLS_RSA_WITH_CAMELLIA_128_CBC_SHA;TLS_RSA_WITH_ARIA_256_GCM_SHA384;TLS_RSA_WITH_ARIA_128_GCM_SHA256;TLS_RSA_WITH_AES_256_GCM_SHA384;TLS_RSA_WITH_AES_256_CCM_8;TLS_RSA_WITH_AES_256_CCM;TLS_RSA_WITH_AES_256_CBC_SHA256;TLS_RSA_WITH_AES_256_CBC_SHA;TLS_RSA_WITH_AES_128_GCM_SHA256;TLS_RSA_WITH_AES_128_CCM_8;TLS_RSA_WITH_AES_128_CCM;TLS_RSA_WITH_AES_128_CBC_SHA256;TLS_RSA_WITH_AES_128_CBC_SHA,0.0,1.0,1.0,0.0,0.0,0.0,1.0
sede.hacienda.gob.es,0.0,0.0,0.0,0.0,,0.0,0.0,0.0,0.0,0.0,0.0,0.0,0.0,0.0,0.0,0.0,0.0,0.0,0.0,0.0,0.0,0.0,0.0,0.0,0.0,0.0,,0.0,0.0,0.0,0.0,0.0,0.0,0.0,0.0,0.0,0.0,0.0,0.0,0.0,0.0,0.0,1,1,1,1,1,1,6,,,,0.0,,,0.0,0.0,,0.0,0.0,0.0,0.0,,0.0,0.0,0.0,0.0,0.0,0.0,0.0
sede.inclusion.gob.es,10.0,0.0,0.0,0.0,,0.0,0.0,7.0,0.7,3.0,0.3,2.0,0.2,0.0,0.0,0.0,0.0,0.0,0.0,-12.0,353.0,388.0,188.0,92.0,0.489,3.0,insuit.net;google-analytics.com;fonts.googleapis.com,92.0,0.489,0.0,0.0,15.0,16.0,0.0,1.0,0.0,0.0,1.0,93.0,31.0,5.0,26.0,1,1,0,0,1,1,4,,TLS_1_3,RSAPublicKey,2048.0,,"OU=AC Componentes Informáticos,O=FNMT-RCM,C=ES",54.0,16.0,TLS_CHACHA20_POLY1305_SHA256;TLS_AES_256_GCM_SHA384;TLS_AES_128_GCM_SHA256;TLS_RSA_WITH_AES_256_GCM_SHA384;TLS_RSA_WITH_AES_256_CBC_SHA256;TLS_RSA_WITH_AES_256_CBC_SHA;TLS_RSA_WITH_AES_128_GCM_SHA256;TLS_RSA_WITH_AES_128_CBC_SHA256;TLS_RSA_WITH_AES_128_CBC_SHA;TLS_ECDHE_RSA_WITH_CHACHA20_POLY1305_SHA256;TLS_ECDHE_RSA_WITH_AES_256_GCM_SHA384;TLS_ECDHE_RSA_WITH_AES_256_CBC_SHA384;TLS_ECDHE_RSA_WITH_AES_256_CBC_SHA;TLS_ECDHE_RSA_WITH_AES_128_GCM_SHA256;TLS_ECDHE_RSA_WITH_AES_128_CBC_SHA256;TLS_ECDHE_RSA_WITH_AES_128_CBC_SHA,7.0,0.438,6.0,0.375,TLS_RSA_WITH_AES_256_GCM_SHA384;TLS_RSA_WITH_AES_256_CBC_SHA256;TLS_RSA_WITH_AES_256_CBC_SHA;TLS_RSA_WITH_AES_128_GCM_SHA256;TLS_RSA_WITH_AES_128_CBC_SHA256;TLS_RSA_WITH_AES_128_CBC_SHA,1.0,0.0,0.0,0.0,0.0,0.0,0.0
sede.interior.gob.es,0.0,0.0,0.0,0.0,,0.0,0.0,0.0,0.0,0.0,0.0,0.0,0.0,0.0,0.0,0.0,0.0,0.0,0.0,0.0,0.0,0.0,0.0,0.0,0.0,0.0,,0.0,0.0,0.0,0.0,0.0,0.0,0.0,0.0,0.0,0.0,0.0,0.0,0.0,0.0,0.0,1,0,0,0,0,0,1,,,,0.0,,,0.0,0.0,,0.0,0.0,0.0,0.0,,0.0,0.0,0.0,0.0,0.0,0.0,0.0
sede.mjusticia.gob.es,7.0,0.0,0.0,0.0,,0.0,0.0,6.0,0.857,4.0,0.571,1.0,0.143,0.0,0.0,0.0,0.0,0.0,0.0,353.0,353.0,353.0,182.0,92.0,0.505,2.0,insuit.net;piwik.pro,92.0,0.505,9.0,0.0,16.0,11.0,0.0,1.0,0.0,0.0,1.0,106.0,19.0,5.0,14.0,1,0,0,0,1,1,3,,TLS_1_3,RSAPublicKey,2048.0,,"OU=AC RAIZ FNMT-RCM,O=FNMT-RCM,C=ES",223.0,47.0,TLS_CHACHA20_POLY1305_SHA256;TLS_AES_256_GCM_SHA384;TLS_AES_128_GCM_SHA256;TLS_RSA_WITH_CAMELLIA_256_CBC_SHA256;TLS_RSA_WITH_CAMELLIA_256_CBC_SHA;TLS_RSA_WITH_CAMELLIA_128_CBC_SHA256;TLS_RSA_WITH_CAMELLIA_128_CBC_SHA;TLS_RSA_WITH_ARIA_256_GCM_SHA384;TLS_RSA_WITH_ARIA_128_GCM_SHA256;TLS_RSA_WITH_AES_256_GCM_SHA384;TLS_RSA_WITH_AES_256_CCM_8;TLS_RSA_WITH_AES_256_CCM;TLS_RSA_WITH_AES_256_CBC_SHA256;TLS_RSA_WITH_AES_256_CBC_SHA;TLS_RSA_WITH_AES_128_GCM_SHA256;TLS_RSA_WITH_AES_128_CCM_8;TLS_RSA_WITH_AES_128_CCM;TLS_RSA_WITH_AES_128_CBC_SHA256;TLS_RSA_WITH_AES_128_CBC_SHA;TLS_ECDHE_RSA_WITH_CHACHA20_POLY1305_SHA256;TLS_ECDHE_RSA_WITH_CAMELLIA_256_CBC_SHA384;TLS_ECDHE_RSA_WITH_CAMELLIA_128_CBC_SHA256;TLS_ECDHE_RSA_WITH_ARIA_256_GCM_SHA384;TLS_ECDHE_RSA_WITH_ARIA_128_GCM_SHA256;TLS_ECDHE_RSA_WITH_AES_256_GCM_SHA384;TLS_ECDHE_RSA_WITH_AES_256_CBC_SHA384;TLS_ECDHE_RSA_WITH_AES_256_CBC_SHA;TLS_ECDHE_RSA_WITH_AES_128_GCM_SHA256;TLS_ECDHE_RSA_WITH_AES_128_CBC_SHA256;TLS_ECDHE_RSA_WITH_AES_128_CBC_SHA;TLS_DHE_RSA_WITH_CHACHA20_POLY1305_SHA256;TLS_DHE_RSA_WITH_CAMELLIA_256_CBC_SHA256;TLS_DHE_RSA_WITH_CAMELLIA_256_CBC_SHA;TLS_DHE_RSA_WITH_CAMELLIA_128_CBC_SHA256;TLS_DHE_RSA_WITH_CAMELLIA_128_CBC_SHA;TLS_DHE_RSA_WITH_ARIA_256_GCM_SHA384;TLS_DHE_RSA_WITH_ARIA_128_GCM_SHA256;TLS_DHE_RSA_WITH_AES_256_GCM_SHA384;TLS_DHE_RSA_WITH_AES_256_CCM_8;TLS_DHE_RSA_WITH_AES_256_CCM;TLS_DHE_RSA_WITH_AES_256_CBC_SHA256;TLS_DHE_RSA_WITH_AES_256_CBC_SHA;TLS_DHE_RSA_WITH_AES_128_GCM_SHA256;TLS_DHE_RSA_WITH_AES_128_CCM_8;TLS_DHE_RSA_WITH_AES_128_CCM;TLS_DHE_RSA_WITH_AES_128_CBC_SHA256;TLS_DHE_RSA_WITH_AES_128_CBC_SHA,28.0,0.596,16.0,0.34,TLS_RSA_WITH_CAMELLIA_256_CBC_SHA256;TLS_RSA_WITH_CAMELLIA_256_CBC_SHA;TLS_RSA_WITH_CAMELLIA_128_CBC_SHA256;TLS_RSA_WITH_CAMELLIA_128_CBC_SHA;TLS_RSA_WITH_ARIA_256_GCM_SHA384;TLS_RSA_WITH_ARIA_128_GCM_SHA256;TLS_RSA_WITH_AES_256_GCM_SHA384;TLS_RSA_WITH_AES_256_CCM_8;TLS_RSA_WITH_AES_256_CCM;TLS_RSA_WITH_AES_256_CBC_SHA256;TLS_RSA_WITH_AES_256_CBC_SHA;TLS_RSA_WITH_AES_128_GCM_SHA256;TLS_RSA_WITH_AES_128_CCM_8;TLS_RSA_WITH_AES_128_CCM;TLS_RSA_WITH_AES_128_CBC_SHA256;TLS_RSA_WITH_AES_128_CBC_SHA,1.0,0.0,0.0,0.0,0.0,0.0,0.0
sede.mscbs.gob.es,11.0,0.0,0.0,0.0,,0.0,0.0,11.0,1.0,11.0,1.0,11.0,1.0,0.0,0.0,0.0,0.0,0.0,0.0,0.0,0.0,0.0,111.0,65.0,0.586,1.0,insuit.net,65.0,0.586,0.0,0.0,10.0,26.0,0.0,1.0,0.0,0.0,0.0,45.0,12.0,6.0,11.0,0,0,0,0,0,0,0,certinfo_error ('NoneType' object has no attribute 'get'),,,0.0,,,0.0,0.0,,0.0,0.0,0.0,0.0,,0.0,0.0,0.0,0.0,0.0,0.0,0.0
sede.red.gob.es,11.0,0.0,0.0,0.0,,0.0,0.0,0.0,0.0,0.0,0.0,2.0,0.182,0.0,0.0,0.0,0.0,0.0,0.0,-12.0,388.0,388.0,214.0,128.0,0.598,5.0,insuit.net;jsdelivr.net;googletagmanager.com;google-analytics.com;fonts.googleapis.com,128.0,0.598,0.0,0.0,14.0,23.0,0.0,1.0,0.0,0.0,0.0,121.0,22.0,5.0,28.0,1,1,0,1,1,1,5,,TLS_1_2,RSAPublicKey,2048.0,,"CN=HARICA TLS RSA Root CA 2021,O=Hellenic Academic and Research Institutions CA,C=GR",270.0,10.0,TLS_RSA_WITH_AES_256_GCM_SHA384;TLS_RSA_WITH_AES_256_CBC_SHA256;TLS_RSA_WITH_AES_256_CBC_SHA;TLS_RSA_WITH_AES_128_GCM_SHA256;TLS_RSA_WITH_AES_128_CBC_SHA256;TLS_RSA_WITH_AES_128_CBC_SHA;TLS_ECDHE_RSA_WITH_AES_256_GCM_SHA384;TLS_ECDHE_RSA_WITH_AES_256_CBC_SHA;TLS_ECDHE_RSA_WITH_AES_128_GCM_SHA256;TLS_ECDHE_RSA_WITH_AES_128_CBC_SHA,4.0,0.4,6.0,0.6,TLS_RSA_WITH_AES_256_GCM_SHA384;TLS_RSA_WITH_AES_256_CBC_SHA256;TLS_RSA_WITH_AES_256_CBC_SHA;TLS_RSA_WITH_AES_128_GCM_SHA256;TLS_RSA_WITH_AES_128_CBC_SHA256;TLS_RSA_WITH_AES_128_CBC_SHA,1.0,0.0,0.0,0.0,0.0,0.0,0.0
sede.seg-social.gob.es,28.0,0.0,0.0,0.0,,0.0,0.0,2.0,0.071,2.0,0.071,17.0,0.607,0.0,9.0,0.0,0.0,0.321,0.0,-12.0,0.0,388.0,225.0,122.0,0.542,4.0,insuit.net;googletagmanager.com;google-analytics.com;go-mpulse.net,122.0,0.542,0.0,0.0,14.0,76.0,0.0,2.0,0.0,0.0,0.0,66.0,15.0,5.0,47.0,1,1,0,1,1,1,5,,TLS_1_3,ECPublicKey,256.0,secp256r1,"CN=DigiCert Global Root CA,OU=www.digicert.com,O=DigiCert Inc,C=US",82.0,9.0,TLS_CHACHA20_POLY1305_SHA256;TLS_AES_256_GCM_SHA384;TLS_AES_128_GCM_SHA256;TLS_ECDHE_RSA_WITH_CHACHA20_POLY1305_SHA256;TLS_ECDHE_RSA_WITH_AES_256_GCM_SHA384;TLS_ECDHE_RSA_WITH_AES_128_GCM_SHA256;TLS_ECDHE_ECDSA_WITH_CHACHA20_POLY1305_SHA256;TLS_ECDHE_ECDSA_WITH_AES_256_GCM_SHA384;TLS_ECDHE_ECDSA_WITH_AES_128_GCM_SHA256,6.0,0.667,0.0,0.0,,1.0,1.0,1.0,0.0,0.0,0.0,1.0
sede.sepe.gob.es,9.0,0.0,0.0,0.0,,0.0,0.0,2.0,0.222,2.0,0.222,8.0,0.889,0.0,0.0,0.0,0.0,0.0,0.0,24.0,24.0,24.0,168.0,78.0,0.464,2.0,insuit.net;googletagmanager.com,78.0,0.464,0.0,0.0,15.0,38.0,0.0,4.0,0.0,0.0,0.0,76.0,20.0,5.0,10.0,0,0,0,0,0,0,0,,TLS_1_3,RSAPublicKey,2048.0,,"CN=SSL.com EV Root Certification Authority RSA R2,O=SSL Corporation,L=Houston,ST=Texas,C=US",246.0,9.0,TLS_CHACHA20_POLY1305_SHA256;TLS_AES_256_GCM_SHA384;TLS_AES_128_GCM_SHA256;TLS_RSA_WITH_AES_256_CBC_SHA256;TLS_RSA_WITH_AES_256_CBC_SHA;TLS_RSA_WITH_AES_128_CBC_SHA256;TLS_RSA_WITH_AES_128_CBC_SHA;TLS_ECDHE_RSA_WITH_AES_256_GCM_SHA384;TLS_ECDHE_RSA_WITH_AES_128_GCM_SHA256,2.0,0.222,4.0,0.444,TLS_RSA_WITH_AES_256_CBC_SHA256;TLS_RSA_WITH_AES_256_CBC_SHA;TLS_RSA_WITH_AES_128_CBC_SHA256;TLS_RSA_WITH_AES_128_CBC_SHA,0.0,0.0,0.0,0.0,0.0,0.0,0.0
sede.serviciosmin.gob.es,0.0,0.0,0.0,0.0,,0.0,0.0,0.0,0.0,0.0,0.0,0.0,0.0,0.0,0.0,0.0,0.0,0.0,0.0,0.0,0.0,0.0,0.0,0.0,0.0,0.0,,0.0,0.0,0.0,0.0,0.0,0.0,0.0,0.0,0.0,0.0,0.0,0.0,0.0,0.0,0.0,0,1,0,0,1,1,3,,,,0.0,,,0.0,0.0,,0.0,0.0,0.0,0.0,,0.0,0.0,0.0,0.0,0.0,0.0,0.0
sede.tea.hacienda.gob.es,1.0,0.0,0.0,0.0,,0.0,0.0,1.0,1.0,0.0,0.0,1.0,1.0,0.0,0.0,0.0,0.0,0.0,0.0,0.0,0.0,0.0,8.0,0.0,0.0,0.0,,0.0,0.0,0.0,0.0,0.0,3.0,0.0,1.0,0.0,0.0,0.0,1.0,2.0,0.0,1.0,1,1,0,0,0,0,2,,TLS_1_3,ECPublicKey,384.0,secp384r1,"CN=AC RAIZ FNMT-RCM SERVIDORES SEGUROS,2.5.4.97=VATES-Q2826004J,OU=Ceres,O=FNMT-RCM,C=ES",88.0,5.0,TLS_CHACHA20_POLY1305_SHA256;TLS_AES_256_GCM_SHA384;TLS_AES_128_GCM_SHA256;TLS_ECDHE_ECDSA_WITH_AES_256_GCM_SHA384;TLS_ECDHE_ECDSA_WITH_AES_128_GCM_SHA256,2.0,0.4,0.0,0.0,,1.0,0.0,0.0,0.0,0.0,0.0,0.0
sede.transparencia.gob.es,34.0,0.0,0.0,0.0,,0.0,0.0,1.0,0.029,1.0,0.029,18.0,0.529,0.0,0.0,0.0,0.0,0.0,0.0,388.0,388.0,388.0,83.0,57.0,0.687,5.0,google.com;googletagmanager.com;doubleclick.net;redsara.es;google.es,57.0,0.687,9.0,0.0,1.0,15.0,0.0,1.0,0.0,0.0,0.0,28.0,1.0,0.0,28.0,1,0,0,1,1,1,4,,TLS_1_3,RSAPublicKey,2048.0,,"CN=GeoTrust TLS RSA CA G1,OU=www.digicert.com,O=DigiCert Inc,C=US",193.0,4.0,TLS_AES_256_GCM_SHA384;TLS_AES_128_GCM_SHA256;TLS_ECDHE_RSA_WITH_AES_256_GCM_SHA384;TLS_ECDHE_RSA_WITH_AES_128_GCM_SHA256,2.0,0.5,0.0,0.0,,1.0,1.0,1.0,0.0,0.0,0.0,1.0
sede.transportes.gob.es,2.0,0.0,0.0,0.0,,0.0,0.0,1.0,0.5,1.0,0.5,0.0,0.0,0.0,1.0,0.0,0.0,0.5,0.0,18.0,185.5,353.0,68.0,27.0,0.397,3.0,fonts.googleapis.com;jsdelivr.net;googletagmanager.com,27.0,0.397,0.0,0.0,4.0,13.0,0.0,1.0,0.0,0.0,0.0,30.0,15.0,0.0,5.0,1,0,0,0,1,1,3,,TLS_1_3,RSAPublicKey,2048.0,,"CN=AAA Certificate Services,O=Comodo CA Limited,L=Salford,ST=Greater Manchester,C=GB",323.0,47.0,TLS_CHACHA20_POLY1305_SHA256;TLS_AES_256_GCM_SHA384;TLS_AES_128_GCM_SHA256;TLS_RSA_WITH_CAMELLIA_256_CBC_SHA256;TLS_RSA_WITH_CAMELLIA_256_CBC_SHA;TLS_RSA_WITH_CAMELLIA_128_CBC_SHA256;TLS_RSA_WITH_CAMELLIA_128_CBC_SHA;TLS_RSA_WITH_ARIA_256_GCM_SHA384;TLS_RSA_WITH_ARIA_128_GCM_SHA256;TLS_RSA_WITH_AES_256_GCM_SHA384;TLS_RSA_WITH_AES_256_CCM_8;TLS_RSA_WITH_AES_256_CCM;TLS_RSA_WITH_AES_256_CBC_SHA256;TLS_RSA_WITH_AES_256_CBC_SHA;TLS_RSA_WITH_AES_128_GCM_SHA256;TLS_RSA_WITH_AES_128_CCM_8;TLS_RSA_WITH_AES_128_CCM;TLS_RSA_WITH_AES_128_CBC_SHA256;TLS_RSA_WITH_AES_128_CBC_SHA;TLS_ECDHE_RSA_WITH_CHACHA20_POLY1305_SHA256;TLS_ECDHE_RSA_WITH_CAMELLIA_256_CBC_SHA384;TLS_ECDHE_RSA_WITH_CAMELLIA_128_CBC_SHA256;TLS_ECDHE_RSA_WITH_ARIA_256_GCM_SHA384;TLS_ECDHE_RSA_WITH_ARIA_128_GCM_SHA256;TLS_ECDHE_RSA_WITH_AES_256_GCM_SHA384;TLS_ECDHE_RSA_WITH_AES_256_CBC_SHA384;TLS_ECDHE_RSA_WITH_AES_256_CBC_SHA;TLS_ECDHE_RSA_WITH_AES_128_GCM_SHA256;TLS_ECDHE_RSA_WITH_AES_128_CBC_SHA256;TLS_ECDHE_RSA_WITH_AES_128_CBC_SHA;TLS_DHE_RSA_WITH_CHACHA20_POLY1305_SHA256;TLS_DHE_RSA_WITH_CAMELLIA_256_CBC_SHA256;TLS_DHE_RSA_WITH_CAMELLIA_256_CBC_SHA;TLS_DHE_RSA_WITH_CAMELLIA_128_CBC_SHA256;TLS_DHE_RSA_WITH_CAMELLIA_128_CBC_SHA;TLS_DHE_RSA_WITH_ARIA_256_GCM_SHA384;TLS_DHE_RSA_WITH_ARIA_128_GCM_SHA256;TLS_DHE_RSA_WITH_AES_256_GCM_SHA384;TLS_DHE_RSA_WITH_AES_256_CCM_8;TLS_DHE_RSA_WITH_AES_256_CCM;TLS_DHE_RSA_WITH_AES_256_CBC_SHA256;TLS_DHE_RSA_WITH_AES_256_CBC_SHA;TLS_DHE_RSA_WITH_AES_128_GCM_SHA256;TLS_DHE_RSA_WITH_AES_128_CCM_8;TLS_DHE_RSA_WITH_AES_128_CCM;TLS_DHE_RSA_WITH_AES_128_CBC_SHA256;TLS_DHE_RSA_WITH_AES_128_CBC_SHA,28.0,0.596,16.0,0.34,TLS_RSA_WITH_CAMELLIA_256_CBC_SHA256;TLS_RSA_WITH_CAMELLIA_256_CBC_SHA;TLS_RSA_WITH_CAMELLIA_128_CBC_SHA256;TLS_RSA_WITH_CAMELLIA_128_CBC_SHA;TLS_RSA_WITH_ARIA_256_GCM_SHA384;TLS_RSA_WITH_ARIA_128_GCM_SHA256;TLS_RSA_WITH_AES_256_GCM_SHA384;TLS_RSA_WITH_AES_256_CCM_8;TLS_RSA_WITH_AES_256_CCM;TLS_RSA_WITH_AES_256_CBC_SHA256;TLS_RSA_WITH_AES_256_CBC_SHA;TLS_RSA_WITH_AES_128_GCM_SHA256;TLS_RSA_WITH_AES_128_CCM_8;TLS_RSA_WITH_AES_128_CCM;TLS_RSA_WITH_AES_128_CBC_SHA256;TLS_RSA_WITH_AES_128_CBC_SHA,1.0,1.0,1.0,0.0,0.0,0.0,1.0
sedeaepd.gob.es,0.0,0.0,0.0,0.0,,0.0,0.0,0.0,0.0,0.0,0.0,0.0,0.0,0.0,0.0,0.0,0.0,0.0,0.0,0.0,0.0,0.0,0.0,0.0,0.0,0.0,,0.0,0.0,0.0,0.0,0.0,0.0,0.0,0.0,0.0,0.0,0.0,0.0,0.0,0.0,0.0,1,0,0,0,1,0,2,,,,0.0,,,0.0,0.0,,0.0,0.0,0.0,0.0,,0.0,0.0,0.0,0.0,0.0,0.0,0.0
sedeaplicaciones.minetur.gob.es,0.0,0.0,0.0,0.0,,0.0,0.0,0.0,0.0,0.0,0.0,0.0,0.0,0.0,0.0,0.0,0.0,0.0,0.0,0.0,0.0,0.0,130.0,127.0,0.977,6.0,serviciosmin.gob.es;fonts.googleapis.com;readspeaker.com;googletagmanager.com;ajax.googleapis.com,69.0,0.531,0.0,0.0,17.0,25.0,0.0,3.0,0.0,0.0,0.0,50.0,35.0,0.0,0.0,0,0,0,0,0,0,0,,TLS_1_2,RSAPublicKey,2048.0,,"CN=Autoridad de Certificacion Firmaprofesional CIF A62634068,C=ES",70.0,13.0,TLS_RSA_WITH_RC4_128_SHA;TLS_RSA_WITH_RC4_128_MD5;TLS_RSA_WITH_AES_256_GCM_SHA384;TLS_RSA_WITH_AES_256_CBC_SHA256;TLS_RSA_WITH_AES_256_CBC_SHA;TLS_RSA_WITH_AES_128_GCM_SHA256;TLS_RSA_WITH_AES_128_CBC_SHA256;TLS_RSA_WITH_AES_128_CBC_SHA;TLS_RSA_WITH_3DES_EDE_CBC_SHA;TLS_DHE_RSA_WITH_AES_256_GCM_SHA384;TLS_DHE_RSA_WITH_AES_256_CBC_SHA;TLS_DHE_RSA_WITH_AES_128_GCM_SHA256;TLS_DHE_RSA_WITH_AES_128_CBC_SHA,4.0,0.308,9.0,0.692,TLS_RSA_WITH_RC4_128_SHA;TLS_RSA_WITH_RC4_128_MD5;TLS_RSA_WITH_AES_256_GCM_SHA384;TLS_RSA_WITH_AES_256_CBC_SHA256;TLS_RSA_WITH_AES_256_CBC_SHA;TLS_RSA_WITH_AES_128_GCM_SHA256;TLS_RSA_WITH_AES_128_CBC_SHA256;TLS_RSA_WITH_AES_128_CBC_SHA;TLS_RSA_WITH_3DES_EDE_CBC_SHA,0.0,0.0,0.0,0.0,0.0,0.0,0.0
sedecatastro.gob.es,3.0,0.0,0.0,0.0,,0.0,0.0,3.0,1.0,3.0,1.0,3.0,1.0,0.0,1.0,0.0,0.0,0.333,0.0,0.0,0.0,0.0,88.0,36.0,0.409,3.0,google-analytics.com;googletagmanager.com;fonts.googleapis.com,36.0,0.409,0.0,0.0,4.0,28.0,0.0,1.0,0.0,0.0,0.0,19.0,18.0,0.0,18.0,0,0,0,0,0,1,1,,,,0.0,,,0.0,0.0,,0.0,0.0,0.0,0.0,,0.0,0.0,0.0,0.0,0.0,0.0,0.0
sedediatid.digital.gob.es,1.0,0.0,0.0,0.0,,0.0,0.0,0.0,0.0,0.0,0.0,1.0,1.0,0.0,0.0,0.0,0.0,0.0,0.0,0.0,0.0,0.0,131.0,63.0,0.481,4.0,gstatic.com;fonts.googleapis.com;ajax.googleapis.com;cloudflare.com,63.0,0.481,0.0,0.0,35.0,14.0,0.0,4.0,0.0,0.0,0.0,43.0,22.0,0.0,13.0,0,1,0,0,1,1,3,,,,0.0,,,0.0,0.0,,0.0,0.0,0.0,0.0,,0.0,1.0,4.0,1.0,1.0,1.0,1.0
seguridadaerea.gob.es,835.0,9.0,0.011,1.0,twitter.com,9.0,0.011,768.0,0.92,768.0,0.92,311.0,0.372,0.0,0.0,0.0,0.0,0.0,0.0,-12.0,0.0,388.0,187.0,117.0,0.626,5.0,twitter.com;addtoany.com;ajax.googleapis.com;google-analytics.com;googletagmanager.com,117.0,0.626,0.0,0.0,3.0,28.0,0.0,1.0,0.0,0.0,0.0,94.0,5.0,27.0,29.0,1,0,0,0,0,1,2,,,,0.0,,,0.0,0.0,,0.0,0.0,0.0,0.0,,0.0,1.0,1.0,0.0,0.0,0.0,1.0
servicios.administraciondigital.gob.es,26.0,0.0,0.0,0.0,,0.0,0.0,0.0,0.0,0.0,0.0,26.0,1.0,0.0,0.0,0.0,0.0,0.0,0.0,0.0,0.0,0.0,10.0,0.0,0.0,0.0,,0.0,0.0,0.0,0.0,0.0,8.0,0.0,2.0,0.0,0.0,0.0,0.0,0.0,0.0,0.0,0,0,0,0,0,0,0,,TLS_1_2,RSAPublicKey,2048.0,,"OU=AC RAIZ FNMT-RCM,O=FNMT-RCM,C=ES",291.0,22.0,TLS_RSA_WITH_CAMELLIA_256_CBC_SHA;TLS_RSA_WITH_CAMELLIA_128_CBC_SHA;TLS_RSA_WITH_AES_256_GCM_SHA384;TLS_RSA_WITH_AES_256_CBC_SHA256;TLS_RSA_WITH_AES_256_CBC_SHA;TLS_RSA_WITH_AES_128_GCM_SHA256;TLS_RSA_WITH_AES_128_CBC_SHA256;TLS_RSA_WITH_AES_128_CBC_SHA;TLS_ECDHE_RSA_WITH_AES_256_GCM_SHA384;TLS_ECDHE_RSA_WITH_AES_256_CBC_SHA384;TLS_ECDHE_RSA_WITH_AES_256_CBC_SHA;TLS_ECDHE_RSA_WITH_AES_128_GCM_SHA256;TLS_ECDHE_RSA_WITH_AES_128_CBC_SHA256;TLS_ECDHE_RSA_WITH_AES_128_CBC_SHA;TLS_DHE_RSA_WITH_CAMELLIA_256_CBC_SHA;TLS_DHE_RSA_WITH_CAMELLIA_128_CBC_SHA;TLS_DHE_RSA_WITH_AES_256_GCM_SHA384;TLS_DHE_RSA_WITH_AES_256_CBC_SHA256;TLS_DHE_RSA_WITH_AES_256_CBC_SHA;TLS_DHE_RSA_WITH_AES_128_GCM_SHA256;TLS_DHE_RSA_WITH_AES_128_CBC_SHA256;TLS_DHE_RSA_WITH_AES_128_CBC_SHA,14.0,0.636,8.0,0.364,TLS_RSA_WITH_CAMELLIA_256_CBC_SHA;TLS_RSA_WITH_CAMELLIA_128_CBC_SHA;TLS_RSA_WITH_AES_256_GCM_SHA384;TLS_RSA_WITH_AES_256_CBC_SHA256;TLS_RSA_WITH_AES_256_CBC_SHA;TLS_RSA_WITH_AES_128_GCM_SHA256;TLS_RSA_WITH_AES_128_CBC_SHA256;TLS_RSA_WITH_AES_128_CBC_SHA,0.0,0.0,0.0,0.0,0.0,0.0,0.0
spainaudiovisualhub.mineco.gob.es,75.0,54.0,0.72,2.0,demdex.net;everesttech.net,54.0,0.72,37.0,0.493,0.0,0.0,19.0,0.253,0.0,0.0,0.0,0.0,0.0,0.0,168.0,168.0,388.0,141.0,72.0,0.511,4.0,adobedtm.com;demdex.net;everesttech.net;omtrdc.net,72.0,0.511,0.0,0.0,10.0,51.0,7.0,3.0,0.0,0.0,0.0,39.0,13.0,9.0,9.0,1,1,1,1,1,1,6,,TLS_1_2,RSAPublicKey,2048.0,,"CN=GEANT OV RSA CA 4,O=GEANT Vereniging,C=NL",22.0,10.0,TLS_RSA_WITH_AES_256_GCM_SHA384;TLS_RSA_WITH_AES_256_CBC_SHA256;TLS_RSA_WITH_AES_256_CBC_SHA;TLS_RSA_WITH_AES_128_GCM_SHA256;TLS_RSA_WITH_AES_128_CBC_SHA256;TLS_RSA_WITH_AES_128_CBC_SHA;TLS_ECDHE_RSA_WITH_AES_256_GCM_SHA384;TLS_ECDHE_RSA_WITH_AES_256_CBC_SHA;TLS_ECDHE_RSA_WITH_AES_128_GCM_SHA256;TLS_ECDHE_RSA_WITH_AES_128_CBC_SHA,4.0,0.4,6.0,0.6,TLS_RSA_WITH_AES_256_GCM_SHA384;TLS_RSA_WITH_AES_256_CBC_SHA256;TLS_RSA_WITH_AES_256_CBC_SHA;TLS_RSA_WITH_AES_128_GCM_SHA256;TLS_RSA_WITH_AES_128_CBC_SHA256;TLS_RSA_WITH_AES_128_CBC_SHA,1.0,1.0,1.0,0.0,0.0,0.0,1.0
transparencia.gob.es,14.0,0.0,0.0,0.0,,0.0,0.0,5.0,0.357,5.0,0.357,4.0,0.286,0.0,0.0,0.0,0.0,0.0,0.0,-11.0,388.0,388.0,103.0,37.0,0.359,4.0,google.com;googletagmanager.com;doubleclick.net;google.es,37.0,0.359,9.0,0.0,1.0,37.0,0.0,1.0,0.0,0.0,0.0,25.0,12.0,0.0,18.0,1,0,0,0,1,1,3,,TLS_1_3,RSAPublicKey,2048.0,,"OU=AC RAIZ FNMT-RCM,O=FNMT-RCM,C=ES",53.0,4.0,TLS_AES_256_GCM_SHA384;TLS_AES_128_GCM_SHA256;TLS_ECDHE_RSA_WITH_AES_256_GCM_SHA384;TLS_ECDHE_RSA_WITH_AES_128_GCM_SHA256,2.0,0.5,0.0,0.0,,1.0,1.0,1.0,0.0,0.0,0.0,1.0
transportes.gob.es,3.0,0.0,0.0,0.0,,0.0,0.0,3.0,1.0,3.0,1.0,0.0,0.0,0.0,0.0,0.0,0.0,0.0,0.0,353.0,353.0,353.0,247.0,172.0,0.696,5.0,gstatic.com;google.com;fonts.googleapis.com;ajax.googleapis.com;mitma.gob.es,171.0,0.692,0.0,0.0,39.0,58.0,0.0,1.0,1.0,0.0,0.0,107.0,41.0,0.0,0.0,1,0,0,1,1,1,4,,,,0.0,,,0.0,0.0,,0.0,0.0,0.0,0.0,,0.0,0.0,0.0,0.0,0.0,0.0,0.0
usuariosteleco.digital.gob.es,0.0,0.0,0.0,0.0,,0.0,0.0,0.0,0.0,0.0,0.0,0.0,0.0,0.0,0.0,0.0,0.0,0.0,0.0,0.0,0.0,0.0,0.0,0.0,0.0,0.0,,0.0,0.0,0.0,0.0,0.0,0.0,0.0,0.0,0.0,0.0,0.0,0.0,0.0,0.0,0.0,0,1,0,0,1,1,3,,,,0.0,,,0.0,0.0,,0.0,0.0,0.0,0.0,,0.0,0.0,0.0,0.0,0.0,0.0,0.0
veranojoven.transportes.gob.es,23.0,0.0,0.0,0.0,,0.0,0.0,11.0,0.478,11.0,0.478,0.0,0.0,0.0,0.0,0.0,0.0,0.0,0.0,353.0,388.0,388.0,133.0,117.0,0.88,4.0,fonts.googleapis.com;gstatic.com;google-analytics.com;googletagmanager.com,117.0,0.88,0.0,0.0,37.0,7.0,0.0,1.0,0.0,0.0,0.0,21.0,37.0,0.0,30.0,1,0,0,1,1,1,4,,TLS_1_3,RSAPublicKey,2048.0,,"OU=AC RAIZ FNMT-RCM,O=FNMT-RCM,C=ES",53.0,6.0,TLS_CHACHA20_POLY1305_SHA256;TLS_AES_256_GCM_SHA384;TLS_AES_128_GCM_SHA256;TLS_ECDHE_RSA_WITH_CHACHA20_POLY1305_SHA256;TLS_ECDHE_RSA_WITH_AES_256_GCM_SHA384;TLS_ECDHE_RSA_WITH_AES_128_GCM_SHA256,3.0,0.5,0.0,0.0,,1.0,1.0,1.0,0.0,0.0,0.0,1.0
violenciagenero.igualdad.gob.es,18.0,9.0,0.5,1.0,translate-pa.googleapis.com,9.0,0.5,1.0,0.056,9.0,0.5,0.0,0.0,0.0,1.0,0.0,0.0,0.056,0.0,171.0,262.0,388.0,247.0,180.0,0.729,9.0,fontawesome.com;gstatic.com;cloudflare.com;google-analytics.com;google.com,180.0,0.729,0.0,0.0,2.0,68.0,1.0,1.0,0.0,0.0,0.0,63.0,48.0,0.0,64.0,1,1,1,1,1,1,6,,TLS_1_3,RSAPublicKey,2048.0,,"OU=AC RAIZ FNMT-RCM,O=FNMT-RCM,C=ES",54.0,24.0,TLS_AES_256_GCM_SHA384;TLS_AES_128_GCM_SHA256;TLS_RSA_WITH_CAMELLIA_256_CBC_SHA;TLS_RSA_WITH_CAMELLIA_128_CBC_SHA;TLS_RSA_WITH_AES_256_GCM_SHA384;TLS_RSA_WITH_AES_256_CBC_SHA256;TLS_RSA_WITH_AES_256_CBC_SHA;TLS_RSA_WITH_AES_128_GCM_SHA256;TLS_RSA_WITH_AES_128_CBC_SHA256;TLS_RSA_WITH_AES_128_CBC_SHA;TLS_ECDHE_RSA_WITH_AES_256_GCM_SHA384;TLS_ECDHE_RSA_WITH_AES_256_CBC_SHA384;TLS_ECDHE_RSA_WITH_AES_256_CBC_SHA;TLS_ECDHE_RSA_WITH_AES_128_GCM_SHA256;TLS_ECDHE_RSA_WITH_AES_128_CBC_SHA256;TLS_ECDHE_RSA_WITH_AES_128_CBC_SHA;TLS_DHE_RSA_WITH_CAMELLIA_256_CBC_SHA;TLS_DHE_RSA_WITH_CAMELLIA_128_CBC_SHA;TLS_DHE_RSA_WITH_AES_256_GCM_SHA384;TLS_DHE_RSA_WITH_AES_256_CBC_SHA256;TLS_DHE_RSA_WITH_AES_256_CBC_SHA;TLS_DHE_RSA_WITH_AES_128_GCM_SHA256;TLS_DHE_RSA_WITH_AES_128_CBC_SHA256;TLS_DHE_RSA_WITH_AES_128_CBC_SHA,14.0,0.583,8.0,0.333,TLS_RSA_WITH_CAMELLIA_256_CBC_SHA;TLS_RSA_WITH_CAMELLIA_128_CBC_SHA;TLS_RSA_WITH_AES_256_GCM_SHA384;TLS_RSA_WITH_AES_256_CBC_SHA256;TLS_RSA_WITH_AES_256_CBC_SHA;TLS_RSA_WITH_AES_128_GCM_SHA256;TLS_RSA_WITH_AES_128_CBC_SHA256;TLS_RSA_WITH_AES_128_CBC_SHA,1.0,1.0,1.0,0.0,0.0,0.0,1.0
