domain,status,http_status,third_party_domains,third_party_cookies,canvas,audioCtx,rtc,storage
goaelectricity.gov.in,OK,200.0,"['cdnjs.cloudflare.com', 'connect.facebook.net', 'fonts.gstatic.com', 's3.amazonaws.com', 's3.ap-south-1.amazonaws.com', 'ssl.google-analytics.com', 'translate-pa.googleapis.com', 'translate.google.com', 'translate.googleapis.com', 'www.facebook.com', 'www.google.com', 'www.gstatic.com', 'www.smatbot.com']","[{'name': 'NID', 'value': '525=AXNwxZ3zJ7HWaXuOAXyqKz0yG2Kk1r9A5WhwnaJwk2c5fnKonptLT5JVS0K1fWJRCl2qhGcs8hRbLTrtzSNw3BmhGktfYtpQ27bK1cV1jwG9CGhxNRQ04plinv5hNdopwPpgndxfSypYLI_kQrVgdakq9e0wJroFHpZGaOK-Z3YvOWhql4ln10f5eeQpwGAaS5VMIfjwmZsTluPyPl4Uy_Qcy4g', 'domain': '.translate-pa.googleapis.com', 'path': '/', 'expires': 1771096251, 'httpOnly': True, 'secure': False, 'sameSite': 'None'}, {'name': 'PHPSESSID', 'value': '9quh0tt5n28ib2oac3359kqgo3', 'domain': 'www.ranaghat.gov.in', 'path': '/', 'expires': -1, 'httpOnly': False, 'secure': False, 'sameSite': 'None'}]",False,False,False,False
www.ranaghat.gov.in,OK,200.0,['ranaghat.gov.in'],"[{'name': 'ASP.NET_SessionId', 'value': 'rgou5rr3xjb3ljjxixoex1yz', 'domain': 'www.suratmunicipal.gov.in', 'path': '/', 'expires': -1, 'httpOnly': True, 'secure': True, 'sameSite': 'Lax'}, {'name': 'NID', 'value': '525=AXNwxZ3zJ7HWaXuOAXyqKz0yG2Kk1r9A5WhwnaJwk2c5fnKonptLT5JVS0K1fWJRCl2qhGcs8hRbLTrtzSNw3BmhGktfYtpQ27bK1cV1jwG9CGhxNRQ04plinv5hNdopwPpgndxfSypYLI_kQrVgdakq9e0wJroFHpZGaOK-Z3YvOWhql4ln10f5eeQpwGAaS5VMIfjwmZsTluPyPl4Uy_Qcy4g', 'domain': '.translate-pa.googleapis.com', 'path': '/', 'expires': 1771096251, 'httpOnly': True, 'secure': False, 'sameSite': 'None'}, {'name': '_GRECAPTCHA', 'value': '09ANMylNAdscD3AjanliWKJukk1fyu2GCsXU6EPD_YgbxCbng5iYi2HG_tagASKtg8QbNNFqzXFWYM2yGycv5cfpE', 'domain': 'www.google.com', 'path': '/recaptcha', 'expires': 1770837055, 'httpOnly': True, 'secure': True, 'sameSite': 'None'}, {'name': 'ASP.NET_SessionId', 'value': '2xp54cgrzy2b20omma5sizqx', 'domain': 'goaelectricity.gov.in', 'path': '/', 'expires': -1, 'httpOnly': True, 'secure': True, 'sameSite': 'Lax'}]",False,False,False,False
genderpark.gov.in,OK,200.0,"['fonts.googleapis.com', 'fonts.gstatic.com', 'sp-ao.shortpixel.ai', 'stackpath.bootstrapcdn.com', 'www.google.com', 'www.gstatic.com']","[{'name': 'ASP.NET_SessionId', 'value': 'rgou5rr3xjb3ljjxixoex1yz', 'domain': 'www.suratmunicipal.gov.in', 'path': '/', 'expires': -1, 'httpOnly': True, 'secure': True, 'sameSite': 'Lax'}, {'name': '_ga', 'value': 'GA1.1.1927295887.1755285057', 'domain': '.suratmunicipal.gov.in', 'path': '/', 'expires': 1818357057, 'httpOnly': False, 'secure': False, 'sameSite': 'None'}, {'name': '_ga_39997JPBB2', 'value': 'GS2.1.s1755285057$o1$g0$t1755285057$j60$l0$h0', 'domain': '.suratmunicipal.gov.in', 'path': '/', 'expires': 1818357057, 'httpOnly': False, 'secure': False, 'sameSite': 'None'}, {'name': 'NID', 'value': '525=AXNwxZ3zJ7HWaXuOAXyqKz0yG2Kk1r9A5WhwnaJwk2c5fnKonptLT5JVS0K1fWJRCl2qhGcs8hRbLTrtzSNw3BmhGktfYtpQ27bK1cV1jwG9CGhxNRQ04plinv5hNdopwPpgndxfSypYLI_kQrVgdakq9e0wJroFHpZGaOK-Z3YvOWhql4ln10f5eeQpwGAaS5VMIfjwmZsTluPyPl4Uy_Qcy4g', 'domain': '.translate-pa.googleapis.com', 'path': '/', 'expires': 1771096251, 'httpOnly': True, 'secure': False, 'sameSite': 'None'}, {'name': 'PHPSESSID', 'value': '9quh0tt5n28ib2oac3359kqgo3', 'domain': 'www.ranaghat.gov.in', 'path': '/', 'expires': -1, 'httpOnly': False, 'secure': False, 'sameSite': 'None'}, {'name': '__cf_bm', 'value': 'jqKeDdaeeffy8i3WYIq8_Z_yGkg7OhY3vAY58HCXZks-1755285056-1.0.1.1-w.iDNzBi3agZxMulsPd42k4EfJiOh8uqQidPFz3Q2G7v6qe2H_AjTkwxzQaX23qtdxBzVx3x4icLxXAkFlBILTgJ.IVDrq_JFBtc7SYabyE', 'domain': '.w3.org', 'path': '/', 'expires': 1755286856, 'httpOnly': True, 'secure': True, 'sameSite': 'None'}, {'name': '_GRECAPTCHA', 'value': '09ANMylNAdscD3AjanliWKJukk1fyu2GCsXU6EPD_YgbxCbng5iYi2HG_tagASKtg8QbNNFqzXFWYM2yGycv5cfpE', 'domain': 'www.google.com', 'path': '/recaptcha', 'expires': 1770837055, 'httpOnly': True, 'secure': True, 'sameSite': 'None'}, {'name': 'ASP.NET_SessionId', 'value': '2xp54cgrzy2b20omma5sizqx', 'domain': 'goaelectricity.gov.in', 'path': '/', 'expires': -1, 'httpOnly': True, 'secure': True, 'sameSite': 'Lax'}]",False,False,False,True
www.suratmunicipal.gov.in,OK,200.0,"['fonts.googleapis.com', 'fonts.gstatic.com', 'region1.google-analytics.com', 'translate-pa.googleapis.com', 'translate.google.com', 'translate.googleapis.com', 'www.googletagmanager.com', 'www.gstatic.com', 'www.w3.org']","[{'name': '_ga', 'value': 'GA1.1.1927295887.1755285057', 'domain': '.suratmunicipal.gov.in', 'path': '/', 'expires': 1818357057, 'httpOnly': False, 'secure': False, 'sameSite': 'None'}, {'name': '_ga_39997JPBB2', 'value': 'GS2.1.s1755285057$o1$g0$t1755285057$j60$l0$h0', 'domain': '.suratmunicipal.gov.in', 'path': '/', 'expires': 1818357057, 'httpOnly': False, 'secure': False, 'sameSite': 'None'}, {'name': 'NID', 'value': '525=S9lf8rRG2aAUKVR61O4c-r3qccxebNxkJ0CfQtzRMrKGsEhckioyUnaLaHJxVxSyJ4F6DDPcN0iSFHdSBHXMDnS4w7IrowsapaHAwGggizE3AocAxa2E52kynvorAqraYCFmexqFOOWftbxzXzKGJlVzOf7od6FZaOOf7AdoYj8ngSXOaXs2oxEnmcuVL3ip37NMkBbgXf8LXawvn613Mcrt7QI', 'domain': '.translate-pa.googleapis.com', 'path': '/', 'expires': 1771096251, 'httpOnly': True, 'secure': False, 'sameSite': 'None'}, {'name': 'IVFRT_Cookie', 'value': 'rd7o00000000000000000000ffff0af8a887o80', 'domain': 'indianvisaonline.gov.in', 'path': '/', 'expires': -1, 'httpOnly': True, 'secure': True, 'sameSite': 'Strict'}, {'name': 'BNES_IVFRT_Cookie', 'value': '65cxj17yWW9Oka/3kZpJEgpVQb9oqzLWvEygarX4/+bRPsBU8exJ7MJw0rw3/rAwwNI0A94b2WJ1dOmhWROEFh1qBGNwNLxfrQtTlikfam0FyZ21FEkRpdo3QUA3gdua', 'domain': 'indianvisaonline.gov.in', 'path': '/', 'expires': -1, 'httpOnly': True, 'secure': True, 'sameSite': 'Strict'}, {'name': 'PHPSESSID', 'value': '9quh0tt5n28ib2oac3359kqgo3', 'domain': 'www.ranaghat.gov.in', 'path': '/', 'expires': -1, 'httpOnly': False, 'secure': False, 'sameSite': 'None'}, {'name': '__cf_bm', 'value': 'jqKeDdaeeffy8i3WYIq8_Z_yGkg7OhY3vAY58HCXZks-1755285056-1.0.1.1-w.iDNzBi3agZxMulsPd42k4EfJiOh8uqQidPFz3Q2G7v6qe2H_AjTkwxzQaX23qtdxBzVx3x4icLxXAkFlBILTgJ.IVDrq_JFBtc7SYabyE', 'domain': '.w3.org', 'path': '/', 'expires': 1755286856, 'httpOnly': True, 'secure': True, 'sameSite': 'None'}, {'name': '_GRECAPTCHA', 'value': '09ANMylNAdscD3AjanliWKJukk1fyu2GCsXU6EPD_YgbxCbng5iYi2HG_tagASKtg8QbNNFqzXFWYM2yGycv5cfpE', 'domain': 'www.google.com', 'path': '/recaptcha', 'expires': 1770837055, 'httpOnly': True, 'secure': True, 'sameSite': 'None'}, {'name': 'ASP.NET_SessionId', 'value': '2xp54cgrzy2b20omma5sizqx', 'domain': 'goaelectricity.gov.in', 'path': '/', 'expires': -1, 'httpOnly': True, 'secure': True, 'sameSite': 'Lax'}]",False,False,False,False
www.iirs.gov.in,OK,200.0,"['code.jquery.com', 'fonts.googleapis.com', 'fonts.gstatic.com', 'region1.google-analytics.com', 'rf.revolvermaps.com', 'www.google-analytics.com', 'www.googletagmanager.com']","[{'name': 'ASP.NET_SessionId', 'value': 'rgou5rr3xjb3ljjxixoex1yz', 'domain': 'www.suratmunicipal.gov.in', 'path': '/', 'expires': -1, 'httpOnly': True, 'secure': True, 'sameSite': 'Lax'}, {'name': '_ga', 'value': 'GA1.1.1927295887.1755285057', 'domain': '.suratmunicipal.gov.in', 'path': '/', 'expires': 1818357057, 'httpOnly': False, 'secure': False, 'sameSite': 'None'}, {'name': '_ga_39997JPBB2', 'value': 'GS2.1.s1755285057$o1$g0$t1755285061$j56$l0$h0', 'domain': '.suratmunicipal.gov.in', 'path': '/', 'expires': 1818357061, 'httpOnly': False, 'secure': False, 'sameSite': 'None'}, {'name': '_ga_ELC9E1Q6NS', 'value': 'GS2.1.s1755285064$o1$g0$t1755285064$j60$l0$h0', 'domain': '.iirs.gov.in', 'path': '/', 'expires': 1818357064, 'httpOnly': False, 'secure': False, 'sameSite': 'None'}, {'name': '_ga', 'value': 'GA1.3.1437562245.1755285064', 'domain': '.iirs.gov.in', 'path': '/', 'expires': 1818357064, 'httpOnly': False, 'secure': False, 'sameSite': 'None'}, {'name': '_gid', 'value': 'GA1.3.399122941.1755285064', 'domain': '.iirs.gov.in', 'path': '/', 'expires': 1755371464, 'httpOnly': False, 'secure': False, 'sameSite': 'None'}, {'name': '_gat_gtag_UA_30334522_1', 'value': '1', 'domain': '.iirs.gov.in', 'path': '/', 'expires': 1755285124, 'httpOnly': False, 'secure': False, 'sameSite': 'None'}, {'name': 'NID', 'value': '525=S9lf8rRG2aAUKVR61O4c-r3qccxebNxkJ0CfQtzRMrKGsEhckioyUnaLaHJxVxSyJ4F6DDPcN0iSFHdSBHXMDnS4w7IrowsapaHAwGggizE3AocAxa2E52kynvorAqraYCFmexqFOOWftbxzXzKGJlVzOf7od6FZaOOf7AdoYj8ngSXOaXs2oxEnmcuVL3ip37NMkBbgXf8LXawvn613Mcrt7QI', 'domain': '.translate-pa.googleapis.com', 'path': '/', 'expires': 1771096251, 'httpOnly': True, 'secure': False, 'sameSite': 'None'}, {'name': 'IVFRT_Cookie', 'value': 'rd7o00000000000000000000ffff0af8a887o80', 'domain': 'indianvisaonline.gov.in', 'path': '/', 'expires': -1, 'httpOnly': True, 'secure': True, 'sameSite': 'Strict'}, {'name': 'BNES_IVFRT_Cookie', 'value': '65cxj17yWW9Oka/3kZpJEgpVQb9oqzLWvEygarX4/+bRPsBU8exJ7MJw0rw3/rAwwNI0A94b2WJ1dOmhWROEFh1qBGNwNLxfrQtTlikfam0FyZ21FEkRpdo3QUA3gdua', 'domain': 'indianvisaonline.gov.in', 'path': '/', 'expires': -1, 'httpOnly': True, 'secure': True, 'sameSite': 'Strict'}, {'name': 'PHPSESSID', 'value': '9quh0tt5n28ib2oac3359kqgo3', 'domain': 'www.ranaghat.gov.in', 'path': '/', 'expires': -1, 'httpOnly': False, 'secure': False, 'sameSite': 'None'}, {'name': '__cf_bm', 'value': 'jqKeDdaeeffy8i3WYIq8_Z_yGkg7OhY3vAY58HCXZks-1755285056-1.0.1.1-w.iDNzBi3agZxMulsPd42k4EfJiOh8uqQidPFz3Q2G7v6qe2H_AjTkwxzQaX23qtdxBzVx3x4icLxXAkFlBILTgJ.IVDrq_JFBtc7SYabyE', 'domain': '.w3.org', 'path': '/', 'expires': 1755286856, 'httpOnly': True, 'secure': True, 'sameSite': 'None'}, {'name': '_GRECAPTCHA', 'value': '09ANMylNAdscD3AjanliWKJukk1fyu2GCsXU6EPD_YgbxCbng5iYi2HG_tagASKtg8QbNNFqzXFWYM2yGycv5cfpE', 'domain': 'www.google.com', 'path': '/recaptcha', 'expires': 1770837055, 'httpOnly': True, 'secure': True, 'sameSite': 'None'}, {'name': 'ASP.NET_SessionId', 'value': '2xp54cgrzy2b20omma5sizqx', 'domain': 'goaelectricity.gov.in', 'path': '/', 'expires': -1, 'httpOnly': True, 'secure': True, 'sameSite': 'Lax'}]",False,False,False,False
apsrtc.gov.in,OK,200.0,[],"[{'name': 'ASP.NET_SessionId', 'value': 'rgou5rr3xjb3ljjxixoex1yz', 'domain': 'www.suratmunicipal.gov.in', 'path': '/', 'expires': -1, 'httpOnly': True, 'secure': True, 'sameSite': 'Lax'}, {'name': '_ga', 'value': 'GA1.1.1927295887.1755285057', 'domain': '.suratmunicipal.gov.in', 'path': '/', 'expires': 1818357057, 'httpOnly': False, 'secure': False, 'sameSite': 'None'}, {'name': '_ga_39997JPBB2', 'value': 'GS2.1.s1755285057$o1$g0$t1755285061$j56$l0$h0', 'domain': '.suratmunicipal.gov.in', 'path': '/', 'expires': 1818357061, 'httpOnly': False, 'secure': False, 'sameSite': 'None'}, {'name': '_ga_ELC9E1Q6NS', 'value': 'GS2.1.s1755285064$o1$g0$t1755285064$j60$l0$h0', 'domain': '.iirs.gov.in', 'path': '/', 'expires': 1818357064, 'httpOnly': False, 'secure': False, 'sameSite': 'None'}, {'name': '_ga', 'value': 'GA1.3.1437562245.1755285064', 'domain': '.iirs.gov.in', 'path': '/', 'expires': 1818357064, 'httpOnly': False, 'secure': False, 'sameSite': 'None'}, {'name': '_gid', 'value': 'GA1.3.399122941.1755285064', 'domain': '.iirs.gov.in', 'path': '/', 'expires': 1755371464, 'httpOnly': False, 'secure': False, 'sameSite': 'None'}, {'name': '_gat_gtag_UA_30334522_1', 'value': '1', 'domain': '.iirs.gov.in', 'path': '/', 'expires': 1755285124, 'httpOnly': False, 'secure': False, 'sameSite': 'None'}, {'name': 'NID', 'value': '525=S9lf8rRG2aAUKVR61O4c-r3qccxebNxkJ0CfQtzRMrKGsEhckioyUnaLaHJxVxSyJ4F6DDPcN0iSFHdSBHXMDnS4w7IrowsapaHAwGggizE3AocAxa2E52kynvorAqraYCFmexqFOOWftbxzXzKGJlVzOf7od6FZaOOf7AdoYj8ngSXOaXs2oxEnmcuVL3ip37NMkBbgXf8LXawvn613Mcrt7QI', 'domain': '.translate-pa.googleapis.com', 'path': '/', 'expires': 1771096251, 'httpOnly': True, 'secure': False, 'sameSite': 'None'}, {'name': 'IVFRT_Cookie', 'value': 'rd7o00000000000000000000ffff0af8a887o80', 'domain': 'indianvisaonline.gov.in', 'path': '/', 'expires': -1, 'httpOnly': True, 'secure': True, 'sameSite': 'Strict'}, {'name': 'BNES_IVFRT_Cookie', 'value': '65cxj17yWW9Oka/3kZpJEgpVQb9oqzLWvEygarX4/+bRPsBU8exJ7MJw0rw3/rAwwNI0A94b2WJ1dOmhWROEFh1qBGNwNLxfrQtTlikfam0FyZ21FEkRpdo3QUA3gdua', 'domain': 'indianvisaonline.gov.in', 'path': '/', 'expires': -1, 'httpOnly': True, 'secure': True, 'sameSite': 'Strict'}, {'name': 'PHPSESSID', 'value': '9quh0tt5n28ib2oac3359kqgo3', 'domain': 'www.ranaghat.gov.in', 'path': '/', 'expires': -1, 'httpOnly': False, 'secure': False, 'sameSite': 'None'}, {'name': '__cf_bm', 'value': 'jqKeDdaeeffy8i3WYIq8_Z_yGkg7OhY3vAY58HCXZks-1755285056-1.0.1.1-w.iDNzBi3agZxMulsPd42k4EfJiOh8uqQidPFz3Q2G7v6qe2H_AjTkwxzQaX23qtdxBzVx3x4icLxXAkFlBILTgJ.IVDrq_JFBtc7SYabyE', 'domain': '.w3.org', 'path': '/', 'expires': 1755286856, 'httpOnly': True, 'secure': True, 'sameSite': 'None'}, {'name': '_GRECAPTCHA', 'value': '09ANMylNAdscD3AjanliWKJukk1fyu2GCsXU6EPD_YgbxCbng5iYi2HG_tagASKtg8QbNNFqzXFWYM2yGycv5cfpE', 'domain': 'www.google.com', 'path': '/recaptcha', 'expires': 1770837055, 'httpOnly': True, 'secure': True, 'sameSite': 'None'}, {'name': 'ASP.NET_SessionId', 'value': '2xp54cgrzy2b20omma5sizqx', 'domain': 'goaelectricity.gov.in', 'path': '/', 'expires': -1, 'httpOnly': True, 'secure': True, 'sameSite': 'Lax'}]",False,False,False,False
indianvisaonline.gov.in,OK,200.0,[],"[{'name': 'ASP.NET_SessionId', 'value': 'rgou5rr3xjb3ljjxixoex1yz', 'domain': 'www.suratmunicipal.gov.in', 'path': '/', 'expires': -1, 'httpOnly': True, 'secure': True, 'sameSite': 'Lax'}, {'name': '_ga', 'value': 'GA1.1.1927295887.1755285057', 'domain': '.suratmunicipal.gov.in', 'path': '/', 'expires': 1818357057, 'httpOnly': False, 'secure': False, 'sameSite': 'None'}, {'name': '_ga_39997JPBB2', 'value': 'GS2.1.s1755285057$o1$g0$t1755285061$j56$l0$h0', 'domain': '.suratmunicipal.gov.in', 'path': '/', 'expires': 1818357061, 'httpOnly': False, 'secure': False, 'sameSite': 'None'}, {'name': '_ga_ELC9E1Q6NS', 'value': 'GS2.1.s1755285064$o1$g0$t1755285064$j60$l0$h0', 'domain': '.iirs.gov.in', 'path': '/', 'expires': 1818357064, 'httpOnly': False, 'secure': False, 'sameSite': 'None'}, {'name': '_ga', 'value': 'GA1.3.1437562245.1755285064', 'domain': '.iirs.gov.in', 'path': '/', 'expires': 1818357064, 'httpOnly': False, 'secure': False, 'sameSite': 'None'}, {'name': '_gid', 'value': 'GA1.3.399122941.1755285064', 'domain': '.iirs.gov.in', 'path': '/', 'expires': 1755371464, 'httpOnly': False, 'secure': False, 'sameSite': 'None'}, {'name': '_gat_gtag_UA_30334522_1', 'value': '1', 'domain': '.iirs.gov.in', 'path': '/', 'expires': 1755285124, 'httpOnly': False, 'secure': False, 'sameSite': 'None'}, {'name': 'NID', 'value': '525=S9lf8rRG2aAUKVR61O4c-r3qccxebNxkJ0CfQtzRMrKGsEhckioyUnaLaHJxVxSyJ4F6DDPcN0iSFHdSBHXMDnS4w7IrowsapaHAwGggizE3AocAxa2E52kynvorAqraYCFmexqFOOWftbxzXzKGJlVzOf7od6FZaOOf7AdoYj8ngSXOaXs2oxEnmcuVL3ip37NMkBbgXf8LXawvn613Mcrt7QI', 'domain': '.translate-pa.googleapis.com', 'path': '/', 'expires': 1771096251, 'httpOnly': True, 'secure': False, 'sameSite': 'None'}, {'name': 'PHPSESSID', 'value': '9quh0tt5n28ib2oac3359kqgo3', 'domain': 'www.ranaghat.gov.in', 'path': '/', 'expires': -1, 'httpOnly': False, 'secure': False, 'sameSite': 'None'}, {'name': '__cf_bm', 'value': 'jqKeDdaeeffy8i3WYIq8_Z_yGkg7OhY3vAY58HCXZks-1755285056-1.0.1.1-w.iDNzBi3agZxMulsPd42k4EfJiOh8uqQidPFz3Q2G7v6qe2H_AjTkwxzQaX23qtdxBzVx3x4icLxXAkFlBILTgJ.IVDrq_JFBtc7SYabyE', 'domain': '.w3.org', 'path': '/', 'expires': 1755286856, 'httpOnly': True, 'secure': True, 'sameSite': 'None'}, {'name': '_GRECAPTCHA', 'value': '09ANMylNAdscD3AjanliWKJukk1fyu2GCsXU6EPD_YgbxCbng5iYi2HG_tagASKtg8QbNNFqzXFWYM2yGycv5cfpE', 'domain': 'www.google.com', 'path': '/recaptcha', 'expires': 1770837055, 'httpOnly': True, 'secure': True, 'sameSite': 'None'}, {'name': 'usof_session', 'value': 'l6dhmg5es91ovd3pon7dlapkmsvc3r2e', 'domain': 'usof.gov.in', 'path': '/', 'expires': 1755285968, 'httpOnly': True, 'secure': False, 'sameSite': 'Lax'}, {'name': 'visitorcount', 'value': '2025-08-15', 'domain': 'usof.gov.in', 'path': '/', 'expires': 2070645068, 'httpOnly': False, 'secure': False, 'sameSite': 'Lax'}, {'name': 'ASP.NET_SessionId', 'value': '2xp54cgrzy2b20omma5sizqx', 'domain': 'goaelectricity.gov.in', 'path': '/', 'expires': -1, 'httpOnly': True, 'secure': True, 'sameSite': 'Lax'}]",False,False,False,False
mahafireservice.gov.in,OK,200.0,"['ajax.googleapis.com', 'cdn.digitalindiacorporation.in', 'cdn.jsdelivr.net', 'cdnjs.cloudflare.com', 'code.jquery.com', 'dgfscdhg.gov.in', 'fonts.googleapis.com', 'fonts.gstatic.com', 'img1.digitallocker.gov.in', 'maxcdn.bootstrapcdn.com', 'stackpath.bootstrapcdn.com', 'static.mygov.in', 'translate-pa.googleapis.com', 'translate.google.com', 'translate.googleapis.com', 'www.gstatic.com', 'www.india.gov.in', 'www.makeinindia.com']","[{'name': 'ASP.NET_SessionId', 'value': 'rgou5rr3xjb3ljjxixoex1yz', 'domain': 'www.suratmunicipal.gov.in', 'path': '/', 'expires': -1, 'httpOnly': True, 'secure': True, 'sameSite': 'Lax'}, {'name': '_ga', 'value': 'GA1.1.1927295887.1755285057', 'domain': '.suratmunicipal.gov.in', 'path': '/', 'expires': 1818357057, 'httpOnly': False, 'secure': False, 'sameSite': 'None'}, {'name': '_ga_39997JPBB2', 'value': 'GS2.1.s1755285057$o1$g0$t1755285061$j56$l0$h0', 'domain': '.suratmunicipal.gov.in', 'path': '/', 'expires': 1818357061, 'httpOnly': False, 'secure': False, 'sameSite': 'None'}, {'name': '_ga_ELC9E1Q6NS', 'value': 'GS2.1.s1755285064$o1$g0$t1755285064$j60$l0$h0', 'domain': '.iirs.gov.in', 'path': '/', 'expires': 1818357064, 'httpOnly': False, 'secure': False, 'sameSite': 'None'}, {'name': '_ga', 'value': 'GA1.3.1437562245.1755285064', 'domain': '.iirs.gov.in', 'path': '/', 'expires': 1818357064, 'httpOnly': False, 'secure': False, 'sameSite': 'None'}, {'name': '_gid', 'value': 'GA1.3.399122941.1755285064', 'domain': '.iirs.gov.in', 'path': '/', 'expires': 1755371464, 'httpOnly': False, 'secure': False, 'sameSite': 'None'}, {'name': '_gat_gtag_UA_30334522_1', 'value': '1', 'domain': '.iirs.gov.in', 'path': '/', 'expires': 1755285124, 'httpOnly': False, 'secure': False, 'sameSite': 'None'}, {'name': 'NID', 'value': '525=S9lf8rRG2aAUKVR61O4c-r3qccxebNxkJ0CfQtzRMrKGsEhckioyUnaLaHJxVxSyJ4F6DDPcN0iSFHdSBHXMDnS4w7IrowsapaHAwGggizE3AocAxa2E52kynvorAqraYCFmexqFOOWftbxzXzKGJlVzOf7od6FZaOOf7AdoYj8ngSXOaXs2oxEnmcuVL3ip37NMkBbgXf8LXawvn613Mcrt7QI', 'domain': '.translate-pa.googleapis.com', 'path': '/', 'expires': 1771096251, 'httpOnly': True, 'secure': False, 'sameSite': 'None'}, {'name': 'IVFRT_Cookie', 'value': 'rd7o00000000000000000000ffff0af8a887o80', 'domain': 'indianvisaonline.gov.in', 'path': '/', 'expires': -1, 'httpOnly': True, 'secure': True, 'sameSite': 'Strict'}, {'name': 'BNES_IVFRT_Cookie', 'value': '65cxj17yWW9Oka/3kZpJEgpVQb9oqzLWvEygarX4/+bRPsBU8exJ7MJw0rw3/rAwwNI0A94b2WJ1dOmhWROEFh1qBGNwNLxfrQtTlikfam0FyZ21FEkRpdo3QUA3gdua', 'domain': 'indianvisaonline.gov.in', 'path': '/', 'expires': -1, 'httpOnly': True, 'secure': True, 'sameSite': 'Strict'}, {'name': 'PHPSESSID', 'value': '9quh0tt5n28ib2oac3359kqgo3', 'domain': 'www.ranaghat.gov.in', 'path': '/', 'expires': -1, 'httpOnly': False, 'secure': False, 'sameSite': 'None'}, {'name': '__cf_bm', 'value': 'wwSuDMGcz6XXcq3T7PfRSoqZUM4U.jiLNyKHMBwK7VU-1755285075-1.0.1.1-N_9Ds70051ELsLlWILcm2qFZZpkxc2LR_b9rZqTXqL9LVMgX6L4q4KDJS5mImwELwuZitNyaxmU7hgCB8t0KmLqlqF6pJfk_3hWXZfbKN30', 'domain': '.twitter.com', 'path': '/', 'expires': 1755286875, 'httpOnly': True, 'secure': True, 'sameSite': 'None'}, {'name': '__cf_bm', 'value': 'jqKeDdaeeffy8i3WYIq8_Z_yGkg7OhY3vAY58HCXZks-1755285056-1.0.1.1-w.iDNzBi3agZxMulsPd42k4EfJiOh8uqQidPFz3Q2G7v6qe2H_AjTkwxzQaX23qtdxBzVx3x4icLxXAkFlBILTgJ.IVDrq_JFBtc7SYabyE', 'domain': '.w3.org', 'path': '/', 'expires': 1755286856, 'httpOnly': True, 'secure': True, 'sameSite': 'None'}, {'name': 'has_js', 'value': '1', 'domain': 'naco.gov.in', 'path': '/', 'expires': -1, 'httpOnly': False, 'secure': False, 'sameSite': 'None'}, {'name': '_GRECAPTCHA', 'value': '09ANMylNAdscD3AjanliWKJukk1fyu2GCsXU6EPD_YgbxCbng5iYi2HG_tagASKtg8QbNNFqzXFWYM2yGycv5cfpE', 'domain': 'www.google.com', 'path': '/recaptcha', 'expires': 1770837055, 'httpOnly': True, 'secure': True, 'sameSite': 'None'}, {'name': 'usof_session', 'value': 'l6dhmg5es91ovd3pon7dlapkmsvc3r2e', 'domain': 'usof.gov.in', 'path': '/', 'expires': 1755285968, 'httpOnly': True, 'secure': False, 'sameSite': 'Lax'}, {'name': 'visitorcount', 'value': '2025-08-15', 'domain': 'usof.gov.in', 'path': '/', 'expires': 2070645068, 'httpOnly': False, 'secure': False, 'sameSite': 'Lax'}, {'name': 'ASP.NET_SessionId', 'value': '2xp54cgrzy2b20omma5sizqx', 'domain': 'goaelectricity.gov.in', 'path': '/', 'expires': -1, 'httpOnly': True, 'secure': True, 'sameSite': 'Lax'}]",False,False,False,False
usof.gov.in,OK,200.0,"['clients1.google.com', 'connect.facebook.net', 'cse.google.com', 'platform.twitter.com', 'scontent-mrs2-1.xx.fbcdn.net', 'scontent-mrs2-2.xx.fbcdn.net', 'scontent-mrs2-3.xx.fbcdn.net', 'scontent.xx.fbcdn.net', 'static.xx.fbcdn.net', 'syndication.twitter.com', 'video-mrs2-1.xx.fbcdn.net', 'video-mrs2-3.xx.fbcdn.net', 'www.facebook.com', 'www.google.com', 'www.googletagmanager.com', 'www.gstatic.com']","[{'name': 'visited', 'value': 'true', 'domain': 'mahafireservice.gov.in', 'path': '/', 'expires': -1, 'httpOnly': False, 'secure': False, 'sameSite': 'None'}, {'name': 'ASP.NET_SessionId', 'value': 'rgou5rr3xjb3ljjxixoex1yz', 'domain': 'www.suratmunicipal.gov.in', 'path': '/', 'expires': -1, 'httpOnly': True, 'secure': True, 'sameSite': 'Lax'}, {'name': '_ga', 'value': 'GA1.1.1927295887.1755285057', 'domain': '.suratmunicipal.gov.in', 'path': '/', 'expires': 1818357057, 'httpOnly': False, 'secure': False, 'sameSite': 'None'}, {'name': '_ga_39997JPBB2', 'value': 'GS2.1.s1755285057$o1$g0$t1755285061$j56$l0$h0', 'domain': '.suratmunicipal.gov.in', 'path': '/', 'expires': 1818357061, 'httpOnly': False, 'secure': False, 'sameSite': 'None'}, {'name': '_ga_ELC9E1Q6NS', 'value': 'GS2.1.s1755285064$o1$g0$t1755285064$j60$l0$h0', 'domain': '.iirs.gov.in', 'path': '/', 'expires': 1818357064, 'httpOnly': False, 'secure': False, 'sameSite': 'None'}, {'name': '_ga', 'value': 'GA1.3.1437562245.1755285064', 'domain': '.iirs.gov.in', 'path': '/', 'expires': 1818357064, 'httpOnly': False, 'secure': False, 'sameSite': 'None'}, {'name': '_gid', 'value': 'GA1.3.399122941.1755285064', 'domain': '.iirs.gov.in', 'path': '/', 'expires': 1755371464, 'httpOnly': False, 'secure': False, 'sameSite': 'None'}, {'name': '_gat_gtag_UA_30334522_1', 'value': '1', 'domain': '.iirs.gov.in', 'path': '/', 'expires': 1755285124, 'httpOnly': False, 'secure': False, 'sameSite': 'None'}, {'name': 'NID', 'value': '525=S9lf8rRG2aAUKVR61O4c-r3qccxebNxkJ0CfQtzRMrKGsEhckioyUnaLaHJxVxSyJ4F6DDPcN0iSFHdSBHXMDnS4w7IrowsapaHAwGggizE3AocAxa2E52kynvorAqraYCFmexqFOOWftbxzXzKGJlVzOf7od6FZaOOf7AdoYj8ngSXOaXs2oxEnmcuVL3ip37NMkBbgXf8LXawvn613Mcrt7QI', 'domain': '.translate-pa.googleapis.com', 'path': '/', 'expires': 1771096251, 'httpOnly': True, 'secure': False, 'sameSite': 'None'}, {'name': 'IVFRT_Cookie', 'value': 'rd7o00000000000000000000ffff0af8a887o80', 'domain': 'indianvisaonline.gov.in', 'path': '/', 'expires': -1, 'httpOnly': True, 'secure': True, 'sameSite': 'Strict'}, {'name': 'BNES_IVFRT_Cookie', 'value': '65cxj17yWW9Oka/3kZpJEgpVQb9oqzLWvEygarX4/+bRPsBU8exJ7MJw0rw3/rAwwNI0A94b2WJ1dOmhWROEFh1qBGNwNLxfrQtTlikfam0FyZ21FEkRpdo3QUA3gdua', 'domain': 'indianvisaonline.gov.in', 'path': '/', 'expires': -1, 'httpOnly': True, 'secure': True, 'sameSite': 'Strict'}, {'name': 'PHPSESSID', 'value': '9quh0tt5n28ib2oac3359kqgo3', 'domain': 'www.ranaghat.gov.in', 'path': '/', 'expires': -1, 'httpOnly': False, 'secure': False, 'sameSite': 'None'}, {'name': '__cf_bm', 'value': 'wwSuDMGcz6XXcq3T7PfRSoqZUM4U.jiLNyKHMBwK7VU-1755285075-1.0.1.1-N_9Ds70051ELsLlWILcm2qFZZpkxc2LR_b9rZqTXqL9LVMgX6L4q4KDJS5mImwELwuZitNyaxmU7hgCB8t0KmLqlqF6pJfk_3hWXZfbKN30', 'domain': '.twitter.com', 'path': '/', 'expires': 1755286875, 'httpOnly': True, 'secure': True, 'sameSite': 'None'}, {'name': '__cf_bm', 'value': 'jqKeDdaeeffy8i3WYIq8_Z_yGkg7OhY3vAY58HCXZks-1755285056-1.0.1.1-w.iDNzBi3agZxMulsPd42k4EfJiOh8uqQidPFz3Q2G7v6qe2H_AjTkwxzQaX23qtdxBzVx3x4icLxXAkFlBILTgJ.IVDrq_JFBtc7SYabyE', 'domain': '.w3.org', 'path': '/', 'expires': 1755286856, 'httpOnly': True, 'secure': True, 'sameSite': 'None'}, {'name': '_GRECAPTCHA', 'value': '09ANMylNAdscD3AjanliWKJukk1fyu2GCsXU6EPD_YgbxCbng5iYi2HG_tagASKtg8QbNNFqzXFWYM2yGycv5cfpE', 'domain': 'www.google.com', 'path': '/recaptcha', 'expires': 1770837055, 'httpOnly': True, 'secure': True, 'sameSite': 'None'}, {'name': 'has_js', 'value': '1', 'domain': 'naco.gov.in', 'path': '/', 'expires': -1, 'httpOnly': False, 'secure': False, 'sameSite': 'None'}, {'name': '_pk_id..ba11', 'value': 'bba46f11baa7d35a.1755285077.1.1755285077.1755285077.', 'domain': 'naco.gov.in', 'path': '/', 'expires': 1789240277, 'httpOnly': False, 'secure': False, 'sameSite': 'None'}, {'name': '_pk_ses..ba11', 'value': '*', 'domain': 'naco.gov.in', 'path': '/', 'expires': 1755286877, 'httpOnly': False, 'secure': False, 'sameSite': 'None'}, {'name': 'ASP.NET_SessionId', 'value': '2xp54cgrzy2b20omma5sizqx', 'domain': 'goaelectricity.gov.in', 'path': '/', 'expires': -1, 'httpOnly': True, 'secure': True, 'sameSite': 'Lax'}]",False,False,False,False
naco.gov.in,OK,200.0,"['analytics.wrc.nic.in', 'code.jquery.com', 'fonts.gstatic.com', 'translate-pa.googleapis.com', 'translate.google.com', 'translate.googleapis.com', 'www.gstatic.com']","[{'name': 'visited', 'value': 'true', 'domain': 'mahafireservice.gov.in', 'path': '/', 'expires': -1, 'httpOnly': False, 'secure': False, 'sameSite': 'None'}, {'name': 'ASP.NET_SessionId', 'value': 'rgou5rr3xjb3ljjxixoex1yz', 'domain': 'www.suratmunicipal.gov.in', 'path': '/', 'expires': -1, 'httpOnly': True, 'secure': True, 'sameSite': 'Lax'}, {'name': '_ga', 'value': 'GA1.1.1927295887.1755285057', 'domain': '.suratmunicipal.gov.in', 'path': '/', 'expires': 1818357057, 'httpOnly': False, 'secure': False, 'sameSite': 'None'}, {'name': '_ga_39997JPBB2', 'value': 'GS2.1.s1755285057$o1$g0$t1755285061$j56$l0$h0', 'domain': '.suratmunicipal.gov.in', 'path': '/', 'expires': 1818357061, 'httpOnly': False, 'secure': False, 'sameSite': 'None'}, {'name': '_ga_ELC9E1Q6NS', 'value': 'GS2.1.s1755285064$o1$g0$t1755285064$j60$l0$h0', 'domain': '.iirs.gov.in', 'path': '/', 'expires': 1818357064, 'httpOnly': False, 'secure': False, 'sameSite': 'None'}, {'name': '_ga', 'value': 'GA1.3.1437562245.1755285064', 'domain': '.iirs.gov.in', 'path': '/', 'expires': 1818357064, 'httpOnly': False, 'secure': False, 'sameSite': 'None'}, {'name': '_gid', 'value': 'GA1.3.399122941.1755285064', 'domain': '.iirs.gov.in', 'path': '/', 'expires': 1755371464, 'httpOnly': False, 'secure': False, 'sameSite': 'None'}, {'name': '_gat_gtag_UA_30334522_1', 'value': '1', 'domain': '.iirs.gov.in', 'path': '/', 'expires': 1755285124, 'httpOnly': False, 'secure': False, 'sameSite': 'None'}, {'name': 'NID', 'value': '525=S9lf8rRG2aAUKVR61O4c-r3qccxebNxkJ0CfQtzRMrKGsEhckioyUnaLaHJxVxSyJ4F6DDPcN0iSFHdSBHXMDnS4w7IrowsapaHAwGggizE3AocAxa2E52kynvorAqraYCFmexqFOOWftbxzXzKGJlVzOf7od6FZaOOf7AdoYj8ngSXOaXs2oxEnmcuVL3ip37NMkBbgXf8LXawvn613Mcrt7QI', 'domain': '.translate-pa.googleapis.com', 'path': '/', 'expires': 1771096251, 'httpOnly': True, 'secure': False, 'sameSite': 'None'}, {'name': 'IVFRT_Cookie', 'value': 'rd7o00000000000000000000ffff0af8a887o80', 'domain': 'indianvisaonline.gov.in', 'path': '/', 'expires': -1, 'httpOnly': True, 'secure': True, 'sameSite': 'Strict'}, {'name': 'BNES_IVFRT_Cookie', 'value': '65cxj17yWW9Oka/3kZpJEgpVQb9oqzLWvEygarX4/+bRPsBU8exJ7MJw0rw3/rAwwNI0A94b2WJ1dOmhWROEFh1qBGNwNLxfrQtTlikfam0FyZ21FEkRpdo3QUA3gdua', 'domain': 'indianvisaonline.gov.in', 'path': '/', 'expires': -1, 'httpOnly': True, 'secure': True, 'sameSite': 'Strict'}, {'name': 'PHPSESSID', 'value': '9quh0tt5n28ib2oac3359kqgo3', 'domain': 'www.ranaghat.gov.in', 'path': '/', 'expires': -1, 'httpOnly': False, 'secure': False, 'sameSite': 'None'}, {'name': '__cf_bm', 'value': 'wwSuDMGcz6XXcq3T7PfRSoqZUM4U.jiLNyKHMBwK7VU-1755285075-1.0.1.1-N_9Ds70051ELsLlWILcm2qFZZpkxc2LR_b9rZqTXqL9LVMgX6L4q4KDJS5mImwELwuZitNyaxmU7hgCB8t0KmLqlqF6pJfk_3hWXZfbKN30', 'domain': '.twitter.com', 'path': '/', 'expires': 1755286875, 'httpOnly': True, 'secure': True, 'sameSite': 'None'}, {'name': '__cf_bm', 'value': 'jqKeDdaeeffy8i3WYIq8_Z_yGkg7OhY3vAY58HCXZks-1755285056-1.0.1.1-w.iDNzBi3agZxMulsPd42k4EfJiOh8uqQidPFz3Q2G7v6qe2H_AjTkwxzQaX23qtdxBzVx3x4icLxXAkFlBILTgJ.IVDrq_JFBtc7SYabyE', 'domain': '.w3.org', 'path': '/', 'expires': 1755286856, 'httpOnly': True, 'secure': True, 'sameSite': 'None'}, {'name': '_GRECAPTCHA', 'value': '09ANMylNAdscD3AjanliWKJukk1fyu2GCsXU6EPD_YgbxCbng5iYi2HG_tagASKtg8QbNNFqzXFWYM2yGycv5cfpE', 'domain': 'www.google.com', 'path': '/recaptcha', 'expires': 1770837055, 'httpOnly': True, 'secure': True, 'sameSite': 'None'}, {'name': 'usof_session', 'value': 'l6dhmg5es91ovd3pon7dlapkmsvc3r2e', 'domain': 'usof.gov.in', 'path': '/', 'expires': 1755285968, 'httpOnly': True, 'secure': False, 'sameSite': 'Lax'}, {'name': 'visitorcount', 'value': '2025-08-15', 'domain': 'usof.gov.in', 'path': '/', 'expires': 2070645068, 'httpOnly': False, 'secure': False, 'sameSite': 'Lax'}, {'name': 'ASP.NET_SessionId', 'value': '2xp54cgrzy2b20omma5sizqx', 'domain': 'goaelectricity.gov.in', 'path': '/', 'expires': -1, 'httpOnly': True, 'secure': True, 'sameSite': 'Lax'}]",False,False,False,False
manassembly.gov.in,OK,200.0,[],"[{'name': 'visited', 'value': 'true', 'domain': 'mahafireservice.gov.in', 'path': '/', 'expires': -1, 'httpOnly': False, 'secure': False, 'sameSite': 'None'}, {'name': 'ASP.NET_SessionId', 'value': 'rgou5rr3xjb3ljjxixoex1yz', 'domain': 'www.suratmunicipal.gov.in', 'path': '/', 'expires': -1, 'httpOnly': True, 'secure': True, 'sameSite': 'Lax'}, {'name': '_ga', 'value': 'GA1.1.1927295887.1755285057', 'domain': '.suratmunicipal.gov.in', 'path': '/', 'expires': 1818357057, 'httpOnly': False, 'secure': False, 'sameSite': 'None'}, {'name': '_ga_39997JPBB2', 'value': 'GS2.1.s1755285057$o1$g0$t1755285061$j56$l0$h0', 'domain': '.suratmunicipal.gov.in', 'path': '/', 'expires': 1818357061, 'httpOnly': False, 'secure': False, 'sameSite': 'None'}, {'name': '_ga_ELC9E1Q6NS', 'value': 'GS2.1.s1755285064$o1$g0$t1755285064$j60$l0$h0', 'domain': '.iirs.gov.in', 'path': '/', 'expires': 1818357064, 'httpOnly': False, 'secure': False, 'sameSite': 'None'}, {'name': '_ga', 'value': 'GA1.3.1437562245.1755285064', 'domain': '.iirs.gov.in', 'path': '/', 'expires': 1818357064, 'httpOnly': False, 'secure': False, 'sameSite': 'None'}, {'name': '_gid', 'value': 'GA1.3.399122941.1755285064', 'domain': '.iirs.gov.in', 'path': '/', 'expires': 1755371464, 'httpOnly': False, 'secure': False, 'sameSite': 'None'}, {'name': '_gat_gtag_UA_30334522_1', 'value': '1', 'domain': '.iirs.gov.in', 'path': '/', 'expires': 1755285124, 'httpOnly': False, 'secure': False, 'sameSite': 'None'}, {'name': 'NID', 'value': '525=S9lf8rRG2aAUKVR61O4c-r3qccxebNxkJ0CfQtzRMrKGsEhckioyUnaLaHJxVxSyJ4F6DDPcN0iSFHdSBHXMDnS4w7IrowsapaHAwGggizE3AocAxa2E52kynvorAqraYCFmexqFOOWftbxzXzKGJlVzOf7od6FZaOOf7AdoYj8ngSXOaXs2oxEnmcuVL3ip37NMkBbgXf8LXawvn613Mcrt7QI', 'domain': '.translate-pa.googleapis.com', 'path': '/', 'expires': 1771096251, 'httpOnly': True, 'secure': False, 'sameSite': 'None'}, {'name': 'IVFRT_Cookie', 'value': 'rd7o00000000000000000000ffff0af8a887o80', 'domain': 'indianvisaonline.gov.in', 'path': '/', 'expires': -1, 'httpOnly': True, 'secure': True, 'sameSite': 'Strict'}, {'name': 'BNES_IVFRT_Cookie', 'value': '65cxj17yWW9Oka/3kZpJEgpVQb9oqzLWvEygarX4/+bRPsBU8exJ7MJw0rw3/rAwwNI0A94b2WJ1dOmhWROEFh1qBGNwNLxfrQtTlikfam0FyZ21FEkRpdo3QUA3gdua', 'domain': 'indianvisaonline.gov.in', 'path': '/', 'expires': -1, 'httpOnly': True, 'secure': True, 'sameSite': 'Strict'}, {'name': 'PHPSESSID', 'value': '9quh0tt5n28ib2oac3359kqgo3', 'domain': 'www.ranaghat.gov.in', 'path': '/', 'expires': -1, 'httpOnly': False, 'secure': False, 'sameSite': 'None'}, {'name': '__cf_bm', 'value': 'wwSuDMGcz6XXcq3T7PfRSoqZUM4U.jiLNyKHMBwK7VU-1755285075-1.0.1.1-N_9Ds70051ELsLlWILcm2qFZZpkxc2LR_b9rZqTXqL9LVMgX6L4q4KDJS5mImwELwuZitNyaxmU7hgCB8t0KmLqlqF6pJfk_3hWXZfbKN30', 'domain': '.twitter.com', 'path': '/', 'expires': 1755286875, 'httpOnly': True, 'secure': True, 'sameSite': 'None'}, {'name': '__cf_bm', 'value': 'jqKeDdaeeffy8i3WYIq8_Z_yGkg7OhY3vAY58HCXZks-1755285056-1.0.1.1-w.iDNzBi3agZxMulsPd42k4EfJiOh8uqQidPFz3Q2G7v6qe2H_AjTkwxzQaX23qtdxBzVx3x4icLxXAkFlBILTgJ.IVDrq_JFBtc7SYabyE', 'domain': '.w3.org', 'path': '/', 'expires': 1755286856, 'httpOnly': True, 'secure': True, 'sameSite': 'None'}, {'name': '_GRECAPTCHA', 'value': '09ANMylNAdscD3AjanliWKJukk1fyu2GCsXU6EPD_YgbxCbng5iYi2HG_tagASKtg8QbNNFqzXFWYM2yGycv5cfpE', 'domain': 'www.google.com', 'path': '/recaptcha', 'expires': 1770837055, 'httpOnly': True, 'secure': True, 'sameSite': 'None'}, {'name': 'usof_session', 'value': 'l6dhmg5es91ovd3pon7dlapkmsvc3r2e', 'domain': 'usof.gov.in', 'path': '/', 'expires': 1755285968, 'httpOnly': True, 'secure': False, 'sameSite': 'Lax'}, {'name': 'visitorcount', 'value': '2025-08-15', 'domain': 'usof.gov.in', 'path': '/', 'expires': 2070645068, 'httpOnly': False, 'secure': False, 'sameSite': 'Lax'}, {'name': 'has_js', 'value': '1', 'domain': 'naco.gov.in', 'path': '/', 'expires': -1, 'httpOnly': False, 'secure': False, 'sameSite': 'None'}, {'name': '_pk_id..ba11', 'value': 'bba46f11baa7d35a.1755285077.1.1755285077.1755285077.', 'domain': 'naco.gov.in', 'path': '/', 'expires': 1789240277, 'httpOnly': False, 'secure': False, 'sameSite': 'None'}, {'name': '_pk_ses..ba11', 'value': '*', 'domain': 'naco.gov.in', 'path': '/', 'expires': 1755286877, 'httpOnly': False, 'secure': False, 'sameSite': 'None'}, {'name': 'ASP.NET_SessionId', 'value': '2xp54cgrzy2b20omma5sizqx', 'domain': 'goaelectricity.gov.in', 'path': '/', 'expires': -1, 'httpOnly': True, 'secure': True, 'sameSite': 'Lax'}]",False,False,False,False
apfinance.gov.in,OK,200.0,"['cdnjs.cloudflare.com', 'fonts.googleapis.com', 'fonts.gstatic.com', 'translate-pa.googleapis.com', 'translate.googleapis.com', 'www.gstatic.com']","[{'name': 'visited', 'value': 'true', 'domain': 'mahafireservice.gov.in', 'path': '/', 'expires': -1, 'httpOnly': False, 'secure': False, 'sameSite': 'None'}, {'name': 'ASP.NET_SessionId', 'value': 'rgou5rr3xjb3ljjxixoex1yz', 'domain': 'www.suratmunicipal.gov.in', 'path': '/', 'expires': -1, 'httpOnly': True, 'secure': True, 'sameSite': 'Lax'}, {'name': '_ga', 'value': 'GA1.1.1927295887.1755285057', 'domain': '.suratmunicipal.gov.in', 'path': '/', 'expires': 1818357057, 'httpOnly': False, 'secure': False, 'sameSite': 'None'}, {'name': '_ga_39997JPBB2', 'value': 'GS2.1.s1755285057$o1$g0$t1755285061$j56$l0$h0', 'domain': '.suratmunicipal.gov.in', 'path': '/', 'expires': 1818357061, 'httpOnly': False, 'secure': False, 'sameSite': 'None'}, {'name': '_ga_ELC9E1Q6NS', 'value': 'GS2.1.s1755285064$o1$g0$t1755285064$j60$l0$h0', 'domain': '.iirs.gov.in', 'path': '/', 'expires': 1818357064, 'httpOnly': False, 'secure': False, 'sameSite': 'None'}, {'name': '_ga', 'value': 'GA1.3.1437562245.1755285064', 'domain': '.iirs.gov.in', 'path': '/', 'expires': 1818357064, 'httpOnly': False, 'secure': False, 'sameSite': 'None'}, {'name': '_gid', 'value': 'GA1.3.399122941.1755285064', 'domain': '.iirs.gov.in', 'path': '/', 'expires': 1755371464, 'httpOnly': False, 'secure': False, 'sameSite': 'None'}, {'name': '_gat_gtag_UA_30334522_1', 'value': '1', 'domain': '.iirs.gov.in', 'path': '/', 'expires': 1755285124, 'httpOnly': False, 'secure': False, 'sameSite': 'None'}, {'name': 'NID', 'value': '525=S9lf8rRG2aAUKVR61O4c-r3qccxebNxkJ0CfQtzRMrKGsEhckioyUnaLaHJxVxSyJ4F6DDPcN0iSFHdSBHXMDnS4w7IrowsapaHAwGggizE3AocAxa2E52kynvorAqraYCFmexqFOOWftbxzXzKGJlVzOf7od6FZaOOf7AdoYj8ngSXOaXs2oxEnmcuVL3ip37NMkBbgXf8LXawvn613Mcrt7QI', 'domain': '.translate-pa.googleapis.com', 'path': '/', 'expires': 1771096251, 'httpOnly': True, 'secure': False, 'sameSite': 'None'}, {'name': 'IVFRT_Cookie', 'value': 'rd7o00000000000000000000ffff0af8a887o80', 'domain': 'indianvisaonline.gov.in', 'path': '/', 'expires': -1, 'httpOnly': True, 'secure': True, 'sameSite': 'Strict'}, {'name': 'BNES_IVFRT_Cookie', 'value': '65cxj17yWW9Oka/3kZpJEgpVQb9oqzLWvEygarX4/+bRPsBU8exJ7MJw0rw3/rAwwNI0A94b2WJ1dOmhWROEFh1qBGNwNLxfrQtTlikfam0FyZ21FEkRpdo3QUA3gdua', 'domain': 'indianvisaonline.gov.in', 'path': '/', 'expires': -1, 'httpOnly': True, 'secure': True, 'sameSite': 'Strict'}, {'name': 'PHPSESSID', 'value': '9quh0tt5n28ib2oac3359kqgo3', 'domain': 'www.ranaghat.gov.in', 'path': '/', 'expires': -1, 'httpOnly': False, 'secure': False, 'sameSite': 'None'}, {'name': '__cf_bm', 'value': 'wwSuDMGcz6XXcq3T7PfRSoqZUM4U.jiLNyKHMBwK7VU-1755285075-1.0.1.1-N_9Ds70051ELsLlWILcm2qFZZpkxc2LR_b9rZqTXqL9LVMgX6L4q4KDJS5mImwELwuZitNyaxmU7hgCB8t0KmLqlqF6pJfk_3hWXZfbKN30', 'domain': '.twitter.com', 'path': '/', 'expires': 1755286875, 'httpOnly': True, 'secure': True, 'sameSite': 'None'}, {'name': '__cf_bm', 'value': 'jqKeDdaeeffy8i3WYIq8_Z_yGkg7OhY3vAY58HCXZks-1755285056-1.0.1.1-w.iDNzBi3agZxMulsPd42k4EfJiOh8uqQidPFz3Q2G7v6qe2H_AjTkwxzQaX23qtdxBzVx3x4icLxXAkFlBILTgJ.IVDrq_JFBtc7SYabyE', 'domain': '.w3.org', 'path': '/', 'expires': 1755286856, 'httpOnly': True, 'secure': True, 'sameSite': 'None'}, {'name': '_GRECAPTCHA', 'value': '09ANMylNAdscD3AjanliWKJukk1fyu2GCsXU6EPD_YgbxCbng5iYi2HG_tagASKtg8QbNNFqzXFWYM2yGycv5cfpE', 'domain': 'www.google.com', 'path': '/recaptcha', 'expires': 1770837055, 'httpOnly': True, 'secure': True, 'sameSite': 'None'}, {'name': 'usof_session', 'value': 'l6dhmg5es91ovd3pon7dlapkmsvc3r2e', 'domain': 'usof.gov.in', 'path': '/', 'expires': 1755285968, 'httpOnly': True, 'secure': False, 'sameSite': 'Lax'}, {'name': 'visitorcount', 'value': '2025-08-15', 'domain': 'usof.gov.in', 'path': '/', 'expires': 2070645068, 'httpOnly': False, 'secure': False, 'sameSite': 'Lax'}, {'name': 'has_js', 'value': '1', 'domain': 'naco.gov.in', 'path': '/', 'expires': -1, 'httpOnly': False, 'secure': False, 'sameSite': 'None'}, {'name': '_pk_id..ba11', 'value': 'bba46f11baa7d35a.1755285077.1.1755285077.1755285077.', 'domain': 'naco.gov.in', 'path': '/', 'expires': 1789240277, 'httpOnly': False, 'secure': False, 'sameSite': 'None'}, {'name': '_pk_ses..ba11', 'value': '*', 'domain': 'naco.gov.in', 'path': '/', 'expires': 1755286877, 'httpOnly': False, 'secure': False, 'sameSite': 'None'}, {'name': 'ASP.NET_SessionId', 'value': '2xp54cgrzy2b20omma5sizqx', 'domain': 'goaelectricity.gov.in', 'path': '/', 'expires': -1, 'httpOnly': True, 'secure': True, 'sameSite': 'Lax'}]",False,False,False,False
forest.nagaland.gov.in,"ERROR Page.goto: Timeout 40000ms exceeded.
Call log:
navigating to ""https://forest.nagaland.gov.in/"", waiting until ""load""
",,,,,,,
chemexcil.in,OK,200.0,"['cdn.jsdelivr.net', 'www.chemexcil.in']","[{'name': 'visited', 'value': 'true', 'domain': 'mahafireservice.gov.in', 'path': '/', 'expires': -1, 'httpOnly': False, 'secure': False, 'sameSite': 'None'}, {'name': 'ASP.NET_SessionId', 'value': 'rgou5rr3xjb3ljjxixoex1yz', 'domain': 'www.suratmunicipal.gov.in', 'path': '/', 'expires': -1, 'httpOnly': True, 'secure': True, 'sameSite': 'Lax'}, {'name': '_ga', 'value': 'GA1.1.1927295887.1755285057', 'domain': '.suratmunicipal.gov.in', 'path': '/', 'expires': 1818357057, 'httpOnly': False, 'secure': False, 'sameSite': 'None'}, {'name': '_ga_39997JPBB2', 'value': 'GS2.1.s1755285057$o1$g0$t1755285061$j56$l0$h0', 'domain': '.suratmunicipal.gov.in', 'path': '/', 'expires': 1818357061, 'httpOnly': False, 'secure': False, 'sameSite': 'None'}, {'name': '_ga_ELC9E1Q6NS', 'value': 'GS2.1.s1755285064$o1$g0$t1755285064$j60$l0$h0', 'domain': '.iirs.gov.in', 'path': '/', 'expires': 1818357064, 'httpOnly': False, 'secure': False, 'sameSite': 'None'}, {'name': '_ga', 'value': 'GA1.3.1437562245.1755285064', 'domain': '.iirs.gov.in', 'path': '/', 'expires': 1818357064, 'httpOnly': False, 'secure': False, 'sameSite': 'None'}, {'name': '_gid', 'value': 'GA1.3.399122941.1755285064', 'domain': '.iirs.gov.in', 'path': '/', 'expires': 1755371464, 'httpOnly': False, 'secure': False, 'sameSite': 'None'}, {'name': '_gat_gtag_UA_30334522_1', 'value': '1', 'domain': '.iirs.gov.in', 'path': '/', 'expires': 1755285124, 'httpOnly': False, 'secure': False, 'sameSite': 'None'}, {'name': 'NID', 'value': '525=S9lf8rRG2aAUKVR61O4c-r3qccxebNxkJ0CfQtzRMrKGsEhckioyUnaLaHJxVxSyJ4F6DDPcN0iSFHdSBHXMDnS4w7IrowsapaHAwGggizE3AocAxa2E52kynvorAqraYCFmexqFOOWftbxzXzKGJlVzOf7od6FZaOOf7AdoYj8ngSXOaXs2oxEnmcuVL3ip37NMkBbgXf8LXawvn613Mcrt7QI', 'domain': '.translate-pa.googleapis.com', 'path': '/', 'expires': 1771096251, 'httpOnly': True, 'secure': False, 'sameSite': 'None'}, {'name': 'IVFRT_Cookie', 'value': 'rd7o00000000000000000000ffff0af8a887o80', 'domain': 'indianvisaonline.gov.in', 'path': '/', 'expires': -1, 'httpOnly': True, 'secure': True, 'sameSite': 'Strict'}, {'name': 'BNES_IVFRT_Cookie', 'value': '65cxj17yWW9Oka/3kZpJEgpVQb9oqzLWvEygarX4/+bRPsBU8exJ7MJw0rw3/rAwwNI0A94b2WJ1dOmhWROEFh1qBGNwNLxfrQtTlikfam0FyZ21FEkRpdo3QUA3gdua', 'domain': 'indianvisaonline.gov.in', 'path': '/', 'expires': -1, 'httpOnly': True, 'secure': True, 'sameSite': 'Strict'}, {'name': 'PHPSESSID', 'value': '9quh0tt5n28ib2oac3359kqgo3', 'domain': 'www.ranaghat.gov.in', 'path': '/', 'expires': -1, 'httpOnly': False, 'secure': False, 'sameSite': 'None'}, {'name': '__cf_bm', 'value': 'wwSuDMGcz6XXcq3T7PfRSoqZUM4U.jiLNyKHMBwK7VU-1755285075-1.0.1.1-N_9Ds70051ELsLlWILcm2qFZZpkxc2LR_b9rZqTXqL9LVMgX6L4q4KDJS5mImwELwuZitNyaxmU7hgCB8t0KmLqlqF6pJfk_3hWXZfbKN30', 'domain': '.twitter.com', 'path': '/', 'expires': 1755286875, 'httpOnly': True, 'secure': True, 'sameSite': 'None'}, {'name': '__cf_bm', 'value': 'jqKeDdaeeffy8i3WYIq8_Z_yGkg7OhY3vAY58HCXZks-1755285056-1.0.1.1-w.iDNzBi3agZxMulsPd42k4EfJiOh8uqQidPFz3Q2G7v6qe2H_AjTkwxzQaX23qtdxBzVx3x4icLxXAkFlBILTgJ.IVDrq_JFBtc7SYabyE', 'domain': '.w3.org', 'path': '/', 'expires': 1755286856, 'httpOnly': True, 'secure': True, 'sameSite': 'None'}, {'name': 'PHPSESSID', 'value': '7uqjefqppvrllkbn972b5sor8p', 'domain': 'merc.gov.in', 'path': '/', 'expires': -1, 'httpOnly': True, 'secure': True, 'sameSite': 'Strict'}, {'name': 'wp-wpml_current_language', 'value': 'en', 'domain': 'merc.gov.in', 'path': '/', 'expires': 1755371488, 'httpOnly': False, 'secure': False, 'sameSite': 'None'}, {'name': '_GRECAPTCHA', 'value': '09ANMylNAdscD3AjanliWKJukk1fyu2GCsXU6EPD_YgbxCbng5iYi2HG_tagASKtg8QbNNFqzXFWYM2yGycv5cfpE', 'domain': 'www.google.com', 'path': '/recaptcha', 'expires': 1770837055, 'httpOnly': True, 'secure': True, 'sameSite': 'None'}, {'name': 'usof_session', 'value': 'l6dhmg5es91ovd3pon7dlapkmsvc3r2e', 'domain': 'usof.gov.in', 'path': '/', 'expires': 1755285968, 'httpOnly': True, 'secure': False, 'sameSite': 'Lax'}, {'name': 'visitorcount', 'value': '2025-08-15', 'domain': 'usof.gov.in', 'path': '/', 'expires': 2070645068, 'httpOnly': False, 'secure': False, 'sameSite': 'Lax'}, {'name': 'has_js', 'value': '1', 'domain': 'naco.gov.in', 'path': '/', 'expires': -1, 'httpOnly': False, 'secure': False, 'sameSite': 'None'}, {'name': '_pk_id..ba11', 'value': 'bba46f11baa7d35a.1755285077.1.1755285077.1755285077.', 'domain': 'naco.gov.in', 'path': '/', 'expires': 1789240277, 'httpOnly': False, 'secure': False, 'sameSite': 'None'}, {'name': '_pk_ses..ba11', 'value': '*', 'domain': 'naco.gov.in', 'path': '/', 'expires': 1755286877, 'httpOnly': False, 'secure': False, 'sameSite': 'None'}, {'name': '_ga', 'value': 'GA1.3.1201003434.1755285088', 'domain': '.ceodelhi.gov.in', 'path': '/', 'expires': 1818357088, 'httpOnly': False, 'secure': False, 'sameSite': 'None'}, {'name': '_gid', 'value': 'GA1.3.950471267.1755285088', 'domain': '.ceodelhi.gov.in', 'path': '/', 'expires': 1755371488, 'httpOnly': False, 'secure': False, 'sameSite': 'None'}, {'name': '_gat', 'value': '1', 'domain': '.ceodelhi.gov.in', 'path': '/', 'expires': 1755285148, 'httpOnly': False, 'secure': False, 'sameSite': 'None'}, {'name': 'ASP.NET_SessionId', 'value': '2xp54cgrzy2b20omma5sizqx', 'domain': 'goaelectricity.gov.in', 'path': '/', 'expires': -1, 'httpOnly': True, 'secure': True, 'sameSite': 'Lax'}]",False,False,False,False
ceodelhi.gov.in,OK,200.0,['www.google-analytics.com'],"[{'name': 'visited', 'value': 'true', 'domain': 'mahafireservice.gov.in', 'path': '/', 'expires': -1, 'httpOnly': False, 'secure': False, 'sameSite': 'None'}, {'name': 'ASP.NET_SessionId', 'value': 'rgou5rr3xjb3ljjxixoex1yz', 'domain': 'www.suratmunicipal.gov.in', 'path': '/', 'expires': -1, 'httpOnly': True, 'secure': True, 'sameSite': 'Lax'}, {'name': '_ga', 'value': 'GA1.1.1927295887.1755285057', 'domain': '.suratmunicipal.gov.in', 'path': '/', 'expires': 1818357057, 'httpOnly': False, 'secure': False, 'sameSite': 'None'}, {'name': '_ga_39997JPBB2', 'value': 'GS2.1.s1755285057$o1$g0$t1755285061$j56$l0$h0', 'domain': '.suratmunicipal.gov.in', 'path': '/', 'expires': 1818357061, 'httpOnly': False, 'secure': False, 'sameSite': 'None'}, {'name': '_ga_ELC9E1Q6NS', 'value': 'GS2.1.s1755285064$o1$g0$t1755285064$j60$l0$h0', 'domain': '.iirs.gov.in', 'path': '/', 'expires': 1818357064, 'httpOnly': False, 'secure': False, 'sameSite': 'None'}, {'name': '_ga', 'value': 'GA1.3.1437562245.1755285064', 'domain': '.iirs.gov.in', 'path': '/', 'expires': 1818357064, 'httpOnly': False, 'secure': False, 'sameSite': 'None'}, {'name': '_gid', 'value': 'GA1.3.399122941.1755285064', 'domain': '.iirs.gov.in', 'path': '/', 'expires': 1755371464, 'httpOnly': False, 'secure': False, 'sameSite': 'None'}, {'name': '_gat_gtag_UA_30334522_1', 'value': '1', 'domain': '.iirs.gov.in', 'path': '/', 'expires': 1755285124, 'httpOnly': False, 'secure': False, 'sameSite': 'None'}, {'name': 'NID', 'value': '525=S9lf8rRG2aAUKVR61O4c-r3qccxebNxkJ0CfQtzRMrKGsEhckioyUnaLaHJxVxSyJ4F6DDPcN0iSFHdSBHXMDnS4w7IrowsapaHAwGggizE3AocAxa2E52kynvorAqraYCFmexqFOOWftbxzXzKGJlVzOf7od6FZaOOf7AdoYj8ngSXOaXs2oxEnmcuVL3ip37NMkBbgXf8LXawvn613Mcrt7QI', 'domain': '.translate-pa.googleapis.com', 'path': '/', 'expires': 1771096251, 'httpOnly': True, 'secure': False, 'sameSite': 'None'}, {'name': 'IVFRT_Cookie', 'value': 'rd7o00000000000000000000ffff0af8a887o80', 'domain': 'indianvisaonline.gov.in', 'path': '/', 'expires': -1, 'httpOnly': True, 'secure': True, 'sameSite': 'Strict'}, {'name': 'BNES_IVFRT_Cookie', 'value': '65cxj17yWW9Oka/3kZpJEgpVQb9oqzLWvEygarX4/+bRPsBU8exJ7MJw0rw3/rAwwNI0A94b2WJ1dOmhWROEFh1qBGNwNLxfrQtTlikfam0FyZ21FEkRpdo3QUA3gdua', 'domain': 'indianvisaonline.gov.in', 'path': '/', 'expires': -1, 'httpOnly': True, 'secure': True, 'sameSite': 'Strict'}, {'name': 'PHPSESSID', 'value': '9quh0tt5n28ib2oac3359kqgo3', 'domain': 'www.ranaghat.gov.in', 'path': '/', 'expires': -1, 'httpOnly': False, 'secure': False, 'sameSite': 'None'}, {'name': '__cf_bm', 'value': 'wwSuDMGcz6XXcq3T7PfRSoqZUM4U.jiLNyKHMBwK7VU-1755285075-1.0.1.1-N_9Ds70051ELsLlWILcm2qFZZpkxc2LR_b9rZqTXqL9LVMgX6L4q4KDJS5mImwELwuZitNyaxmU7hgCB8t0KmLqlqF6pJfk_3hWXZfbKN30', 'domain': '.twitter.com', 'path': '/', 'expires': 1755286875, 'httpOnly': True, 'secure': True, 'sameSite': 'None'}, {'name': '__cf_bm', 'value': 'jqKeDdaeeffy8i3WYIq8_Z_yGkg7OhY3vAY58HCXZks-1755285056-1.0.1.1-w.iDNzBi3agZxMulsPd42k4EfJiOh8uqQidPFz3Q2G7v6qe2H_AjTkwxzQaX23qtdxBzVx3x4icLxXAkFlBILTgJ.IVDrq_JFBtc7SYabyE', 'domain': '.w3.org', 'path': '/', 'expires': 1755286856, 'httpOnly': True, 'secure': True, 'sameSite': 'None'}, {'name': 'PHPSESSID', 'value': '7uqjefqppvrllkbn972b5sor8p', 'domain': 'merc.gov.in', 'path': '/', 'expires': -1, 'httpOnly': True, 'secure': True, 'sameSite': 'Strict'}, {'name': 'wp-wpml_current_language', 'value': 'en', 'domain': 'merc.gov.in', 'path': '/', 'expires': 1755371488, 'httpOnly': False, 'secure': False, 'sameSite': 'None'}, {'name': '_GRECAPTCHA', 'value': '09ANMylNAdscD3AjanliWKJukk1fyu2GCsXU6EPD_YgbxCbng5iYi2HG_tagASKtg8QbNNFqzXFWYM2yGycv5cfpE', 'domain': 'www.google.com', 'path': '/recaptcha', 'expires': 1770837055, 'httpOnly': True, 'secure': True, 'sameSite': 'None'}, {'name': 'usof_session', 'value': 'l6dhmg5es91ovd3pon7dlapkmsvc3r2e', 'domain': 'usof.gov.in', 'path': '/', 'expires': 1755285968, 'httpOnly': True, 'secure': False, 'sameSite': 'Lax'}, {'name': 'visitorcount', 'value': '2025-08-15', 'domain': 'usof.gov.in', 'path': '/', 'expires': 2070645068, 'httpOnly': False, 'secure': False, 'sameSite': 'Lax'}, {'name': 'has_js', 'value': '1', 'domain': 'naco.gov.in', 'path': '/', 'expires': -1, 'httpOnly': False, 'secure': False, 'sameSite': 'None'}, {'name': '_pk_id..ba11', 'value': 'bba46f11baa7d35a.1755285077.1.1755285077.1755285077.', 'domain': 'naco.gov.in', 'path': '/', 'expires': 1789240277, 'httpOnly': False, 'secure': False, 'sameSite': 'None'}, {'name': '_pk_ses..ba11', 'value': '*', 'domain': 'naco.gov.in', 'path': '/', 'expires': 1755286877, 'httpOnly': False, 'secure': False, 'sameSite': 'None'}, {'name': 'ASP.NET_SessionId', 'value': '2xp54cgrzy2b20omma5sizqx', 'domain': 'goaelectricity.gov.in', 'path': '/', 'expires': -1, 'httpOnly': True, 'secure': True, 'sameSite': 'Lax'}]",False,False,False,False
merc.gov.in,OK,200.0,"['api.userway.org', 'cdn.userway.org', 'cdnjs.cloudflare.com', 'fonts.googleapis.com', 'maxcdn.bootstrapcdn.com']","[{'name': 'visited', 'value': 'true', 'domain': 'mahafireservice.gov.in', 'path': '/', 'expires': -1, 'httpOnly': False, 'secure': False, 'sameSite': 'None'}, {'name': 'ASP.NET_SessionId', 'value': 'rgou5rr3xjb3ljjxixoex1yz', 'domain': 'www.suratmunicipal.gov.in', 'path': '/', 'expires': -1, 'httpOnly': True, 'secure': True, 'sameSite': 'Lax'}, {'name': '_ga', 'value': 'GA1.1.1927295887.1755285057', 'domain': '.suratmunicipal.gov.in', 'path': '/', 'expires': 1818357057, 'httpOnly': False, 'secure': False, 'sameSite': 'None'}, {'name': '_ga_39997JPBB2', 'value': 'GS2.1.s1755285057$o1$g0$t1755285061$j56$l0$h0', 'domain': '.suratmunicipal.gov.in', 'path': '/', 'expires': 1818357061, 'httpOnly': False, 'secure': False, 'sameSite': 'None'}, {'name': '_ga_ELC9E1Q6NS', 'value': 'GS2.1.s1755285064$o1$g0$t1755285064$j60$l0$h0', 'domain': '.iirs.gov.in', 'path': '/', 'expires': 1818357064, 'httpOnly': False, 'secure': False, 'sameSite': 'None'}, {'name': '_ga', 'value': 'GA1.3.1437562245.1755285064', 'domain': '.iirs.gov.in', 'path': '/', 'expires': 1818357064, 'httpOnly': False, 'secure': False, 'sameSite': 'None'}, {'name': '_gid', 'value': 'GA1.3.399122941.1755285064', 'domain': '.iirs.gov.in', 'path': '/', 'expires': 1755371464, 'httpOnly': False, 'secure': False, 'sameSite': 'None'}, {'name': '_gat_gtag_UA_30334522_1', 'value': '1', 'domain': '.iirs.gov.in', 'path': '/', 'expires': 1755285124, 'httpOnly': False, 'secure': False, 'sameSite': 'None'}, {'name': 'NID', 'value': '525=S9lf8rRG2aAUKVR61O4c-r3qccxebNxkJ0CfQtzRMrKGsEhckioyUnaLaHJxVxSyJ4F6DDPcN0iSFHdSBHXMDnS4w7IrowsapaHAwGggizE3AocAxa2E52kynvorAqraYCFmexqFOOWftbxzXzKGJlVzOf7od6FZaOOf7AdoYj8ngSXOaXs2oxEnmcuVL3ip37NMkBbgXf8LXawvn613Mcrt7QI', 'domain': '.translate-pa.googleapis.com', 'path': '/', 'expires': 1771096251, 'httpOnly': True, 'secure': False, 'sameSite': 'None'}, {'name': 'IVFRT_Cookie', 'value': 'rd7o00000000000000000000ffff0af8a887o80', 'domain': 'indianvisaonline.gov.in', 'path': '/', 'expires': -1, 'httpOnly': True, 'secure': True, 'sameSite': 'Strict'}, {'name': 'BNES_IVFRT_Cookie', 'value': '65cxj17yWW9Oka/3kZpJEgpVQb9oqzLWvEygarX4/+bRPsBU8exJ7MJw0rw3/rAwwNI0A94b2WJ1dOmhWROEFh1qBGNwNLxfrQtTlikfam0FyZ21FEkRpdo3QUA3gdua', 'domain': 'indianvisaonline.gov.in', 'path': '/', 'expires': -1, 'httpOnly': True, 'secure': True, 'sameSite': 'Strict'}, {'name': 'PHPSESSID', 'value': '9quh0tt5n28ib2oac3359kqgo3', 'domain': 'www.ranaghat.gov.in', 'path': '/', 'expires': -1, 'httpOnly': False, 'secure': False, 'sameSite': 'None'}, {'name': '__cf_bm', 'value': 'wwSuDMGcz6XXcq3T7PfRSoqZUM4U.jiLNyKHMBwK7VU-1755285075-1.0.1.1-N_9Ds70051ELsLlWILcm2qFZZpkxc2LR_b9rZqTXqL9LVMgX6L4q4KDJS5mImwELwuZitNyaxmU7hgCB8t0KmLqlqF6pJfk_3hWXZfbKN30', 'domain': '.twitter.com', 'path': '/', 'expires': 1755286875, 'httpOnly': True, 'secure': True, 'sameSite': 'None'}, {'name': '__cf_bm', 'value': 'jqKeDdaeeffy8i3WYIq8_Z_yGkg7OhY3vAY58HCXZks-1755285056-1.0.1.1-w.iDNzBi3agZxMulsPd42k4EfJiOh8uqQidPFz3Q2G7v6qe2H_AjTkwxzQaX23qtdxBzVx3x4icLxXAkFlBILTgJ.IVDrq_JFBtc7SYabyE', 'domain': '.w3.org', 'path': '/', 'expires': 1755286856, 'httpOnly': True, 'secure': True, 'sameSite': 'None'}, {'name': '_GRECAPTCHA', 'value': '09ANMylNAdscD3AjanliWKJukk1fyu2GCsXU6EPD_YgbxCbng5iYi2HG_tagASKtg8QbNNFqzXFWYM2yGycv5cfpE', 'domain': 'www.google.com', 'path': '/recaptcha', 'expires': 1770837055, 'httpOnly': True, 'secure': True, 'sameSite': 'None'}, {'name': 'usof_session', 'value': 'l6dhmg5es91ovd3pon7dlapkmsvc3r2e', 'domain': 'usof.gov.in', 'path': '/', 'expires': 1755285968, 'httpOnly': True, 'secure': False, 'sameSite': 'Lax'}, {'name': 'visitorcount', 'value': '2025-08-15', 'domain': 'usof.gov.in', 'path': '/', 'expires': 2070645068, 'httpOnly': False, 'secure': False, 'sameSite': 'Lax'}, {'name': 'has_js', 'value': '1', 'domain': 'naco.gov.in', 'path': '/', 'expires': -1, 'httpOnly': False, 'secure': False, 'sameSite': 'None'}, {'name': '_pk_id..ba11', 'value': 'bba46f11baa7d35a.1755285077.1.1755285077.1755285077.', 'domain': 'naco.gov.in', 'path': '/', 'expires': 1789240277, 'httpOnly': False, 'secure': False, 'sameSite': 'None'}, {'name': '_pk_ses..ba11', 'value': '*', 'domain': 'naco.gov.in', 'path': '/', 'expires': 1755286877, 'httpOnly': False, 'secure': False, 'sameSite': 'None'}, {'name': '_ga', 'value': 'GA1.3.1201003434.1755285088', 'domain': '.ceodelhi.gov.in', 'path': '/', 'expires': 1818357088, 'httpOnly': False, 'secure': False, 'sameSite': 'None'}, {'name': '_gid', 'value': 'GA1.3.950471267.1755285088', 'domain': '.ceodelhi.gov.in', 'path': '/', 'expires': 1755371488, 'httpOnly': False, 'secure': False, 'sameSite': 'None'}, {'name': '_gat', 'value': '1', 'domain': '.ceodelhi.gov.in', 'path': '/', 'expires': 1755285148, 'httpOnly': False, 'secure': False, 'sameSite': 'None'}, {'name': 'ASP.NET_SessionId', 'value': '2xp54cgrzy2b20omma5sizqx', 'domain': 'goaelectricity.gov.in', 'path': '/', 'expires': -1, 'httpOnly': True, 'secure': True, 'sameSite': 'Lax'}]",True,False,False,True
registry.gov.in,OK,200.0,['cbpssubscriber.mygov.in'],"[{'name': 'visited', 'value': 'true', 'domain': 'mahafireservice.gov.in', 'path': '/', 'expires': -1, 'httpOnly': False, 'secure': False, 'sameSite': 'None'}, {'name': 'ASP.NET_SessionId', 'value': 'rgou5rr3xjb3ljjxixoex1yz', 'domain': 'www.suratmunicipal.gov.in', 'path': '/', 'expires': -1, 'httpOnly': True, 'secure': True, 'sameSite': 'Lax'}, {'name': '_ga', 'value': 'GA1.1.1927295887.1755285057', 'domain': '.suratmunicipal.gov.in', 'path': '/', 'expires': 1818357057, 'httpOnly': False, 'secure': False, 'sameSite': 'None'}, {'name': '_ga_39997JPBB2', 'value': 'GS2.1.s1755285057$o1$g0$t1755285061$j56$l0$h0', 'domain': '.suratmunicipal.gov.in', 'path': '/', 'expires': 1818357061, 'httpOnly': False, 'secure': False, 'sameSite': 'None'}, {'name': '_ga_ELC9E1Q6NS', 'value': 'GS2.1.s1755285064$o1$g0$t1755285064$j60$l0$h0', 'domain': '.iirs.gov.in', 'path': '/', 'expires': 1818357064, 'httpOnly': False, 'secure': False, 'sameSite': 'None'}, {'name': '_ga', 'value': 'GA1.3.1437562245.1755285064', 'domain': '.iirs.gov.in', 'path': '/', 'expires': 1818357064, 'httpOnly': False, 'secure': False, 'sameSite': 'None'}, {'name': '_gid', 'value': 'GA1.3.399122941.1755285064', 'domain': '.iirs.gov.in', 'path': '/', 'expires': 1755371464, 'httpOnly': False, 'secure': False, 'sameSite': 'None'}, {'name': '_gat_gtag_UA_30334522_1', 'value': '1', 'domain': '.iirs.gov.in', 'path': '/', 'expires': 1755285124, 'httpOnly': False, 'secure': False, 'sameSite': 'None'}, {'name': 'NID', 'value': '525=S9lf8rRG2aAUKVR61O4c-r3qccxebNxkJ0CfQtzRMrKGsEhckioyUnaLaHJxVxSyJ4F6DDPcN0iSFHdSBHXMDnS4w7IrowsapaHAwGggizE3AocAxa2E52kynvorAqraYCFmexqFOOWftbxzXzKGJlVzOf7od6FZaOOf7AdoYj8ngSXOaXs2oxEnmcuVL3ip37NMkBbgXf8LXawvn613Mcrt7QI', 'domain': '.translate-pa.googleapis.com', 'path': '/', 'expires': 1771096251, 'httpOnly': True, 'secure': False, 'sameSite': 'None'}, {'name': 'IVFRT_Cookie', 'value': 'rd7o00000000000000000000ffff0af8a887o80', 'domain': 'indianvisaonline.gov.in', 'path': '/', 'expires': -1, 'httpOnly': True, 'secure': True, 'sameSite': 'Strict'}, {'name': 'BNES_IVFRT_Cookie', 'value': '65cxj17yWW9Oka/3kZpJEgpVQb9oqzLWvEygarX4/+bRPsBU8exJ7MJw0rw3/rAwwNI0A94b2WJ1dOmhWROEFh1qBGNwNLxfrQtTlikfam0FyZ21FEkRpdo3QUA3gdua', 'domain': 'indianvisaonline.gov.in', 'path': '/', 'expires': -1, 'httpOnly': True, 'secure': True, 'sameSite': 'Strict'}, {'name': 'PHPSESSID', 'value': '9quh0tt5n28ib2oac3359kqgo3', 'domain': 'www.ranaghat.gov.in', 'path': '/', 'expires': -1, 'httpOnly': False, 'secure': False, 'sameSite': 'None'}, {'name': '__cf_bm', 'value': 'wwSuDMGcz6XXcq3T7PfRSoqZUM4U.jiLNyKHMBwK7VU-1755285075-1.0.1.1-N_9Ds70051ELsLlWILcm2qFZZpkxc2LR_b9rZqTXqL9LVMgX6L4q4KDJS5mImwELwuZitNyaxmU7hgCB8t0KmLqlqF6pJfk_3hWXZfbKN30', 'domain': '.twitter.com', 'path': '/', 'expires': 1755286875, 'httpOnly': True, 'secure': True, 'sameSite': 'None'}, {'name': '_ga_1WYTQBD7QL', 'value': 'GS2.1.s1755285105$o1$g0$t1755285105$j60$l0$h0', 'domain': '.delhipolice.gov.in', 'path': '/', 'expires': 1818357105, 'httpOnly': False, 'secure': False, 'sameSite': 'None'}, {'name': '_ga', 'value': 'GA1.1.117415376.1755285106', 'domain': '.delhipolice.gov.in', 'path': '/', 'expires': 1818357105, 'httpOnly': False, 'secure': False, 'sameSite': 'None'}, {'name': '__cf_bm', 'value': 'jqKeDdaeeffy8i3WYIq8_Z_yGkg7OhY3vAY58HCXZks-1755285056-1.0.1.1-w.iDNzBi3agZxMulsPd42k4EfJiOh8uqQidPFz3Q2G7v6qe2H_AjTkwxzQaX23qtdxBzVx3x4icLxXAkFlBILTgJ.IVDrq_JFBtc7SYabyE', 'domain': '.w3.org', 'path': '/', 'expires': 1755286856, 'httpOnly': True, 'secure': True, 'sameSite': 'None'}, {'name': 'de9d829b82a17ef12c373a3d6e913f8e', 'value': 'd37h4s4sva8lmcho1mcsb16m4c', 'domain': 'fabkerala.gov.in', 'path': '/', 'expires': -1, 'httpOnly': True, 'secure': False, 'sameSite': 'None'}, {'name': 'visitortime', 'value': '1755285100644', 'domain': '.fabkerala.gov.in', 'path': '/', 'expires': 1757963500, 'httpOnly': False, 'secure': False, 'sameSite': 'None'}, {'name': 'AWSALB', 'value': 'QTJjbU8QqIsvAQajSfqKzs2PzYB/Z/jaMJSrI6bdC/xDfXBPgoZZb9Fpqm3enliIhI4hvH71CJMYUyXPo04ZbHIw0zgqAiuic9cuNoK/5EMzYDvQrE86XsC2dyfl', 'domain': 'dic.gov.in', 'path': '/', 'expires': 1755889891, 'httpOnly': False, 'secure': False, 'sameSite': 'None'}, {'name': 'AWSALBCORS', 'value': 'QTJjbU8QqIsvAQajSfqKzs2PzYB/Z/jaMJSrI6bdC/xDfXBPgoZZb9Fpqm3enliIhI4hvH71CJMYUyXPo04ZbHIw0zgqAiuic9cuNoK/5EMzYDvQrE86XsC2dyfl', 'domain': 'dic.gov.in', 'path': '/', 'expires': 1755889891, 'httpOnly': False, 'secure': True, 'sameSite': 'None'}, {'name': 'PHPSESSID', 'value': '7uqjefqppvrllkbn972b5sor8p', 'domain': 'merc.gov.in', 'path': '/', 'expires': -1, 'httpOnly': True, 'secure': True, 'sameSite': 'Strict'}, {'name': 'wp-wpml_current_language', 'value': 'en', 'domain': 'merc.gov.in', 'path': '/', 'expires': 1755371488, 'httpOnly': False, 'secure': False, 'sameSite': 'None'}, {'name': '_GRECAPTCHA', 'value': '09ANMylNAdscD3AjanliWKJukk1fyu2GCsXU6EPD_YgbxCbng5iYi2HG_tagASKtg8QbNNFqzXFWYM2yGycv5cfpE', 'domain': 'www.google.com', 'path': '/recaptcha', 'expires': 1770837055, 'httpOnly': True, 'secure': True, 'sameSite': 'None'}, {'name': 'usof_session', 'value': 'l6dhmg5es91ovd3pon7dlapkmsvc3r2e', 'domain': 'usof.gov.in', 'path': '/', 'expires': 1755285968, 'httpOnly': True, 'secure': False, 'sameSite': 'Lax'}, {'name': 'visitorcount', 'value': '2025-08-15', 'domain': 'usof.gov.in', 'path': '/', 'expires': 2070645068, 'httpOnly': False, 'secure': False, 'sameSite': 'Lax'}, {'name': 'has_js', 'value': '1', 'domain': 'naco.gov.in', 'path': '/', 'expires': -1, 'httpOnly': False, 'secure': False, 'sameSite': 'None'}, {'name': '_pk_id..ba11', 'value': 'bba46f11baa7d35a.1755285077.1.1755285077.1755285077.', 'domain': 'naco.gov.in', 'path': '/', 'expires': 1789240277, 'httpOnly': False, 'secure': False, 'sameSite': 'None'}, {'name': '_pk_ses..ba11', 'value': '*', 'domain': 'naco.gov.in', 'path': '/', 'expires': 1755286877, 'httpOnly': False, 'secure': False, 'sameSite': 'None'}, {'name': '_ga', 'value': 'GA1.3.1201003434.1755285088', 'domain': '.ceodelhi.gov.in', 'path': '/', 'expires': 1818357088, 'httpOnly': False, 'secure': False, 'sameSite': 'None'}, {'name': '_gid', 'value': 'GA1.3.950471267.1755285088', 'domain': '.ceodelhi.gov.in', 'path': '/', 'expires': 1755371488, 'httpOnly': False, 'secure': False, 'sameSite': 'None'}, {'name': '_gat', 'value': '1', 'domain': '.ceodelhi.gov.in', 'path': '/', 'expires': 1755285148, 'httpOnly': False, 'secure': False, 'sameSite': 'None'}, {'name': 'ASP.NET_SessionId', 'value': '2xp54cgrzy2b20omma5sizqx', 'domain': 'goaelectricity.gov.in', 'path': '/', 'expires': -1, 'httpOnly': True, 'secure': True, 'sameSite': 'Lax'}]",False,False,False,False
dic.gov.in,OK,200.0,"['cdn.jsdelivr.net', 'cdnjs.cloudflare.com', 'code.jquery.com', 'diccdnmedia.digitalindiacorporation.in', 'dicmedia.digitalindiacorporation.in', 'fonts.googleapis.com', 'fonts.gstatic.com', 'img1.digitallocker.gov.in', 'region1.google-analytics.com', 'www.googletagmanager.com', 'www.ux4g.gov.in']","[{'name': 'visited', 'value': 'true', 'domain': 'mahafireservice.gov.in', 'path': '/', 'expires': -1, 'httpOnly': False, 'secure': False, 'sameSite': 'None'}, {'name': 'ASP.NET_SessionId', 'value': 'rgou5rr3xjb3ljjxixoex1yz', 'domain': 'www.suratmunicipal.gov.in', 'path': '/', 'expires': -1, 'httpOnly': True, 'secure': True, 'sameSite': 'Lax'}, {'name': '_ga', 'value': 'GA1.1.1927295887.1755285057', 'domain': '.suratmunicipal.gov.in', 'path': '/', 'expires': 1818357057, 'httpOnly': False, 'secure': False, 'sameSite': 'None'}, {'name': '_ga_39997JPBB2', 'value': 'GS2.1.s1755285057$o1$g0$t1755285061$j56$l0$h0', 'domain': '.suratmunicipal.gov.in', 'path': '/', 'expires': 1818357061, 'httpOnly': False, 'secure': False, 'sameSite': 'None'}, {'name': 'PHPSESSID', 'value': 'pdc97u8e0lkp10uicqrrjmsmbb', 'domain': 'registry.gov.in', 'path': '/', 'expires': -1, 'httpOnly': True, 'secure': True, 'sameSite': 'None'}, {'name': '_ga_ELC9E1Q6NS', 'value': 'GS2.1.s1755285064$o1$g0$t1755285064$j60$l0$h0', 'domain': '.iirs.gov.in', 'path': '/', 'expires': 1818357064, 'httpOnly': False, 'secure': False, 'sameSite': 'None'}, {'name': '_ga', 'value': 'GA1.3.1437562245.1755285064', 'domain': '.iirs.gov.in', 'path': '/', 'expires': 1818357064, 'httpOnly': False, 'secure': False, 'sameSite': 'None'}, {'name': '_gid', 'value': 'GA1.3.399122941.1755285064', 'domain': '.iirs.gov.in', 'path': '/', 'expires': 1755371464, 'httpOnly': False, 'secure': False, 'sameSite': 'None'}, {'name': '_gat_gtag_UA_30334522_1', 'value': '1', 'domain': '.iirs.gov.in', 'path': '/', 'expires': 1755285124, 'httpOnly': False, 'secure': False, 'sameSite': 'None'}, {'name': 'NID', 'value': '525=S9lf8rRG2aAUKVR61O4c-r3qccxebNxkJ0CfQtzRMrKGsEhckioyUnaLaHJxVxSyJ4F6DDPcN0iSFHdSBHXMDnS4w7IrowsapaHAwGggizE3AocAxa2E52kynvorAqraYCFmexqFOOWftbxzXzKGJlVzOf7od6FZaOOf7AdoYj8ngSXOaXs2oxEnmcuVL3ip37NMkBbgXf8LXawvn613Mcrt7QI', 'domain': '.translate-pa.googleapis.com', 'path': '/', 'expires': 1771096251, 'httpOnly': True, 'secure': False, 'sameSite': 'None'}, {'name': 'IVFRT_Cookie', 'value': 'rd7o00000000000000000000ffff0af8a887o80', 'domain': 'indianvisaonline.gov.in', 'path': '/', 'expires': -1, 'httpOnly': True, 'secure': True, 'sameSite': 'Strict'}, {'name': 'BNES_IVFRT_Cookie', 'value': '65cxj17yWW9Oka/3kZpJEgpVQb9oqzLWvEygarX4/+bRPsBU8exJ7MJw0rw3/rAwwNI0A94b2WJ1dOmhWROEFh1qBGNwNLxfrQtTlikfam0FyZ21FEkRpdo3QUA3gdua', 'domain': 'indianvisaonline.gov.in', 'path': '/', 'expires': -1, 'httpOnly': True, 'secure': True, 'sameSite': 'Strict'}, {'name': 'PHPSESSID', 'value': '9quh0tt5n28ib2oac3359kqgo3', 'domain': 'www.ranaghat.gov.in', 'path': '/', 'expires': -1, 'httpOnly': False, 'secure': False, 'sameSite': 'None'}, {'name': '__cf_bm', 'value': 'wwSuDMGcz6XXcq3T7PfRSoqZUM4U.jiLNyKHMBwK7VU-1755285075-1.0.1.1-N_9Ds70051ELsLlWILcm2qFZZpkxc2LR_b9rZqTXqL9LVMgX6L4q4KDJS5mImwELwuZitNyaxmU7hgCB8t0KmLqlqF6pJfk_3hWXZfbKN30', 'domain': '.twitter.com', 'path': '/', 'expires': 1755286875, 'httpOnly': True, 'secure': True, 'sameSite': 'None'}, {'name': '_ga_1WYTQBD7QL', 'value': 'GS2.1.s1755285105$o1$g0$t1755285105$j60$l0$h0', 'domain': '.delhipolice.gov.in', 'path': '/', 'expires': 1818357105, 'httpOnly': False, 'secure': False, 'sameSite': 'None'}, {'name': '_ga', 'value': 'GA1.1.117415376.1755285106', 'domain': '.delhipolice.gov.in', 'path': '/', 'expires': 1818357105, 'httpOnly': False, 'secure': False, 'sameSite': 'None'}, {'name': '__cf_bm', 'value': 'jqKeDdaeeffy8i3WYIq8_Z_yGkg7OhY3vAY58HCXZks-1755285056-1.0.1.1-w.iDNzBi3agZxMulsPd42k4EfJiOh8uqQidPFz3Q2G7v6qe2H_AjTkwxzQaX23qtdxBzVx3x4icLxXAkFlBILTgJ.IVDrq_JFBtc7SYabyE', 'domain': '.w3.org', 'path': '/', 'expires': 1755286856, 'httpOnly': True, 'secure': True, 'sameSite': 'None'}, {'name': 'de9d829b82a17ef12c373a3d6e913f8e', 'value': 'd37h4s4sva8lmcho1mcsb16m4c', 'domain': 'fabkerala.gov.in', 'path': '/', 'expires': -1, 'httpOnly': True, 'secure': False, 'sameSite': 'None'}, {'name': 'visitortime', 'value': '1755285100644', 'domain': '.fabkerala.gov.in', 'path': '/', 'expires': 1757963500, 'httpOnly': False, 'secure': False, 'sameSite': 'None'}, {'name': 'YSC', 'value': 'ekOxPz27HwI', 'domain': '.youtube.com', 'path': '/', 'expires': -1, 'httpOnly': True, 'secure': True, 'sameSite': 'None'}, {'name': 'VISITOR_INFO1_LIVE', 'value': 'OOWao6twSNY', 'domain': '.youtube.com', 'path': '/', 'expires': 1770837108, 'httpOnly': True, 'secure': True, 'sameSite': 'None'}, {'name': 'VISITOR_PRIVACY_METADATA', 'value': 'CgJFUxIhEh0SGwsMDg8QERITFBUWFxgZGhscHR4fICEiIyQlJiAi', 'domain': '.youtube.com', 'path': '/', 'expires': 1770837108, 'httpOnly': True, 'secure': True, 'sameSite': 'None'}, {'name': '__Secure-ROLLOUT_TOKEN', 'value': 'CM7d0KXRgrH0bRDi8cHKwo2PAxjk8OfKwo2PAw%3D%3D', 'domain': '.youtube.com', 'path': '/', 'expires': 1770837108, 'httpOnly': True, 'secure': True, 'sameSite': 'None'}, {'name': 'PHPSESSID', 'value': '7uqjefqppvrllkbn972b5sor8p', 'domain': 'merc.gov.in', 'path': '/', 'expires': -1, 'httpOnly': True, 'secure': True, 'sameSite': 'Strict'}, {'name': 'wp-wpml_current_language', 'value': 'en', 'domain': 'merc.gov.in', 'path': '/', 'expires': 1755371488, 'httpOnly': False, 'secure': False, 'sameSite': 'None'}, {'name': '_GRECAPTCHA', 'value': '09ANMylNAdscD3AjanliWKJukk1fyu2GCsXU6EPD_YgbxCbng5iYi2HG_tagASKtg8QbNNFqzXFWYM2yGycv5cfpE', 'domain': 'www.google.com', 'path': '/recaptcha', 'expires': 1770837055, 'httpOnly': True, 'secure': True, 'sameSite': 'None'}, {'name': 'usof_session', 'value': 'l6dhmg5es91ovd3pon7dlapkmsvc3r2e', 'domain': 'usof.gov.in', 'path': '/', 'expires': 1755285968, 'httpOnly': True, 'secure': False, 'sameSite': 'Lax'}, {'name': 'visitorcount', 'value': '2025-08-15', 'domain': 'usof.gov.in', 'path': '/', 'expires': 2070645068, 'httpOnly': False, 'secure': False, 'sameSite': 'Lax'}, {'name': 'has_js', 'value': '1', 'domain': 'naco.gov.in', 'path': '/', 'expires': -1, 'httpOnly': False, 'secure': False, 'sameSite': 'None'}, {'name': '_pk_id..ba11', 'value': 'bba46f11baa7d35a.1755285077.1.1755285077.1755285077.', 'domain': 'naco.gov.in', 'path': '/', 'expires': 1789240277, 'httpOnly': False, 'secure': False, 'sameSite': 'None'}, {'name': '_pk_ses..ba11', 'value': '*', 'domain': 'naco.gov.in', 'path': '/', 'expires': 1755286877, 'httpOnly': False, 'secure': False, 'sameSite': 'None'}, {'name': '_ga', 'value': 'GA1.3.1201003434.1755285088', 'domain': '.ceodelhi.gov.in', 'path': '/', 'expires': 1818357088, 'httpOnly': False, 'secure': False, 'sameSite': 'None'}, {'name': '_gid', 'value': 'GA1.3.950471267.1755285088', 'domain': '.ceodelhi.gov.in', 'path': '/', 'expires': 1755371488, 'httpOnly': False, 'secure': False, 'sameSite': 'None'}, {'name': '_gat', 'value': '1', 'domain': '.ceodelhi.gov.in', 'path': '/', 'expires': 1755285148, 'httpOnly': False, 'secure': False, 'sameSite': 'None'}, {'name': 'ASP.NET_SessionId', 'value': '2xp54cgrzy2b20omma5sizqx', 'domain': 'goaelectricity.gov.in', 'path': '/', 'expires': -1, 'httpOnly': True, 'secure': True, 'sameSite': 'Lax'}]",False,False,False,True
fabkerala.gov.in,OK,200.0,"['api.userway.org', 'cdn.userway.org', 'fonts.googleapis.com', 'fonts.gstatic.com', 'googleads.g.doubleclick.net', 'i.ytimg.com', 'i1.ytimg.com', 'jnn-pa.googleapis.com', 'maps.googleapis.com', 'maps.gstatic.com', 'play.google.com', 'sppagebuilder.com', 'static.doubleclick.net', 'www.google.com', 'www.youtube.com', 'yt3.ggpht.com']","[{'name': 'visited', 'value': 'true', 'domain': 'mahafireservice.gov.in', 'path': '/', 'expires': -1, 'httpOnly': False, 'secure': False, 'sameSite': 'None'}, {'name': 'ASP.NET_SessionId', 'value': 'rgou5rr3xjb3ljjxixoex1yz', 'domain': 'www.suratmunicipal.gov.in', 'path': '/', 'expires': -1, 'httpOnly': True, 'secure': True, 'sameSite': 'Lax'}, {'name': '_ga', 'value': 'GA1.1.1927295887.1755285057', 'domain': '.suratmunicipal.gov.in', 'path': '/', 'expires': 1818357057, 'httpOnly': False, 'secure': False, 'sameSite': 'None'}, {'name': '_ga_39997JPBB2', 'value': 'GS2.1.s1755285057$o1$g0$t1755285061$j56$l0$h0', 'domain': '.suratmunicipal.gov.in', 'path': '/', 'expires': 1818357061, 'httpOnly': False, 'secure': False, 'sameSite': 'None'}, {'name': 'PHPSESSID', 'value': 'pdc97u8e0lkp10uicqrrjmsmbb', 'domain': 'registry.gov.in', 'path': '/', 'expires': -1, 'httpOnly': True, 'secure': True, 'sameSite': 'None'}, {'name': '_ga_ELC9E1Q6NS', 'value': 'GS2.1.s1755285064$o1$g0$t1755285064$j60$l0$h0', 'domain': '.iirs.gov.in', 'path': '/', 'expires': 1818357064, 'httpOnly': False, 'secure': False, 'sameSite': 'None'}, {'name': '_ga', 'value': 'GA1.3.1437562245.1755285064', 'domain': '.iirs.gov.in', 'path': '/', 'expires': 1818357064, 'httpOnly': False, 'secure': False, 'sameSite': 'None'}, {'name': '_gid', 'value': 'GA1.3.399122941.1755285064', 'domain': '.iirs.gov.in', 'path': '/', 'expires': 1755371464, 'httpOnly': False, 'secure': False, 'sameSite': 'None'}, {'name': '_gat_gtag_UA_30334522_1', 'value': '1', 'domain': '.iirs.gov.in', 'path': '/', 'expires': 1755285124, 'httpOnly': False, 'secure': False, 'sameSite': 'None'}, {'name': 'NID', 'value': '525=S9lf8rRG2aAUKVR61O4c-r3qccxebNxkJ0CfQtzRMrKGsEhckioyUnaLaHJxVxSyJ4F6DDPcN0iSFHdSBHXMDnS4w7IrowsapaHAwGggizE3AocAxa2E52kynvorAqraYCFmexqFOOWftbxzXzKGJlVzOf7od6FZaOOf7AdoYj8ngSXOaXs2oxEnmcuVL3ip37NMkBbgXf8LXawvn613Mcrt7QI', 'domain': '.translate-pa.googleapis.com', 'path': '/', 'expires': 1771096251, 'httpOnly': True, 'secure': False, 'sameSite': 'None'}, {'name': 'IVFRT_Cookie', 'value': 'rd7o00000000000000000000ffff0af8a887o80', 'domain': 'indianvisaonline.gov.in', 'path': '/', 'expires': -1, 'httpOnly': True, 'secure': True, 'sameSite': 'Strict'}, {'name': 'BNES_IVFRT_Cookie', 'value': '65cxj17yWW9Oka/3kZpJEgpVQb9oqzLWvEygarX4/+bRPsBU8exJ7MJw0rw3/rAwwNI0A94b2WJ1dOmhWROEFh1qBGNwNLxfrQtTlikfam0FyZ21FEkRpdo3QUA3gdua', 'domain': 'indianvisaonline.gov.in', 'path': '/', 'expires': -1, 'httpOnly': True, 'secure': True, 'sameSite': 'Strict'}, {'name': 'PHPSESSID', 'value': '9quh0tt5n28ib2oac3359kqgo3', 'domain': 'www.ranaghat.gov.in', 'path': '/', 'expires': -1, 'httpOnly': False, 'secure': False, 'sameSite': 'None'}, {'name': '__cf_bm', 'value': 'wwSuDMGcz6XXcq3T7PfRSoqZUM4U.jiLNyKHMBwK7VU-1755285075-1.0.1.1-N_9Ds70051ELsLlWILcm2qFZZpkxc2LR_b9rZqTXqL9LVMgX6L4q4KDJS5mImwELwuZitNyaxmU7hgCB8t0KmLqlqF6pJfk_3hWXZfbKN30', 'domain': '.twitter.com', 'path': '/', 'expires': 1755286875, 'httpOnly': True, 'secure': True, 'sameSite': 'None'}, {'name': '_ga_1WYTQBD7QL', 'value': 'GS2.1.s1755285105$o1$g0$t1755285105$j60$l0$h0', 'domain': '.delhipolice.gov.in', 'path': '/', 'expires': 1818357105, 'httpOnly': False, 'secure': False, 'sameSite': 'None'}, {'name': '_ga', 'value': 'GA1.1.117415376.1755285106', 'domain': '.delhipolice.gov.in', 'path': '/', 'expires': 1818357105, 'httpOnly': False, 'secure': False, 'sameSite': 'None'}, {'name': '__cf_bm', 'value': 'jqKeDdaeeffy8i3WYIq8_Z_yGkg7OhY3vAY58HCXZks-1755285056-1.0.1.1-w.iDNzBi3agZxMulsPd42k4EfJiOh8uqQidPFz3Q2G7v6qe2H_AjTkwxzQaX23qtdxBzVx3x4icLxXAkFlBILTgJ.IVDrq_JFBtc7SYabyE', 'domain': '.w3.org', 'path': '/', 'expires': 1755286856, 'httpOnly': True, 'secure': True, 'sameSite': 'None'}, {'name': 'YSC', 'value': 'ekOxPz27HwI', 'domain': '.youtube.com', 'path': '/', 'expires': -1, 'httpOnly': True, 'secure': True, 'sameSite': 'None'}, {'name': 'VISITOR_INFO1_LIVE', 'value': 'OOWao6twSNY', 'domain': '.youtube.com', 'path': '/', 'expires': 1770837108, 'httpOnly': True, 'secure': True, 'sameSite': 'None'}, {'name': 'VISITOR_PRIVACY_METADATA', 'value': 'CgJFUxIhEh0SGwsMDg8QERITFBUWFxgZGhscHR4fICEiIyQlJiAi', 'domain': '.youtube.com', 'path': '/', 'expires': 1770837108, 'httpOnly': True, 'secure': True, 'sameSite': 'None'}, {'name': '__Secure-ROLLOUT_TOKEN', 'value': 'CM7d0KXRgrH0bRDi8cHKwo2PAxjk8OfKwo2PAw%3D%3D', 'domain': '.youtube.com', 'path': '/', 'expires': 1770837108, 'httpOnly': True, 'secure': True, 'sameSite': 'None'}, {'name': '_ga', 'value': 'GA1.1.1969810351.1755285110', 'domain': '.dic.gov.in', 'path': '/', 'expires': 1818357110, 'httpOnly': False, 'secure': False, 'sameSite': 'None'}, {'name': 'AWSALB', 'value': 'B9v31rxQQ16njT+G0c7EzxuSv5eiLA1n14rA+VEnEfLkvMvoJ9/XF8pY0R+ivmgr7cuWEghoPNAeverBc3c9BylqRw0Om0orzo7uzL7QGSKCZq097R0XiMbJCgan', 'domain': 'dic.gov.in', 'path': '/', 'expires': 1755889912, 'httpOnly': False, 'secure': False, 'sameSite': 'None'}, {'name': 'AWSALBCORS', 'value': 'B9v31rxQQ16njT+G0c7EzxuSv5eiLA1n14rA+VEnEfLkvMvoJ9/XF8pY0R+ivmgr7cuWEghoPNAeverBc3c9BylqRw0Om0orzo7uzL7QGSKCZq097R0XiMbJCgan', 'domain': 'dic.gov.in', 'path': '/', 'expires': 1755889912, 'httpOnly': False, 'secure': True, 'sameSite': 'None'}, {'name': 'PHPSESSID', 'value': 'f39l1s1p4e40gh60bhdscqi25b', 'domain': 'dic.gov.in', 'path': '/', 'expires': -1, 'httpOnly': True, 'secure': True, 'sameSite': 'Lax'}, {'name': '_ga_8ERYZTEF0W', 'value': 'GS2.1.s1755285110$o1$g0$t1755285118$j52$l0$h0', 'domain': '.dic.gov.in', 'path': '/', 'expires': 1818357118, 'httpOnly': False, 'secure': False, 'sameSite': 'None'}, {'name': 'PHPSESSID', 'value': '7uqjefqppvrllkbn972b5sor8p', 'domain': 'merc.gov.in', 'path': '/', 'expires': -1, 'httpOnly': True, 'secure': True, 'sameSite': 'Strict'}, {'name': 'wp-wpml_current_language', 'value': 'en', 'domain': 'merc.gov.in', 'path': '/', 'expires': 1755371488, 'httpOnly': False, 'secure': False, 'sameSite': 'None'}, {'name': '_GRECAPTCHA', 'value': '09ANMylNAdscD3AjanliWKJukk1fyu2GCsXU6EPD_YgbxCbng5iYi2HG_tagASKtg8QbNNFqzXFWYM2yGycv5cfpE', 'domain': 'www.google.com', 'path': '/recaptcha', 'expires': 1770837055, 'httpOnly': True, 'secure': True, 'sameSite': 'None'}, {'name': 'usof_session', 'value': 'l6dhmg5es91ovd3pon7dlapkmsvc3r2e', 'domain': 'usof.gov.in', 'path': '/', 'expires': 1755285968, 'httpOnly': True, 'secure': False, 'sameSite': 'Lax'}, {'name': 'visitorcount', 'value': '2025-08-15', 'domain': 'usof.gov.in', 'path': '/', 'expires': 2070645068, 'httpOnly': False, 'secure': False, 'sameSite': 'Lax'}, {'name': 'has_js', 'value': '1', 'domain': 'naco.gov.in', 'path': '/', 'expires': -1, 'httpOnly': False, 'secure': False, 'sameSite': 'None'}, {'name': '_pk_id..ba11', 'value': 'bba46f11baa7d35a.1755285077.1.1755285077.1755285077.', 'domain': 'naco.gov.in', 'path': '/', 'expires': 1789240277, 'httpOnly': False, 'secure': False, 'sameSite': 'None'}, {'name': '_pk_ses..ba11', 'value': '*', 'domain': 'naco.gov.in', 'path': '/', 'expires': 1755286877, 'httpOnly': False, 'secure': False, 'sameSite': 'None'}, {'name': '_ga', 'value': 'GA1.3.1201003434.1755285088', 'domain': '.ceodelhi.gov.in', 'path': '/', 'expires': 1818357088, 'httpOnly': False, 'secure': False, 'sameSite': 'None'}, {'name': '_gid', 'value': 'GA1.3.950471267.1755285088', 'domain': '.ceodelhi.gov.in', 'path': '/', 'expires': 1755371488, 'httpOnly': False, 'secure': False, 'sameSite': 'None'}, {'name': '_gat', 'value': '1', 'domain': '.ceodelhi.gov.in', 'path': '/', 'expires': 1755285148, 'httpOnly': False, 'secure': False, 'sameSite': 'None'}, {'name': 'ASP.NET_SessionId', 'value': '2xp54cgrzy2b20omma5sizqx', 'domain': 'goaelectricity.gov.in', 'path': '/', 'expires': -1, 'httpOnly': True, 'secure': True, 'sameSite': 'Lax'}]",False,False,False,True
delhipolice.gov.in,OK,200.0,"['counter9.stat.ovh', 'fonts.gstatic.com', 'googleads.g.doubleclick.net', 'i.ytimg.com', 'jnn-pa.googleapis.com', 'play.google.com', 'static.doubleclick.net', 'www.google.com', 'www.googletagmanager.com', 'www.youtube.com', 'yt3.ggpht.com']","[{'name': 'visited', 'value': 'true', 'domain': 'mahafireservice.gov.in', 'path': '/', 'expires': -1, 'httpOnly': False, 'secure': False, 'sameSite': 'None'}, {'name': 'ASP.NET_SessionId', 'value': 'rgou5rr3xjb3ljjxixoex1yz', 'domain': 'www.suratmunicipal.gov.in', 'path': '/', 'expires': -1, 'httpOnly': True, 'secure': True, 'sameSite': 'Lax'}, {'name': '_ga', 'value': 'GA1.1.1927295887.1755285057', 'domain': '.suratmunicipal.gov.in', 'path': '/', 'expires': 1818357057, 'httpOnly': False, 'secure': False, 'sameSite': 'None'}, {'name': '_ga_39997JPBB2', 'value': 'GS2.1.s1755285057$o1$g0$t1755285061$j56$l0$h0', 'domain': '.suratmunicipal.gov.in', 'path': '/', 'expires': 1818357061, 'httpOnly': False, 'secure': False, 'sameSite': 'None'}, {'name': 'PHPSESSID', 'value': 'pdc97u8e0lkp10uicqrrjmsmbb', 'domain': 'registry.gov.in', 'path': '/', 'expires': -1, 'httpOnly': True, 'secure': True, 'sameSite': 'None'}, {'name': '_ga_ELC9E1Q6NS', 'value': 'GS2.1.s1755285064$o1$g0$t1755285064$j60$l0$h0', 'domain': '.iirs.gov.in', 'path': '/', 'expires': 1818357064, 'httpOnly': False, 'secure': False, 'sameSite': 'None'}, {'name': '_ga', 'value': 'GA1.3.1437562245.1755285064', 'domain': '.iirs.gov.in', 'path': '/', 'expires': 1818357064, 'httpOnly': False, 'secure': False, 'sameSite': 'None'}, {'name': '_gid', 'value': 'GA1.3.399122941.1755285064', 'domain': '.iirs.gov.in', 'path': '/', 'expires': 1755371464, 'httpOnly': False, 'secure': False, 'sameSite': 'None'}, {'name': '_gat_gtag_UA_30334522_1', 'value': '1', 'domain': '.iirs.gov.in', 'path': '/', 'expires': 1755285124, 'httpOnly': False, 'secure': False, 'sameSite': 'None'}, {'name': 'NID', 'value': '525=S9lf8rRG2aAUKVR61O4c-r3qccxebNxkJ0CfQtzRMrKGsEhckioyUnaLaHJxVxSyJ4F6DDPcN0iSFHdSBHXMDnS4w7IrowsapaHAwGggizE3AocAxa2E52kynvorAqraYCFmexqFOOWftbxzXzKGJlVzOf7od6FZaOOf7AdoYj8ngSXOaXs2oxEnmcuVL3ip37NMkBbgXf8LXawvn613Mcrt7QI', 'domain': '.translate-pa.googleapis.com', 'path': '/', 'expires': 1771096251, 'httpOnly': True, 'secure': False, 'sameSite': 'None'}, {'name': 'IVFRT_Cookie', 'value': 'rd7o00000000000000000000ffff0af8a887o80', 'domain': 'indianvisaonline.gov.in', 'path': '/', 'expires': -1, 'httpOnly': True, 'secure': True, 'sameSite': 'Strict'}, {'name': 'BNES_IVFRT_Cookie', 'value': '65cxj17yWW9Oka/3kZpJEgpVQb9oqzLWvEygarX4/+bRPsBU8exJ7MJw0rw3/rAwwNI0A94b2WJ1dOmhWROEFh1qBGNwNLxfrQtTlikfam0FyZ21FEkRpdo3QUA3gdua', 'domain': 'indianvisaonline.gov.in', 'path': '/', 'expires': -1, 'httpOnly': True, 'secure': True, 'sameSite': 'Strict'}, {'name': 'PHPSESSID', 'value': '9quh0tt5n28ib2oac3359kqgo3', 'domain': 'www.ranaghat.gov.in', 'path': '/', 'expires': -1, 'httpOnly': False, 'secure': False, 'sameSite': 'None'}, {'name': '__cf_bm', 'value': 'wwSuDMGcz6XXcq3T7PfRSoqZUM4U.jiLNyKHMBwK7VU-1755285075-1.0.1.1-N_9Ds70051ELsLlWILcm2qFZZpkxc2LR_b9rZqTXqL9LVMgX6L4q4KDJS5mImwELwuZitNyaxmU7hgCB8t0KmLqlqF6pJfk_3hWXZfbKN30', 'domain': '.twitter.com', 'path': '/', 'expires': 1755286875, 'httpOnly': True, 'secure': True, 'sameSite': 'None'}, {'name': '__cf_bm', 'value': 'jqKeDdaeeffy8i3WYIq8_Z_yGkg7OhY3vAY58HCXZks-1755285056-1.0.1.1-w.iDNzBi3agZxMulsPd42k4EfJiOh8uqQidPFz3Q2G7v6qe2H_AjTkwxzQaX23qtdxBzVx3x4icLxXAkFlBILTgJ.IVDrq_JFBtc7SYabyE', 'domain': '.w3.org', 'path': '/', 'expires': 1755286856, 'httpOnly': True, 'secure': True, 'sameSite': 'None'}, {'name': 'de9d829b82a17ef12c373a3d6e913f8e', 'value': 'd37h4s4sva8lmcho1mcsb16m4c', 'domain': 'fabkerala.gov.in', 'path': '/', 'expires': -1, 'httpOnly': True, 'secure': False, 'sameSite': 'None'}, {'name': 'visitortime', 'value': '1755285100644', 'domain': '.fabkerala.gov.in', 'path': '/', 'expires': 1757963500, 'httpOnly': False, 'secure': False, 'sameSite': 'None'}, {'name': 'YSC', 'value': 'ekOxPz27HwI', 'domain': '.youtube.com', 'path': '/', 'expires': -1, 'httpOnly': True, 'secure': True, 'sameSite': 'None'}, {'name': 'VISITOR_INFO1_LIVE', 'value': 'OOWao6twSNY', 'domain': '.youtube.com', 'path': '/', 'expires': 1770837108, 'httpOnly': True, 'secure': True, 'sameSite': 'None'}, {'name': 'VISITOR_PRIVACY_METADATA', 'value': 'CgJFUxIhEh0SGwsMDg8QERITFBUWFxgZGhscHR4fICEiIyQlJiAi', 'domain': '.youtube.com', 'path': '/', 'expires': 1770837108, 'httpOnly': True, 'secure': True, 'sameSite': 'None'}, {'name': '__Secure-ROLLOUT_TOKEN', 'value': 'CM7d0KXRgrH0bRDi8cHKwo2PAxjk8OfKwo2PAw%3D%3D', 'domain': '.youtube.com', 'path': '/', 'expires': 1770837108, 'httpOnly': True, 'secure': True, 'sameSite': 'None'}, {'name': '_ga', 'value': 'GA1.1.1969810351.1755285110', 'domain': '.dic.gov.in', 'path': '/', 'expires': 1818357110, 'httpOnly': False, 'secure': False, 'sameSite': 'None'}, {'name': 'AWSALB', 'value': 'B9v31rxQQ16njT+G0c7EzxuSv5eiLA1n14rA+VEnEfLkvMvoJ9/XF8pY0R+ivmgr7cuWEghoPNAeverBc3c9BylqRw0Om0orzo7uzL7QGSKCZq097R0XiMbJCgan', 'domain': 'dic.gov.in', 'path': '/', 'expires': 1755889912, 'httpOnly': False, 'secure': False, 'sameSite': 'None'}, {'name': 'AWSALBCORS', 'value': 'B9v31rxQQ16njT+G0c7EzxuSv5eiLA1n14rA+VEnEfLkvMvoJ9/XF8pY0R+ivmgr7cuWEghoPNAeverBc3c9BylqRw0Om0orzo7uzL7QGSKCZq097R0XiMbJCgan', 'domain': 'dic.gov.in', 'path': '/', 'expires': 1755889912, 'httpOnly': False, 'secure': True, 'sameSite': 'None'}, {'name': 'PHPSESSID', 'value': 'f39l1s1p4e40gh60bhdscqi25b', 'domain': 'dic.gov.in', 'path': '/', 'expires': -1, 'httpOnly': True, 'secure': True, 'sameSite': 'Lax'}, {'name': '_ga_8ERYZTEF0W', 'value': 'GS2.1.s1755285110$o1$g0$t1755285118$j52$l0$h0', 'domain': '.dic.gov.in', 'path': '/', 'expires': 1818357118, 'httpOnly': False, 'secure': False, 'sameSite': 'None'}, {'name': 'PHPSESSID', 'value': '7uqjefqppvrllkbn972b5sor8p', 'domain': 'merc.gov.in', 'path': '/', 'expires': -1, 'httpOnly': True, 'secure': True, 'sameSite': 'Strict'}, {'name': 'wp-wpml_current_language', 'value': 'en', 'domain': 'merc.gov.in', 'path': '/', 'expires': 1755371488, 'httpOnly': False, 'secure': False, 'sameSite': 'None'}, {'name': '_GRECAPTCHA', 'value': '09ANMylNAdscD3AjanliWKJukk1fyu2GCsXU6EPD_YgbxCbng5iYi2HG_tagASKtg8QbNNFqzXFWYM2yGycv5cfpE', 'domain': 'www.google.com', 'path': '/recaptcha', 'expires': 1770837055, 'httpOnly': True, 'secure': True, 'sameSite': 'None'}, {'name': 'usof_session', 'value': 'l6dhmg5es91ovd3pon7dlapkmsvc3r2e', 'domain': 'usof.gov.in', 'path': '/', 'expires': 1755285968, 'httpOnly': True, 'secure': False, 'sameSite': 'Lax'}, {'name': 'visitorcount', 'value': '2025-08-15', 'domain': 'usof.gov.in', 'path': '/', 'expires': 2070645068, 'httpOnly': False, 'secure': False, 'sameSite': 'Lax'}, {'name': 'has_js', 'value': '1', 'domain': 'naco.gov.in', 'path': '/', 'expires': -1, 'httpOnly': False, 'secure': False, 'sameSite': 'None'}, {'name': '_pk_id..ba11', 'value': 'bba46f11baa7d35a.1755285077.1.1755285077.1755285077.', 'domain': 'naco.gov.in', 'path': '/', 'expires': 1789240277, 'httpOnly': False, 'secure': False, 'sameSite': 'None'}, {'name': '_pk_ses..ba11', 'value': '*', 'domain': 'naco.gov.in', 'path': '/', 'expires': 1755286877, 'httpOnly': False, 'secure': False, 'sameSite': 'None'}, {'name': '_ga', 'value': 'GA1.3.1201003434.1755285088', 'domain': '.ceodelhi.gov.in', 'path': '/', 'expires': 1818357088, 'httpOnly': False, 'secure': False, 'sameSite': 'None'}, {'name': '_gid', 'value': 'GA1.3.950471267.1755285088', 'domain': '.ceodelhi.gov.in', 'path': '/', 'expires': 1755371488, 'httpOnly': False, 'secure': False, 'sameSite': 'None'}, {'name': '_gat', 'value': '1', 'domain': '.ceodelhi.gov.in', 'path': '/', 'expires': 1755285148, 'httpOnly': False, 'secure': False, 'sameSite': 'None'}, {'name': 'ASP.NET_SessionId', 'value': '2xp54cgrzy2b20omma5sizqx', 'domain': 'goaelectricity.gov.in', 'path': '/', 'expires': -1, 'httpOnly': True, 'secure': True, 'sameSite': 'Lax'}]",False,False,False,True
