domain,tls_error,tls_version_max,tls_key_alg,tls_key_size,tls_curve,tls_cert_issuer,tls_days_until_expiry,tls_cipher_suites_total,tls_cipher_suites_fs,tls_cipher_suites_list,tls_cipher_suites_weak,tls_cipher_weak_list,tls_hsts
cpage.mpr.gob.es,,TLS_1_3,RSAPublicKey,4096,,"CN=ISRG Root X1,O=Internet Security Research Group,C=US",78,30,11,TLS_CHACHA20_POLY1305_SHA256;TLS_AES_256_GCM_SHA384;TLS_AES_128_GCM_SHA256;TLS_RSA_WITH_CAMELLIA_256_CBC_SHA256;TLS_RSA_WITH_CAMELLIA_256_CBC_SHA;TLS_RSA_WITH_CAMELLIA_128_CBC_SHA256;TLS_RSA_WITH_CAMELLIA_128_CBC_SHA;TLS_RSA_WITH_ARIA_256_GCM_SHA384;TLS_RSA_WITH_ARIA_128_GCM_SHA256;TLS_RSA_WITH_AES_256_GCM_SHA384;TLS_RSA_WITH_AES_256_CCM_8;TLS_RSA_WITH_AES_256_CCM;TLS_RSA_WITH_AES_256_CBC_SHA256;TLS_RSA_WITH_AES_256_CBC_SHA;TLS_RSA_WITH_AES_128_GCM_SHA256;TLS_RSA_WITH_AES_128_CCM_8;TLS_RSA_WITH_AES_128_CCM;TLS_RSA_WITH_AES_128_CBC_SHA256;TLS_RSA_WITH_AES_128_CBC_SHA;TLS_ECDHE_RSA_WITH_CHACHA20_POLY1305_SHA256;TLS_ECDHE_RSA_WITH_CAMELLIA_256_CBC_SHA384;TLS_ECDHE_RSA_WITH_CAMELLIA_128_CBC_SHA256;TLS_ECDHE_RSA_WITH_ARIA_256_GCM_SHA384;TLS_ECDHE_RSA_WITH_ARIA_128_GCM_SHA256;TLS_ECDHE_RSA_WITH_AES_256_GCM_SHA384;TLS_ECDHE_RSA_WITH_AES_256_CBC_SHA384;TLS_ECDHE_RSA_WITH_AES_256_CBC_SHA;TLS_ECDHE_RSA_WITH_AES_128_GCM_SHA256;TLS_ECDHE_RSA_WITH_AES_128_CBC_SHA256;TLS_ECDHE_RSA_WITH_AES_128_CBC_SHA,16,TLS_RSA_WITH_CAMELLIA_256_CBC_SHA256;TLS_RSA_WITH_CAMELLIA_256_CBC_SHA;TLS_RSA_WITH_CAMELLIA_128_CBC_SHA256;TLS_RSA_WITH_CAMELLIA_128_CBC_SHA;TLS_RSA_WITH_ARIA_256_GCM_SHA384;TLS_RSA_WITH_ARIA_128_GCM_SHA256;TLS_RSA_WITH_AES_256_GCM_SHA384;TLS_RSA_WITH_AES_256_CCM_8;TLS_RSA_WITH_AES_256_CCM;TLS_RSA_WITH_AES_256_CBC_SHA256;TLS_RSA_WITH_AES_256_CBC_SHA;TLS_RSA_WITH_AES_128_GCM_SHA256;TLS_RSA_WITH_AES_128_CCM_8;TLS_RSA_WITH_AES_128_CCM;TLS_RSA_WITH_AES_128_CBC_SHA256;TLS_RSA_WITH_AES_128_CBC_SHA,0
redets.sanidad.gob.es,,TLS_1_2,RSAPublicKey,2048,,"OU=AC RAIZ FNMT-RCM,O=FNMT-RCM,C=ES",54,5,2,TLS_RSA_WITH_AES_256_CBC_SHA256;TLS_RSA_WITH_AES_128_GCM_SHA256;TLS_RSA_WITH_AES_128_CBC_SHA256;TLS_ECDHE_RSA_WITH_AES_256_GCM_SHA384;TLS_ECDHE_RSA_WITH_AES_128_GCM_SHA256,3,TLS_RSA_WITH_AES_256_CBC_SHA256;TLS_RSA_WITH_AES_128_GCM_SHA256;TLS_RSA_WITH_AES_128_CBC_SHA256,0
mapaoficialcarreteras.transportes.gob.es,,TLS_1_3,RSAPublicKey,2048,,"OU=AC RAIZ FNMT-RCM,O=FNMT-RCM,C=ES",53,46,27,TLS_CHACHA20_POLY1305_SHA256;TLS_AES_256_GCM_SHA384;TLS_AES_128_GCM_SHA256;TLS_RSA_WITH_CAMELLIA_256_CBC_SHA256;TLS_RSA_WITH_CAMELLIA_256_CBC_SHA;TLS_RSA_WITH_CAMELLIA_128_CBC_SHA256;TLS_RSA_WITH_CAMELLIA_128_CBC_SHA;TLS_RSA_WITH_ARIA_256_GCM_SHA384;TLS_RSA_WITH_ARIA_128_GCM_SHA256;TLS_RSA_WITH_AES_256_GCM_SHA384;TLS_RSA_WITH_AES_256_CCM_8;TLS_RSA_WITH_AES_256_CCM;TLS_RSA_WITH_AES_256_CBC_SHA256;TLS_RSA_WITH_AES_256_CBC_SHA;TLS_RSA_WITH_AES_128_GCM_SHA256;TLS_RSA_WITH_AES_128_CCM_8;TLS_RSA_WITH_AES_128_CCM;TLS_RSA_WITH_AES_128_CBC_SHA256;TLS_RSA_WITH_AES_128_CBC_SHA;TLS_ECDHE_RSA_WITH_CHACHA20_POLY1305_SHA256;TLS_ECDHE_RSA_WITH_CAMELLIA_256_CBC_SHA384;TLS_ECDHE_RSA_WITH_ARIA_256_GCM_SHA384;TLS_ECDHE_RSA_WITH_ARIA_128_GCM_SHA256;TLS_ECDHE_RSA_WITH_AES_256_GCM_SHA384;TLS_ECDHE_RSA_WITH_AES_256_CBC_SHA384;TLS_ECDHE_RSA_WITH_AES_256_CBC_SHA;TLS_ECDHE_RSA_WITH_AES_128_GCM_SHA256;TLS_ECDHE_RSA_WITH_AES_128_CBC_SHA256;TLS_ECDHE_RSA_WITH_AES_128_CBC_SHA;TLS_DHE_RSA_WITH_CHACHA20_POLY1305_SHA256;TLS_DHE_RSA_WITH_CAMELLIA_256_CBC_SHA256;TLS_DHE_RSA_WITH_CAMELLIA_256_CBC_SHA;TLS_DHE_RSA_WITH_CAMELLIA_128_CBC_SHA256;TLS_DHE_RSA_WITH_CAMELLIA_128_CBC_SHA;TLS_DHE_RSA_WITH_ARIA_256_GCM_SHA384;TLS_DHE_RSA_WITH_ARIA_128_GCM_SHA256;TLS_DHE_RSA_WITH_AES_256_GCM_SHA384;TLS_DHE_RSA_WITH_AES_256_CCM_8;TLS_DHE_RSA_WITH_AES_256_CCM;TLS_DHE_RSA_WITH_AES_256_CBC_SHA256;TLS_DHE_RSA_WITH_AES_256_CBC_SHA;TLS_DHE_RSA_WITH_AES_128_GCM_SHA256;TLS_DHE_RSA_WITH_AES_128_CCM_8;TLS_DHE_RSA_WITH_AES_128_CCM;TLS_DHE_RSA_WITH_AES_128_CBC_SHA256;TLS_DHE_RSA_WITH_AES_128_CBC_SHA,16,TLS_RSA_WITH_CAMELLIA_256_CBC_SHA256;TLS_RSA_WITH_CAMELLIA_256_CBC_SHA;TLS_RSA_WITH_CAMELLIA_128_CBC_SHA256;TLS_RSA_WITH_CAMELLIA_128_CBC_SHA;TLS_RSA_WITH_ARIA_256_GCM_SHA384;TLS_RSA_WITH_ARIA_128_GCM_SHA256;TLS_RSA_WITH_AES_256_GCM_SHA384;TLS_RSA_WITH_AES_256_CCM_8;TLS_RSA_WITH_AES_256_CCM;TLS_RSA_WITH_AES_256_CBC_SHA256;TLS_RSA_WITH_AES_256_CBC_SHA;TLS_RSA_WITH_AES_128_GCM_SHA256;TLS_RSA_WITH_AES_128_CCM_8;TLS_RSA_WITH_AES_128_CCM;TLS_RSA_WITH_AES_128_CBC_SHA256;TLS_RSA_WITH_AES_128_CBC_SHA,1
sede.sepe.gob.es,,TLS_1_3,RSAPublicKey,2048,,"CN=SSL.com EV Root Certification Authority RSA R2,O=SSL Corporation,L=Houston,ST=Texas,C=US",246,9,2,TLS_CHACHA20_POLY1305_SHA256;TLS_AES_256_GCM_SHA384;TLS_AES_128_GCM_SHA256;TLS_RSA_WITH_AES_256_CBC_SHA256;TLS_RSA_WITH_AES_256_CBC_SHA;TLS_RSA_WITH_AES_128_CBC_SHA256;TLS_RSA_WITH_AES_128_CBC_SHA;TLS_ECDHE_RSA_WITH_AES_256_GCM_SHA384;TLS_ECDHE_RSA_WITH_AES_128_GCM_SHA256,4,TLS_RSA_WITH_AES_256_CBC_SHA256;TLS_RSA_WITH_AES_256_CBC_SHA;TLS_RSA_WITH_AES_128_CBC_SHA256;TLS_RSA_WITH_AES_128_CBC_SHA,0
digital.gob.es,,TLS_1_3,RSAPublicKey,2048,,"OU=AC RAIZ FNMT-RCM,O=FNMT-RCM,C=ES",76,6,3,TLS_CHACHA20_POLY1305_SHA256;TLS_AES_256_GCM_SHA384;TLS_AES_128_GCM_SHA256;TLS_ECDHE_RSA_WITH_CHACHA20_POLY1305_SHA256;TLS_ECDHE_RSA_WITH_AES_256_GCM_SHA384;TLS_ECDHE_RSA_WITH_AES_128_GCM_SHA256,0,,1
portaldatos.seg-social.gob.es,,TLS_1_3,ECPublicKey,256,secp256r1,"CN=DigiCert Global Root CA,OU=www.digicert.com,O=DigiCert Inc,C=US",82,9,6,TLS_CHACHA20_POLY1305_SHA256;TLS_AES_256_GCM_SHA384;TLS_AES_128_GCM_SHA256;TLS_ECDHE_RSA_WITH_CHACHA20_POLY1305_SHA256;TLS_ECDHE_RSA_WITH_AES_256_GCM_SHA384;TLS_ECDHE_RSA_WITH_AES_128_GCM_SHA256;TLS_ECDHE_ECDSA_WITH_CHACHA20_POLY1305_SHA256;TLS_ECDHE_ECDSA_WITH_AES_256_GCM_SHA384;TLS_ECDHE_ECDSA_WITH_AES_128_GCM_SHA256,0,,1
sede.mscbs.gob.es,certinfo_error ('NoneType' object has no attribute 'get'),,,0,,,0,0,0,,0,,0
sede.inclusion.gob.es,,TLS_1_3,RSAPublicKey,2048,,"OU=AC Componentes Informáticos,O=FNMT-RCM,C=ES",54,16,7,TLS_CHACHA20_POLY1305_SHA256;TLS_AES_256_GCM_SHA384;TLS_AES_128_GCM_SHA256;TLS_RSA_WITH_AES_256_GCM_SHA384;TLS_RSA_WITH_AES_256_CBC_SHA256;TLS_RSA_WITH_AES_256_CBC_SHA;TLS_RSA_WITH_AES_128_GCM_SHA256;TLS_RSA_WITH_AES_128_CBC_SHA256;TLS_RSA_WITH_AES_128_CBC_SHA;TLS_ECDHE_RSA_WITH_CHACHA20_POLY1305_SHA256;TLS_ECDHE_RSA_WITH_AES_256_GCM_SHA384;TLS_ECDHE_RSA_WITH_AES_256_CBC_SHA384;TLS_ECDHE_RSA_WITH_AES_256_CBC_SHA;TLS_ECDHE_RSA_WITH_AES_128_GCM_SHA256;TLS_ECDHE_RSA_WITH_AES_128_CBC_SHA256;TLS_ECDHE_RSA_WITH_AES_128_CBC_SHA,6,TLS_RSA_WITH_AES_256_GCM_SHA384;TLS_RSA_WITH_AES_256_CBC_SHA256;TLS_RSA_WITH_AES_256_CBC_SHA;TLS_RSA_WITH_AES_128_GCM_SHA256;TLS_RSA_WITH_AES_128_CBC_SHA256;TLS_RSA_WITH_AES_128_CBC_SHA,1
publicaciones.transportes.gob.es,,TLS_1_3,RSAPublicKey,2048,,"OU=AC RAIZ FNMT-RCM,O=FNMT-RCM,C=ES",53,47,28,TLS_CHACHA20_POLY1305_SHA256;TLS_AES_256_GCM_SHA384;TLS_AES_128_GCM_SHA256;TLS_RSA_WITH_CAMELLIA_256_CBC_SHA256;TLS_RSA_WITH_CAMELLIA_256_CBC_SHA;TLS_RSA_WITH_CAMELLIA_128_CBC_SHA256;TLS_RSA_WITH_CAMELLIA_128_CBC_SHA;TLS_RSA_WITH_ARIA_256_GCM_SHA384;TLS_RSA_WITH_ARIA_128_GCM_SHA256;TLS_RSA_WITH_AES_256_GCM_SHA384;TLS_RSA_WITH_AES_256_CCM_8;TLS_RSA_WITH_AES_256_CCM;TLS_RSA_WITH_AES_256_CBC_SHA256;TLS_RSA_WITH_AES_256_CBC_SHA;TLS_RSA_WITH_AES_128_GCM_SHA256;TLS_RSA_WITH_AES_128_CCM_8;TLS_RSA_WITH_AES_128_CCM;TLS_RSA_WITH_AES_128_CBC_SHA256;TLS_RSA_WITH_AES_128_CBC_SHA;TLS_ECDHE_RSA_WITH_CHACHA20_POLY1305_SHA256;TLS_ECDHE_RSA_WITH_CAMELLIA_256_CBC_SHA384;TLS_ECDHE_RSA_WITH_CAMELLIA_128_CBC_SHA256;TLS_ECDHE_RSA_WITH_ARIA_256_GCM_SHA384;TLS_ECDHE_RSA_WITH_ARIA_128_GCM_SHA256;TLS_ECDHE_RSA_WITH_AES_256_GCM_SHA384;TLS_ECDHE_RSA_WITH_AES_256_CBC_SHA384;TLS_ECDHE_RSA_WITH_AES_256_CBC_SHA;TLS_ECDHE_RSA_WITH_AES_128_GCM_SHA256;TLS_ECDHE_RSA_WITH_AES_128_CBC_SHA256;TLS_ECDHE_RSA_WITH_AES_128_CBC_SHA;TLS_DHE_RSA_WITH_CHACHA20_POLY1305_SHA256;TLS_DHE_RSA_WITH_CAMELLIA_256_CBC_SHA256;TLS_DHE_RSA_WITH_CAMELLIA_256_CBC_SHA;TLS_DHE_RSA_WITH_CAMELLIA_128_CBC_SHA256;TLS_DHE_RSA_WITH_CAMELLIA_128_CBC_SHA;TLS_DHE_RSA_WITH_ARIA_256_GCM_SHA384;TLS_DHE_RSA_WITH_ARIA_128_GCM_SHA256;TLS_DHE_RSA_WITH_AES_256_GCM_SHA384;TLS_DHE_RSA_WITH_AES_256_CCM_8;TLS_DHE_RSA_WITH_AES_256_CCM;TLS_DHE_RSA_WITH_AES_256_CBC_SHA256;TLS_DHE_RSA_WITH_AES_256_CBC_SHA;TLS_DHE_RSA_WITH_AES_128_GCM_SHA256;TLS_DHE_RSA_WITH_AES_128_CCM_8;TLS_DHE_RSA_WITH_AES_128_CCM;TLS_DHE_RSA_WITH_AES_128_CBC_SHA256;TLS_DHE_RSA_WITH_AES_128_CBC_SHA,16,TLS_RSA_WITH_CAMELLIA_256_CBC_SHA256;TLS_RSA_WITH_CAMELLIA_256_CBC_SHA;TLS_RSA_WITH_CAMELLIA_128_CBC_SHA256;TLS_RSA_WITH_CAMELLIA_128_CBC_SHA;TLS_RSA_WITH_ARIA_256_GCM_SHA384;TLS_RSA_WITH_ARIA_128_GCM_SHA256;TLS_RSA_WITH_AES_256_GCM_SHA384;TLS_RSA_WITH_AES_256_CCM_8;TLS_RSA_WITH_AES_256_CCM;TLS_RSA_WITH_AES_256_CBC_SHA256;TLS_RSA_WITH_AES_256_CBC_SHA;TLS_RSA_WITH_AES_128_GCM_SHA256;TLS_RSA_WITH_AES_128_CCM_8;TLS_RSA_WITH_AES_128_CCM;TLS_RSA_WITH_AES_128_CBC_SHA256;TLS_RSA_WITH_AES_128_CBC_SHA,1
juventudeinfancia.gob.es,,TLS_1_2,RSAPublicKey,2048,,"OU=AC Componentes Informáticos,O=FNMT-RCM,C=ES",341,21,8,TLS_RSA_WITH_CAMELLIA_256_CBC_SHA;TLS_RSA_WITH_CAMELLIA_128_CBC_SHA;TLS_RSA_WITH_AES_256_GCM_SHA384;TLS_RSA_WITH_AES_256_CCM_8;TLS_RSA_WITH_AES_256_CCM;TLS_RSA_WITH_AES_256_CBC_SHA256;TLS_RSA_WITH_AES_256_CBC_SHA;TLS_RSA_WITH_AES_128_GCM_SHA256;TLS_RSA_WITH_AES_128_CCM_8;TLS_RSA_WITH_AES_128_CCM;TLS_RSA_WITH_AES_128_CBC_SHA256;TLS_RSA_WITH_AES_128_CBC_SHA;TLS_RSA_WITH_3DES_EDE_CBC_SHA;TLS_ECDHE_RSA_WITH_CHACHA20_POLY1305_SHA256;TLS_ECDHE_RSA_WITH_AES_256_GCM_SHA384;TLS_ECDHE_RSA_WITH_AES_256_CBC_SHA384;TLS_ECDHE_RSA_WITH_AES_256_CBC_SHA;TLS_ECDHE_RSA_WITH_AES_128_GCM_SHA256;TLS_ECDHE_RSA_WITH_AES_128_CBC_SHA256;TLS_ECDHE_RSA_WITH_AES_128_CBC_SHA;TLS_ECDHE_RSA_WITH_3DES_EDE_CBC_SHA,14,TLS_RSA_WITH_CAMELLIA_256_CBC_SHA;TLS_RSA_WITH_CAMELLIA_128_CBC_SHA;TLS_RSA_WITH_AES_256_GCM_SHA384;TLS_RSA_WITH_AES_256_CCM_8;TLS_RSA_WITH_AES_256_CCM;TLS_RSA_WITH_AES_256_CBC_SHA256;TLS_RSA_WITH_AES_256_CBC_SHA;TLS_RSA_WITH_AES_128_GCM_SHA256;TLS_RSA_WITH_AES_128_CCM_8;TLS_RSA_WITH_AES_128_CCM;TLS_RSA_WITH_AES_128_CBC_SHA256;TLS_RSA_WITH_AES_128_CBC_SHA;TLS_RSA_WITH_3DES_EDE_CBC_SHA;TLS_ECDHE_RSA_WITH_3DES_EDE_CBC_SHA,0
inclusion.gob.es,,TLS_1_3,RSAPublicKey,2048,,"OU=AC Componentes Informáticos,O=FNMT-RCM,C=ES",54,16,7,TLS_CHACHA20_POLY1305_SHA256;TLS_AES_256_GCM_SHA384;TLS_AES_128_GCM_SHA256;TLS_RSA_WITH_AES_256_GCM_SHA384;TLS_RSA_WITH_AES_256_CBC_SHA256;TLS_RSA_WITH_AES_256_CBC_SHA;TLS_RSA_WITH_AES_128_GCM_SHA256;TLS_RSA_WITH_AES_128_CBC_SHA256;TLS_RSA_WITH_AES_128_CBC_SHA;TLS_ECDHE_RSA_WITH_CHACHA20_POLY1305_SHA256;TLS_ECDHE_RSA_WITH_AES_256_GCM_SHA384;TLS_ECDHE_RSA_WITH_AES_256_CBC_SHA384;TLS_ECDHE_RSA_WITH_AES_256_CBC_SHA;TLS_ECDHE_RSA_WITH_AES_128_GCM_SHA256;TLS_ECDHE_RSA_WITH_AES_128_CBC_SHA256;TLS_ECDHE_RSA_WITH_AES_128_CBC_SHA,6,TLS_RSA_WITH_AES_256_GCM_SHA384;TLS_RSA_WITH_AES_256_CBC_SHA256;TLS_RSA_WITH_AES_256_CBC_SHA;TLS_RSA_WITH_AES_128_GCM_SHA256;TLS_RSA_WITH_AES_128_CBC_SHA256;TLS_RSA_WITH_AES_128_CBC_SHA,1
sede.red.gob.es,,TLS_1_2,RSAPublicKey,2048,,"CN=HARICA TLS RSA Root CA 2021,O=Hellenic Academic and Research Institutions CA,C=GR",270,10,4,TLS_RSA_WITH_AES_256_GCM_SHA384;TLS_RSA_WITH_AES_256_CBC_SHA256;TLS_RSA_WITH_AES_256_CBC_SHA;TLS_RSA_WITH_AES_128_GCM_SHA256;TLS_RSA_WITH_AES_128_CBC_SHA256;TLS_RSA_WITH_AES_128_CBC_SHA;TLS_ECDHE_RSA_WITH_AES_256_GCM_SHA384;TLS_ECDHE_RSA_WITH_AES_256_CBC_SHA;TLS_ECDHE_RSA_WITH_AES_128_GCM_SHA256;TLS_ECDHE_RSA_WITH_AES_128_CBC_SHA,6,TLS_RSA_WITH_AES_256_GCM_SHA384;TLS_RSA_WITH_AES_256_CBC_SHA256;TLS_RSA_WITH_AES_256_CBC_SHA;TLS_RSA_WITH_AES_128_GCM_SHA256;TLS_RSA_WITH_AES_128_CBC_SHA256;TLS_RSA_WITH_AES_128_CBC_SHA,1
mpt.gob.es,,TLS_1_3,RSAPublicKey,2048,,"OU=AC RAIZ FNMT-RCM,O=FNMT-RCM,C=ES",269,6,4,TLS_AES_256_GCM_SHA384;TLS_AES_128_GCM_SHA256;TLS_ECDHE_RSA_WITH_AES_256_GCM_SHA384;TLS_ECDHE_RSA_WITH_AES_128_GCM_SHA256;TLS_DHE_RSA_WITH_AES_256_GCM_SHA384;TLS_DHE_RSA_WITH_AES_128_GCM_SHA256,0,,1
dsca.gob.es,,TLS_1_2,RSAPublicKey,2048,,"OU=AC RAIZ FNMT-RCM,O=FNMT-RCM,C=ES",26,22,14,TLS_RSA_WITH_CAMELLIA_256_CBC_SHA;TLS_RSA_WITH_CAMELLIA_128_CBC_SHA;TLS_RSA_WITH_AES_256_GCM_SHA384;TLS_RSA_WITH_AES_256_CBC_SHA256;TLS_RSA_WITH_AES_256_CBC_SHA;TLS_RSA_WITH_AES_128_GCM_SHA256;TLS_RSA_WITH_AES_128_CBC_SHA256;TLS_RSA_WITH_AES_128_CBC_SHA;TLS_ECDHE_RSA_WITH_AES_256_GCM_SHA384;TLS_ECDHE_RSA_WITH_AES_256_CBC_SHA384;TLS_ECDHE_RSA_WITH_AES_256_CBC_SHA;TLS_ECDHE_RSA_WITH_AES_128_GCM_SHA256;TLS_ECDHE_RSA_WITH_AES_128_CBC_SHA256;TLS_ECDHE_RSA_WITH_AES_128_CBC_SHA;TLS_DHE_RSA_WITH_CAMELLIA_256_CBC_SHA;TLS_DHE_RSA_WITH_CAMELLIA_128_CBC_SHA;TLS_DHE_RSA_WITH_AES_256_GCM_SHA384;TLS_DHE_RSA_WITH_AES_256_CBC_SHA256;TLS_DHE_RSA_WITH_AES_256_CBC_SHA;TLS_DHE_RSA_WITH_AES_128_GCM_SHA256;TLS_DHE_RSA_WITH_AES_128_CBC_SHA256;TLS_DHE_RSA_WITH_AES_128_CBC_SHA,8,TLS_RSA_WITH_CAMELLIA_256_CBC_SHA;TLS_RSA_WITH_CAMELLIA_128_CBC_SHA;TLS_RSA_WITH_AES_256_GCM_SHA384;TLS_RSA_WITH_AES_256_CBC_SHA256;TLS_RSA_WITH_AES_256_CBC_SHA;TLS_RSA_WITH_AES_128_GCM_SHA256;TLS_RSA_WITH_AES_128_CBC_SHA256;TLS_RSA_WITH_AES_128_CBC_SHA,0
sede.agenciatributaria.gob.es,,TLS_1_3,RSAPublicKey,3072,,"CN=Entrust Root Certification Authority - G2,OU=(c) 2009 Entrust\, Inc. - for authorized use only,OU=See www.entrust.net/legal-terms,O=Entrust\, Inc.,C=US",98,5,2,TLS_CHACHA20_POLY1305_SHA256;TLS_AES_256_GCM_SHA384;TLS_AES_128_GCM_SHA256;TLS_ECDHE_RSA_WITH_AES_256_GCM_SHA384;TLS_ECDHE_RSA_WITH_AES_128_GCM_SHA256,0,,1
interior.gob.es,,TLS_1_2,RSAPublicKey,2048,,"OU=AC Componentes Informáticos,O=FNMT-RCM,C=ES",53,22,14,TLS_RSA_WITH_CAMELLIA_256_CBC_SHA;TLS_RSA_WITH_CAMELLIA_128_CBC_SHA;TLS_RSA_WITH_AES_256_GCM_SHA384;TLS_RSA_WITH_AES_256_CBC_SHA256;TLS_RSA_WITH_AES_256_CBC_SHA;TLS_RSA_WITH_AES_128_GCM_SHA256;TLS_RSA_WITH_AES_128_CBC_SHA256;TLS_RSA_WITH_AES_128_CBC_SHA;TLS_ECDHE_RSA_WITH_AES_256_GCM_SHA384;TLS_ECDHE_RSA_WITH_AES_256_CBC_SHA384;TLS_ECDHE_RSA_WITH_AES_256_CBC_SHA;TLS_ECDHE_RSA_WITH_AES_128_GCM_SHA256;TLS_ECDHE_RSA_WITH_AES_128_CBC_SHA256;TLS_ECDHE_RSA_WITH_AES_128_CBC_SHA;TLS_DHE_RSA_WITH_CAMELLIA_256_CBC_SHA;TLS_DHE_RSA_WITH_CAMELLIA_128_CBC_SHA;TLS_DHE_RSA_WITH_AES_256_GCM_SHA384;TLS_DHE_RSA_WITH_AES_256_CBC_SHA256;TLS_DHE_RSA_WITH_AES_256_CBC_SHA;TLS_DHE_RSA_WITH_AES_128_GCM_SHA256;TLS_DHE_RSA_WITH_AES_128_CBC_SHA256;TLS_DHE_RSA_WITH_AES_128_CBC_SHA,8,TLS_RSA_WITH_CAMELLIA_256_CBC_SHA;TLS_RSA_WITH_CAMELLIA_128_CBC_SHA;TLS_RSA_WITH_AES_256_GCM_SHA384;TLS_RSA_WITH_AES_256_CBC_SHA256;TLS_RSA_WITH_AES_256_CBC_SHA;TLS_RSA_WITH_AES_128_GCM_SHA256;TLS_RSA_WITH_AES_128_CBC_SHA256;TLS_RSA_WITH_AES_128_CBC_SHA,1
servicios.administraciondigital.gob.es,,TLS_1_2,RSAPublicKey,2048,,"OU=AC RAIZ FNMT-RCM,O=FNMT-RCM,C=ES",291,22,14,TLS_RSA_WITH_CAMELLIA_256_CBC_SHA;TLS_RSA_WITH_CAMELLIA_128_CBC_SHA;TLS_RSA_WITH_AES_256_GCM_SHA384;TLS_RSA_WITH_AES_256_CBC_SHA256;TLS_RSA_WITH_AES_256_CBC_SHA;TLS_RSA_WITH_AES_128_GCM_SHA256;TLS_RSA_WITH_AES_128_CBC_SHA256;TLS_RSA_WITH_AES_128_CBC_SHA;TLS_ECDHE_RSA_WITH_AES_256_GCM_SHA384;TLS_ECDHE_RSA_WITH_AES_256_CBC_SHA384;TLS_ECDHE_RSA_WITH_AES_256_CBC_SHA;TLS_ECDHE_RSA_WITH_AES_128_GCM_SHA256;TLS_ECDHE_RSA_WITH_AES_128_CBC_SHA256;TLS_ECDHE_RSA_WITH_AES_128_CBC_SHA;TLS_DHE_RSA_WITH_CAMELLIA_256_CBC_SHA;TLS_DHE_RSA_WITH_CAMELLIA_128_CBC_SHA;TLS_DHE_RSA_WITH_AES_256_GCM_SHA384;TLS_DHE_RSA_WITH_AES_256_CBC_SHA256;TLS_DHE_RSA_WITH_AES_256_CBC_SHA;TLS_DHE_RSA_WITH_AES_128_GCM_SHA256;TLS_DHE_RSA_WITH_AES_128_CBC_SHA256;TLS_DHE_RSA_WITH_AES_128_CBC_SHA,8,TLS_RSA_WITH_CAMELLIA_256_CBC_SHA;TLS_RSA_WITH_CAMELLIA_128_CBC_SHA;TLS_RSA_WITH_AES_256_GCM_SHA384;TLS_RSA_WITH_AES_256_CBC_SHA256;TLS_RSA_WITH_AES_256_CBC_SHA;TLS_RSA_WITH_AES_128_GCM_SHA256;TLS_RSA_WITH_AES_128_CBC_SHA256;TLS_RSA_WITH_AES_128_CBC_SHA,0
mintur.gob.es,,TLS_1_2,RSAPublicKey,2048,,"CN=Autoridad de Certificacion Firmaprofesional CIF A62634068,C=ES",152,22,14,TLS_RSA_WITH_CAMELLIA_256_CBC_SHA;TLS_RSA_WITH_CAMELLIA_128_CBC_SHA;TLS_RSA_WITH_AES_256_GCM_SHA384;TLS_RSA_WITH_AES_256_CBC_SHA256;TLS_RSA_WITH_AES_256_CBC_SHA;TLS_RSA_WITH_AES_128_GCM_SHA256;TLS_RSA_WITH_AES_128_CBC_SHA256;TLS_RSA_WITH_AES_128_CBC_SHA;TLS_ECDHE_RSA_WITH_AES_256_GCM_SHA384;TLS_ECDHE_RSA_WITH_AES_256_CBC_SHA384;TLS_ECDHE_RSA_WITH_AES_256_CBC_SHA;TLS_ECDHE_RSA_WITH_AES_128_GCM_SHA256;TLS_ECDHE_RSA_WITH_AES_128_CBC_SHA256;TLS_ECDHE_RSA_WITH_AES_128_CBC_SHA;TLS_DHE_RSA_WITH_CAMELLIA_256_CBC_SHA;TLS_DHE_RSA_WITH_CAMELLIA_128_CBC_SHA;TLS_DHE_RSA_WITH_AES_256_GCM_SHA384;TLS_DHE_RSA_WITH_AES_256_CBC_SHA256;TLS_DHE_RSA_WITH_AES_256_CBC_SHA;TLS_DHE_RSA_WITH_AES_128_GCM_SHA256;TLS_DHE_RSA_WITH_AES_128_CBC_SHA256;TLS_DHE_RSA_WITH_AES_128_CBC_SHA,8,TLS_RSA_WITH_CAMELLIA_256_CBC_SHA;TLS_RSA_WITH_CAMELLIA_128_CBC_SHA;TLS_RSA_WITH_AES_256_GCM_SHA384;TLS_RSA_WITH_AES_256_CBC_SHA256;TLS_RSA_WITH_AES_256_CBC_SHA;TLS_RSA_WITH_AES_128_GCM_SHA256;TLS_RSA_WITH_AES_128_CBC_SHA256;TLS_RSA_WITH_AES_128_CBC_SHA,0
datos.gob.es,,TLS_1_2,RSAPublicKey,2048,,"CN=HARICA TLS RSA Root CA 2021,O=Hellenic Academic and Research Institutions CA,C=GR",207,10,4,TLS_RSA_WITH_AES_256_GCM_SHA384;TLS_RSA_WITH_AES_256_CBC_SHA256;TLS_RSA_WITH_AES_256_CBC_SHA;TLS_RSA_WITH_AES_128_GCM_SHA256;TLS_RSA_WITH_AES_128_CBC_SHA256;TLS_RSA_WITH_AES_128_CBC_SHA;TLS_ECDHE_RSA_WITH_AES_256_GCM_SHA384;TLS_ECDHE_RSA_WITH_AES_256_CBC_SHA;TLS_ECDHE_RSA_WITH_AES_128_GCM_SHA256;TLS_ECDHE_RSA_WITH_AES_128_CBC_SHA,6,TLS_RSA_WITH_AES_256_GCM_SHA384;TLS_RSA_WITH_AES_256_CBC_SHA256;TLS_RSA_WITH_AES_256_CBC_SHA;TLS_RSA_WITH_AES_128_GCM_SHA256;TLS_RSA_WITH_AES_128_CBC_SHA256;TLS_RSA_WITH_AES_128_CBC_SHA,0
administracion.gob.es,,TLS_1_3,RSAPublicKey,2048,,"OU=AC RAIZ FNMT-RCM,O=FNMT-RCM,C=ES",53,4,2,TLS_AES_256_GCM_SHA384;TLS_AES_128_GCM_SHA256;TLS_ECDHE_RSA_WITH_AES_256_GCM_SHA384;TLS_ECDHE_RSA_WITH_AES_128_GCM_SHA256,0,,1
sedeaplicaciones.minetur.gob.es,,TLS_1_2,RSAPublicKey,2048,,"CN=Autoridad de Certificacion Firmaprofesional CIF A62634068,C=ES",70,13,4,TLS_RSA_WITH_RC4_128_SHA;TLS_RSA_WITH_RC4_128_MD5;TLS_RSA_WITH_AES_256_GCM_SHA384;TLS_RSA_WITH_AES_256_CBC_SHA256;TLS_RSA_WITH_AES_256_CBC_SHA;TLS_RSA_WITH_AES_128_GCM_SHA256;TLS_RSA_WITH_AES_128_CBC_SHA256;TLS_RSA_WITH_AES_128_CBC_SHA;TLS_RSA_WITH_3DES_EDE_CBC_SHA;TLS_DHE_RSA_WITH_AES_256_GCM_SHA384;TLS_DHE_RSA_WITH_AES_256_CBC_SHA;TLS_DHE_RSA_WITH_AES_128_GCM_SHA256;TLS_DHE_RSA_WITH_AES_128_CBC_SHA,9,TLS_RSA_WITH_RC4_128_SHA;TLS_RSA_WITH_RC4_128_MD5;TLS_RSA_WITH_AES_256_GCM_SHA384;TLS_RSA_WITH_AES_256_CBC_SHA256;TLS_RSA_WITH_AES_256_CBC_SHA;TLS_RSA_WITH_AES_128_GCM_SHA256;TLS_RSA_WITH_AES_128_CBC_SHA256;TLS_RSA_WITH_AES_128_CBC_SHA;TLS_RSA_WITH_3DES_EDE_CBC_SHA,0
denuncias.mitma.gob.es,,TLS_1_3,RSAPublicKey,2048,,"OU=AC RAIZ FNMT-RCM,O=FNMT-RCM,C=ES",154,47,28,TLS_CHACHA20_POLY1305_SHA256;TLS_AES_256_GCM_SHA384;TLS_AES_128_GCM_SHA256;TLS_RSA_WITH_CAMELLIA_256_CBC_SHA256;TLS_RSA_WITH_CAMELLIA_256_CBC_SHA;TLS_RSA_WITH_CAMELLIA_128_CBC_SHA256;TLS_RSA_WITH_CAMELLIA_128_CBC_SHA;TLS_RSA_WITH_ARIA_256_GCM_SHA384;TLS_RSA_WITH_ARIA_128_GCM_SHA256;TLS_RSA_WITH_AES_256_GCM_SHA384;TLS_RSA_WITH_AES_256_CCM_8;TLS_RSA_WITH_AES_256_CCM;TLS_RSA_WITH_AES_256_CBC_SHA256;TLS_RSA_WITH_AES_256_CBC_SHA;TLS_RSA_WITH_AES_128_GCM_SHA256;TLS_RSA_WITH_AES_128_CCM_8;TLS_RSA_WITH_AES_128_CCM;TLS_RSA_WITH_AES_128_CBC_SHA256;TLS_RSA_WITH_AES_128_CBC_SHA;TLS_ECDHE_RSA_WITH_CHACHA20_POLY1305_SHA256;TLS_ECDHE_RSA_WITH_CAMELLIA_256_CBC_SHA384;TLS_ECDHE_RSA_WITH_CAMELLIA_128_CBC_SHA256;TLS_ECDHE_RSA_WITH_ARIA_256_GCM_SHA384;TLS_ECDHE_RSA_WITH_ARIA_128_GCM_SHA256;TLS_ECDHE_RSA_WITH_AES_256_GCM_SHA384;TLS_ECDHE_RSA_WITH_AES_256_CBC_SHA384;TLS_ECDHE_RSA_WITH_AES_256_CBC_SHA;TLS_ECDHE_RSA_WITH_AES_128_GCM_SHA256;TLS_ECDHE_RSA_WITH_AES_128_CBC_SHA256;TLS_ECDHE_RSA_WITH_AES_128_CBC_SHA;TLS_DHE_RSA_WITH_CHACHA20_POLY1305_SHA256;TLS_DHE_RSA_WITH_CAMELLIA_256_CBC_SHA256;TLS_DHE_RSA_WITH_CAMELLIA_256_CBC_SHA;TLS_DHE_RSA_WITH_CAMELLIA_128_CBC_SHA256;TLS_DHE_RSA_WITH_CAMELLIA_128_CBC_SHA;TLS_DHE_RSA_WITH_ARIA_256_GCM_SHA384;TLS_DHE_RSA_WITH_ARIA_128_GCM_SHA256;TLS_DHE_RSA_WITH_AES_256_GCM_SHA384;TLS_DHE_RSA_WITH_AES_256_CCM_8;TLS_DHE_RSA_WITH_AES_256_CCM;TLS_DHE_RSA_WITH_AES_256_CBC_SHA256;TLS_DHE_RSA_WITH_AES_256_CBC_SHA;TLS_DHE_RSA_WITH_AES_128_GCM_SHA256;TLS_DHE_RSA_WITH_AES_128_CCM_8;TLS_DHE_RSA_WITH_AES_128_CCM;TLS_DHE_RSA_WITH_AES_128_CBC_SHA256;TLS_DHE_RSA_WITH_AES_128_CBC_SHA,16,TLS_RSA_WITH_CAMELLIA_256_CBC_SHA256;TLS_RSA_WITH_CAMELLIA_256_CBC_SHA;TLS_RSA_WITH_CAMELLIA_128_CBC_SHA256;TLS_RSA_WITH_CAMELLIA_128_CBC_SHA;TLS_RSA_WITH_ARIA_256_GCM_SHA384;TLS_RSA_WITH_ARIA_128_GCM_SHA256;TLS_RSA_WITH_AES_256_GCM_SHA384;TLS_RSA_WITH_AES_256_CCM_8;TLS_RSA_WITH_AES_256_CCM;TLS_RSA_WITH_AES_256_CBC_SHA256;TLS_RSA_WITH_AES_256_CBC_SHA;TLS_RSA_WITH_AES_128_GCM_SHA256;TLS_RSA_WITH_AES_128_CCM_8;TLS_RSA_WITH_AES_128_CCM;TLS_RSA_WITH_AES_128_CBC_SHA256;TLS_RSA_WITH_AES_128_CBC_SHA,1
sedeagpd.gob.es,,TLS_1_3,RSAPublicKey,2048,,"C=ES,O=ACCV,OU=PKIACCV,CN=ACCVRAIZ1",175,47,28,TLS_CHACHA20_POLY1305_SHA256;TLS_AES_256_GCM_SHA384;TLS_AES_128_GCM_SHA256;TLS_RSA_WITH_CAMELLIA_256_CBC_SHA256;TLS_RSA_WITH_CAMELLIA_256_CBC_SHA;TLS_RSA_WITH_CAMELLIA_128_CBC_SHA256;TLS_RSA_WITH_CAMELLIA_128_CBC_SHA;TLS_RSA_WITH_ARIA_256_GCM_SHA384;TLS_RSA_WITH_ARIA_128_GCM_SHA256;TLS_RSA_WITH_AES_256_GCM_SHA384;TLS_RSA_WITH_AES_256_CCM_8;TLS_RSA_WITH_AES_256_CCM;TLS_RSA_WITH_AES_256_CBC_SHA256;TLS_RSA_WITH_AES_256_CBC_SHA;TLS_RSA_WITH_AES_128_GCM_SHA256;TLS_RSA_WITH_AES_128_CCM_8;TLS_RSA_WITH_AES_128_CCM;TLS_RSA_WITH_AES_128_CBC_SHA256;TLS_RSA_WITH_AES_128_CBC_SHA;TLS_ECDHE_RSA_WITH_CHACHA20_POLY1305_SHA256;TLS_ECDHE_RSA_WITH_CAMELLIA_256_CBC_SHA384;TLS_ECDHE_RSA_WITH_CAMELLIA_128_CBC_SHA256;TLS_ECDHE_RSA_WITH_ARIA_256_GCM_SHA384;TLS_ECDHE_RSA_WITH_ARIA_128_GCM_SHA256;TLS_ECDHE_RSA_WITH_AES_256_GCM_SHA384;TLS_ECDHE_RSA_WITH_AES_256_CBC_SHA384;TLS_ECDHE_RSA_WITH_AES_256_CBC_SHA;TLS_ECDHE_RSA_WITH_AES_128_GCM_SHA256;TLS_ECDHE_RSA_WITH_AES_128_CBC_SHA256;TLS_ECDHE_RSA_WITH_AES_128_CBC_SHA;TLS_DHE_RSA_WITH_CHACHA20_POLY1305_SHA256;TLS_DHE_RSA_WITH_CAMELLIA_256_CBC_SHA256;TLS_DHE_RSA_WITH_CAMELLIA_256_CBC_SHA;TLS_DHE_RSA_WITH_CAMELLIA_128_CBC_SHA256;TLS_DHE_RSA_WITH_CAMELLIA_128_CBC_SHA;TLS_DHE_RSA_WITH_ARIA_256_GCM_SHA384;TLS_DHE_RSA_WITH_ARIA_128_GCM_SHA256;TLS_DHE_RSA_WITH_AES_256_GCM_SHA384;TLS_DHE_RSA_WITH_AES_256_CCM_8;TLS_DHE_RSA_WITH_AES_256_CCM;TLS_DHE_RSA_WITH_AES_256_CBC_SHA256;TLS_DHE_RSA_WITH_AES_256_CBC_SHA;TLS_DHE_RSA_WITH_AES_128_GCM_SHA256;TLS_DHE_RSA_WITH_AES_128_CCM_8;TLS_DHE_RSA_WITH_AES_128_CCM;TLS_DHE_RSA_WITH_AES_128_CBC_SHA256;TLS_DHE_RSA_WITH_AES_128_CBC_SHA,16,TLS_RSA_WITH_CAMELLIA_256_CBC_SHA256;TLS_RSA_WITH_CAMELLIA_256_CBC_SHA;TLS_RSA_WITH_CAMELLIA_128_CBC_SHA256;TLS_RSA_WITH_CAMELLIA_128_CBC_SHA;TLS_RSA_WITH_ARIA_256_GCM_SHA384;TLS_RSA_WITH_ARIA_128_GCM_SHA256;TLS_RSA_WITH_AES_256_GCM_SHA384;TLS_RSA_WITH_AES_256_CCM_8;TLS_RSA_WITH_AES_256_CCM;TLS_RSA_WITH_AES_256_CBC_SHA256;TLS_RSA_WITH_AES_256_CBC_SHA;TLS_RSA_WITH_AES_128_GCM_SHA256;TLS_RSA_WITH_AES_128_CCM_8;TLS_RSA_WITH_AES_128_CCM;TLS_RSA_WITH_AES_128_CBC_SHA256;TLS_RSA_WITH_AES_128_CBC_SHA,1
administracionelectronica.gob.es,,TLS_1_3,RSAPublicKey,2048,,"CN=DigiCert Global Root G2,OU=www.digicert.com,O=DigiCert Inc,C=US",46,4,2,TLS_AES_256_GCM_SHA384;TLS_AES_128_GCM_SHA256;TLS_ECDHE_RSA_WITH_AES_256_GCM_SHA384;TLS_ECDHE_RSA_WITH_AES_128_GCM_SHA256,0,,0
sede.transparencia.gob.es,,TLS_1_3,RSAPublicKey,2048,,"CN=GeoTrust TLS RSA CA G1,OU=www.digicert.com,O=DigiCert Inc,C=US",193,4,2,TLS_AES_256_GCM_SHA384;TLS_AES_128_GCM_SHA256;TLS_ECDHE_RSA_WITH_AES_256_GCM_SHA384;TLS_ECDHE_RSA_WITH_AES_128_GCM_SHA256,0,,1
mpr.gob.es,certinfo_error ('NoneType' object has no attribute 'get'),,,0,,,0,0,0,,0,,0
registrodelicitadores.gob.es,,TLS_1_2,RSAPublicKey,2048,,"OU=AC RAIZ FNMT-RCM,O=FNMT-RCM,C=ES",53,9,9,TLS_ECDHE_RSA_WITH_AES_256_GCM_SHA384;TLS_ECDHE_RSA_WITH_AES_256_CBC_SHA384;TLS_ECDHE_RSA_WITH_AES_256_CBC_SHA;TLS_ECDHE_RSA_WITH_AES_128_GCM_SHA256;TLS_ECDHE_RSA_WITH_AES_128_CBC_SHA;TLS_DHE_RSA_WITH_AES_256_GCM_SHA384;TLS_DHE_RSA_WITH_AES_256_CBC_SHA256;TLS_DHE_RSA_WITH_AES_256_CBC_SHA;TLS_DHE_RSA_WITH_AES_128_GCM_SHA256,0,,0
espanadigital.gob.es,,TLS_1_3,RSAPublicKey,2048,,"CN=HARICA TLS RSA Root CA 2021,O=Hellenic Academic and Research Institutions CA,C=GR",201,16,7,TLS_CHACHA20_POLY1305_SHA256;TLS_AES_256_GCM_SHA384;TLS_AES_128_GCM_SHA256;TLS_RSA_WITH_AES_256_GCM_SHA384;TLS_RSA_WITH_AES_256_CBC_SHA256;TLS_RSA_WITH_AES_256_CBC_SHA;TLS_RSA_WITH_AES_128_GCM_SHA256;TLS_RSA_WITH_AES_128_CBC_SHA256;TLS_RSA_WITH_AES_128_CBC_SHA;TLS_ECDHE_RSA_WITH_CHACHA20_POLY1305_SHA256;TLS_ECDHE_RSA_WITH_AES_256_GCM_SHA384;TLS_ECDHE_RSA_WITH_AES_256_CBC_SHA384;TLS_ECDHE_RSA_WITH_AES_256_CBC_SHA;TLS_ECDHE_RSA_WITH_AES_128_GCM_SHA256;TLS_ECDHE_RSA_WITH_AES_128_CBC_SHA256;TLS_ECDHE_RSA_WITH_AES_128_CBC_SHA,6,TLS_RSA_WITH_AES_256_GCM_SHA384;TLS_RSA_WITH_AES_256_CBC_SHA256;TLS_RSA_WITH_AES_256_CBC_SHA;TLS_RSA_WITH_AES_128_GCM_SHA256;TLS_RSA_WITH_AES_128_CBC_SHA256;TLS_RSA_WITH_AES_128_CBC_SHA,1
planderecuperacion.gob.es,certinfo_error ('NoneType' object has no attribute 'get'),,,0,,,0,0,0,,0,,0
prtr.miteco.gob.es,,TLS_1_2,RSAPublicKey,2048,,"OU=AC RAIZ FNMT-RCM,O=FNMT-RCM,C=ES",55,2,2,TLS_ECDHE_RSA_WITH_AES_256_GCM_SHA384;TLS_ECDHE_RSA_WITH_AES_128_GCM_SHA256,0,,1
sede.mjusticia.gob.es,,TLS_1_3,RSAPublicKey,2048,,"OU=AC RAIZ FNMT-RCM,O=FNMT-RCM,C=ES",223,47,28,TLS_CHACHA20_POLY1305_SHA256;TLS_AES_256_GCM_SHA384;TLS_AES_128_GCM_SHA256;TLS_RSA_WITH_CAMELLIA_256_CBC_SHA256;TLS_RSA_WITH_CAMELLIA_256_CBC_SHA;TLS_RSA_WITH_CAMELLIA_128_CBC_SHA256;TLS_RSA_WITH_CAMELLIA_128_CBC_SHA;TLS_RSA_WITH_ARIA_256_GCM_SHA384;TLS_RSA_WITH_ARIA_128_GCM_SHA256;TLS_RSA_WITH_AES_256_GCM_SHA384;TLS_RSA_WITH_AES_256_CCM_8;TLS_RSA_WITH_AES_256_CCM;TLS_RSA_WITH_AES_256_CBC_SHA256;TLS_RSA_WITH_AES_256_CBC_SHA;TLS_RSA_WITH_AES_128_GCM_SHA256;TLS_RSA_WITH_AES_128_CCM_8;TLS_RSA_WITH_AES_128_CCM;TLS_RSA_WITH_AES_128_CBC_SHA256;TLS_RSA_WITH_AES_128_CBC_SHA;TLS_ECDHE_RSA_WITH_CHACHA20_POLY1305_SHA256;TLS_ECDHE_RSA_WITH_CAMELLIA_256_CBC_SHA384;TLS_ECDHE_RSA_WITH_CAMELLIA_128_CBC_SHA256;TLS_ECDHE_RSA_WITH_ARIA_256_GCM_SHA384;TLS_ECDHE_RSA_WITH_ARIA_128_GCM_SHA256;TLS_ECDHE_RSA_WITH_AES_256_GCM_SHA384;TLS_ECDHE_RSA_WITH_AES_256_CBC_SHA384;TLS_ECDHE_RSA_WITH_AES_256_CBC_SHA;TLS_ECDHE_RSA_WITH_AES_128_GCM_SHA256;TLS_ECDHE_RSA_WITH_AES_128_CBC_SHA256;TLS_ECDHE_RSA_WITH_AES_128_CBC_SHA;TLS_DHE_RSA_WITH_CHACHA20_POLY1305_SHA256;TLS_DHE_RSA_WITH_CAMELLIA_256_CBC_SHA256;TLS_DHE_RSA_WITH_CAMELLIA_256_CBC_SHA;TLS_DHE_RSA_WITH_CAMELLIA_128_CBC_SHA256;TLS_DHE_RSA_WITH_CAMELLIA_128_CBC_SHA;TLS_DHE_RSA_WITH_ARIA_256_GCM_SHA384;TLS_DHE_RSA_WITH_ARIA_128_GCM_SHA256;TLS_DHE_RSA_WITH_AES_256_GCM_SHA384;TLS_DHE_RSA_WITH_AES_256_CCM_8;TLS_DHE_RSA_WITH_AES_256_CCM;TLS_DHE_RSA_WITH_AES_256_CBC_SHA256;TLS_DHE_RSA_WITH_AES_256_CBC_SHA;TLS_DHE_RSA_WITH_AES_128_GCM_SHA256;TLS_DHE_RSA_WITH_AES_128_CCM_8;TLS_DHE_RSA_WITH_AES_128_CCM;TLS_DHE_RSA_WITH_AES_128_CBC_SHA256;TLS_DHE_RSA_WITH_AES_128_CBC_SHA,16,TLS_RSA_WITH_CAMELLIA_256_CBC_SHA256;TLS_RSA_WITH_CAMELLIA_256_CBC_SHA;TLS_RSA_WITH_CAMELLIA_128_CBC_SHA256;TLS_RSA_WITH_CAMELLIA_128_CBC_SHA;TLS_RSA_WITH_ARIA_256_GCM_SHA384;TLS_RSA_WITH_ARIA_128_GCM_SHA256;TLS_RSA_WITH_AES_256_GCM_SHA384;TLS_RSA_WITH_AES_256_CCM_8;TLS_RSA_WITH_AES_256_CCM;TLS_RSA_WITH_AES_256_CBC_SHA256;TLS_RSA_WITH_AES_256_CBC_SHA;TLS_RSA_WITH_AES_128_GCM_SHA256;TLS_RSA_WITH_AES_128_CCM_8;TLS_RSA_WITH_AES_128_CCM;TLS_RSA_WITH_AES_128_CBC_SHA256;TLS_RSA_WITH_AES_128_CBC_SHA,1
sede.transportes.gob.es,,TLS_1_3,RSAPublicKey,2048,,"CN=AAA Certificate Services,O=Comodo CA Limited,L=Salford,ST=Greater Manchester,C=GB",323,47,28,TLS_CHACHA20_POLY1305_SHA256;TLS_AES_256_GCM_SHA384;TLS_AES_128_GCM_SHA256;TLS_RSA_WITH_CAMELLIA_256_CBC_SHA256;TLS_RSA_WITH_CAMELLIA_256_CBC_SHA;TLS_RSA_WITH_CAMELLIA_128_CBC_SHA256;TLS_RSA_WITH_CAMELLIA_128_CBC_SHA;TLS_RSA_WITH_ARIA_256_GCM_SHA384;TLS_RSA_WITH_ARIA_128_GCM_SHA256;TLS_RSA_WITH_AES_256_GCM_SHA384;TLS_RSA_WITH_AES_256_CCM_8;TLS_RSA_WITH_AES_256_CCM;TLS_RSA_WITH_AES_256_CBC_SHA256;TLS_RSA_WITH_AES_256_CBC_SHA;TLS_RSA_WITH_AES_128_GCM_SHA256;TLS_RSA_WITH_AES_128_CCM_8;TLS_RSA_WITH_AES_128_CCM;TLS_RSA_WITH_AES_128_CBC_SHA256;TLS_RSA_WITH_AES_128_CBC_SHA;TLS_ECDHE_RSA_WITH_CHACHA20_POLY1305_SHA256;TLS_ECDHE_RSA_WITH_CAMELLIA_256_CBC_SHA384;TLS_ECDHE_RSA_WITH_CAMELLIA_128_CBC_SHA256;TLS_ECDHE_RSA_WITH_ARIA_256_GCM_SHA384;TLS_ECDHE_RSA_WITH_ARIA_128_GCM_SHA256;TLS_ECDHE_RSA_WITH_AES_256_GCM_SHA384;TLS_ECDHE_RSA_WITH_AES_256_CBC_SHA384;TLS_ECDHE_RSA_WITH_AES_256_CBC_SHA;TLS_ECDHE_RSA_WITH_AES_128_GCM_SHA256;TLS_ECDHE_RSA_WITH_AES_128_CBC_SHA256;TLS_ECDHE_RSA_WITH_AES_128_CBC_SHA;TLS_DHE_RSA_WITH_CHACHA20_POLY1305_SHA256;TLS_DHE_RSA_WITH_CAMELLIA_256_CBC_SHA256;TLS_DHE_RSA_WITH_CAMELLIA_256_CBC_SHA;TLS_DHE_RSA_WITH_CAMELLIA_128_CBC_SHA256;TLS_DHE_RSA_WITH_CAMELLIA_128_CBC_SHA;TLS_DHE_RSA_WITH_ARIA_256_GCM_SHA384;TLS_DHE_RSA_WITH_ARIA_128_GCM_SHA256;TLS_DHE_RSA_WITH_AES_256_GCM_SHA384;TLS_DHE_RSA_WITH_AES_256_CCM_8;TLS_DHE_RSA_WITH_AES_256_CCM;TLS_DHE_RSA_WITH_AES_256_CBC_SHA256;TLS_DHE_RSA_WITH_AES_256_CBC_SHA;TLS_DHE_RSA_WITH_AES_128_GCM_SHA256;TLS_DHE_RSA_WITH_AES_128_CCM_8;TLS_DHE_RSA_WITH_AES_128_CCM;TLS_DHE_RSA_WITH_AES_128_CBC_SHA256;TLS_DHE_RSA_WITH_AES_128_CBC_SHA,16,TLS_RSA_WITH_CAMELLIA_256_CBC_SHA256;TLS_RSA_WITH_CAMELLIA_256_CBC_SHA;TLS_RSA_WITH_CAMELLIA_128_CBC_SHA256;TLS_RSA_WITH_CAMELLIA_128_CBC_SHA;TLS_RSA_WITH_ARIA_256_GCM_SHA384;TLS_RSA_WITH_ARIA_128_GCM_SHA256;TLS_RSA_WITH_AES_256_GCM_SHA384;TLS_RSA_WITH_AES_256_CCM_8;TLS_RSA_WITH_AES_256_CCM;TLS_RSA_WITH_AES_256_CBC_SHA256;TLS_RSA_WITH_AES_256_CBC_SHA;TLS_RSA_WITH_AES_128_GCM_SHA256;TLS_RSA_WITH_AES_128_CCM_8;TLS_RSA_WITH_AES_128_CCM;TLS_RSA_WITH_AES_128_CBC_SHA256;TLS_RSA_WITH_AES_128_CBC_SHA,1
cnrha.sanidad.gob.es,,TLS_1_2,RSAPublicKey,2048,,"OU=AC RAIZ FNMT-RCM,O=FNMT-RCM,C=ES",54,5,2,TLS_RSA_WITH_AES_256_CBC_SHA256;TLS_RSA_WITH_AES_128_GCM_SHA256;TLS_RSA_WITH_AES_128_CBC_SHA256;TLS_ECDHE_RSA_WITH_AES_256_GCM_SHA384;TLS_ECDHE_RSA_WITH_AES_128_GCM_SHA256,3,TLS_RSA_WITH_AES_256_CBC_SHA256;TLS_RSA_WITH_AES_128_GCM_SHA256;TLS_RSA_WITH_AES_128_CBC_SHA256,0
secegsa.gob.es,,TLS_1_3,RSAPublicKey,2048,,"OU=AC RAIZ FNMT-RCM,O=FNMT-RCM,C=ES",75,47,28,TLS_CHACHA20_POLY1305_SHA256;TLS_AES_256_GCM_SHA384;TLS_AES_128_GCM_SHA256;TLS_RSA_WITH_CAMELLIA_256_CBC_SHA256;TLS_RSA_WITH_CAMELLIA_256_CBC_SHA;TLS_RSA_WITH_CAMELLIA_128_CBC_SHA256;TLS_RSA_WITH_CAMELLIA_128_CBC_SHA;TLS_RSA_WITH_ARIA_256_GCM_SHA384;TLS_RSA_WITH_ARIA_128_GCM_SHA256;TLS_RSA_WITH_AES_256_GCM_SHA384;TLS_RSA_WITH_AES_256_CCM_8;TLS_RSA_WITH_AES_256_CCM;TLS_RSA_WITH_AES_256_CBC_SHA256;TLS_RSA_WITH_AES_256_CBC_SHA;TLS_RSA_WITH_AES_128_GCM_SHA256;TLS_RSA_WITH_AES_128_CCM_8;TLS_RSA_WITH_AES_128_CCM;TLS_RSA_WITH_AES_128_CBC_SHA256;TLS_RSA_WITH_AES_128_CBC_SHA;TLS_ECDHE_RSA_WITH_CHACHA20_POLY1305_SHA256;TLS_ECDHE_RSA_WITH_CAMELLIA_256_CBC_SHA384;TLS_ECDHE_RSA_WITH_CAMELLIA_128_CBC_SHA256;TLS_ECDHE_RSA_WITH_ARIA_256_GCM_SHA384;TLS_ECDHE_RSA_WITH_ARIA_128_GCM_SHA256;TLS_ECDHE_RSA_WITH_AES_256_GCM_SHA384;TLS_ECDHE_RSA_WITH_AES_256_CBC_SHA384;TLS_ECDHE_RSA_WITH_AES_256_CBC_SHA;TLS_ECDHE_RSA_WITH_AES_128_GCM_SHA256;TLS_ECDHE_RSA_WITH_AES_128_CBC_SHA256;TLS_ECDHE_RSA_WITH_AES_128_CBC_SHA;TLS_DHE_RSA_WITH_CHACHA20_POLY1305_SHA256;TLS_DHE_RSA_WITH_CAMELLIA_256_CBC_SHA256;TLS_DHE_RSA_WITH_CAMELLIA_256_CBC_SHA;TLS_DHE_RSA_WITH_CAMELLIA_128_CBC_SHA256;TLS_DHE_RSA_WITH_CAMELLIA_128_CBC_SHA;TLS_DHE_RSA_WITH_ARIA_256_GCM_SHA384;TLS_DHE_RSA_WITH_ARIA_128_GCM_SHA256;TLS_DHE_RSA_WITH_AES_256_GCM_SHA384;TLS_DHE_RSA_WITH_AES_256_CCM_8;TLS_DHE_RSA_WITH_AES_256_CCM;TLS_DHE_RSA_WITH_AES_256_CBC_SHA256;TLS_DHE_RSA_WITH_AES_256_CBC_SHA;TLS_DHE_RSA_WITH_AES_128_GCM_SHA256;TLS_DHE_RSA_WITH_AES_128_CCM_8;TLS_DHE_RSA_WITH_AES_128_CCM;TLS_DHE_RSA_WITH_AES_128_CBC_SHA256;TLS_DHE_RSA_WITH_AES_128_CBC_SHA,16,TLS_RSA_WITH_CAMELLIA_256_CBC_SHA256;TLS_RSA_WITH_CAMELLIA_256_CBC_SHA;TLS_RSA_WITH_CAMELLIA_128_CBC_SHA256;TLS_RSA_WITH_CAMELLIA_128_CBC_SHA;TLS_RSA_WITH_ARIA_256_GCM_SHA384;TLS_RSA_WITH_ARIA_128_GCM_SHA256;TLS_RSA_WITH_AES_256_GCM_SHA384;TLS_RSA_WITH_AES_256_CCM_8;TLS_RSA_WITH_AES_256_CCM;TLS_RSA_WITH_AES_256_CBC_SHA256;TLS_RSA_WITH_AES_256_CBC_SHA;TLS_RSA_WITH_AES_128_GCM_SHA256;TLS_RSA_WITH_AES_128_CCM_8;TLS_RSA_WITH_AES_128_CCM;TLS_RSA_WITH_AES_128_CBC_SHA256;TLS_RSA_WITH_AES_128_CBC_SHA,1
sede.seg-social.gob.es,,TLS_1_3,ECPublicKey,256,secp256r1,"CN=DigiCert Global Root CA,OU=www.digicert.com,O=DigiCert Inc,C=US",82,9,6,TLS_CHACHA20_POLY1305_SHA256;TLS_AES_256_GCM_SHA384;TLS_AES_128_GCM_SHA256;TLS_ECDHE_RSA_WITH_CHACHA20_POLY1305_SHA256;TLS_ECDHE_RSA_WITH_AES_256_GCM_SHA384;TLS_ECDHE_RSA_WITH_AES_128_GCM_SHA256;TLS_ECDHE_ECDSA_WITH_CHACHA20_POLY1305_SHA256;TLS_ECDHE_ECDSA_WITH_AES_256_GCM_SHA384;TLS_ECDHE_ECDSA_WITH_AES_128_GCM_SHA256,0,,1
inclasns.sanidad.gob.es,,TLS_1_3,ECPublicKey,256,secp256r1,"CN=ISRG Root X1,O=Internet Security Research Group,C=US",59,6,3,TLS_CHACHA20_POLY1305_SHA256;TLS_AES_256_GCM_SHA384;TLS_AES_128_GCM_SHA256;TLS_ECDHE_ECDSA_WITH_CHACHA20_POLY1305_SHA256;TLS_ECDHE_ECDSA_WITH_AES_256_GCM_SHA384;TLS_ECDHE_ECDSA_WITH_AES_128_GCM_SHA256,0,,1
ciudadaniaexterior.inclusion.gob.es,,TLS_1_3,RSAPublicKey,2048,,"OU=AC Componentes Informáticos,O=FNMT-RCM,C=ES",54,16,7,TLS_CHACHA20_POLY1305_SHA256;TLS_AES_256_GCM_SHA384;TLS_AES_128_GCM_SHA256;TLS_RSA_WITH_AES_256_GCM_SHA384;TLS_RSA_WITH_AES_256_CBC_SHA256;TLS_RSA_WITH_AES_256_CBC_SHA;TLS_RSA_WITH_AES_128_GCM_SHA256;TLS_RSA_WITH_AES_128_CBC_SHA256;TLS_RSA_WITH_AES_128_CBC_SHA;TLS_ECDHE_RSA_WITH_CHACHA20_POLY1305_SHA256;TLS_ECDHE_RSA_WITH_AES_256_GCM_SHA384;TLS_ECDHE_RSA_WITH_AES_256_CBC_SHA384;TLS_ECDHE_RSA_WITH_AES_256_CBC_SHA;TLS_ECDHE_RSA_WITH_AES_128_GCM_SHA256;TLS_ECDHE_RSA_WITH_AES_128_CBC_SHA256;TLS_ECDHE_RSA_WITH_AES_128_CBC_SHA,6,TLS_RSA_WITH_AES_256_GCM_SHA384;TLS_RSA_WITH_AES_256_CBC_SHA256;TLS_RSA_WITH_AES_256_CBC_SHA;TLS_RSA_WITH_AES_128_GCM_SHA256;TLS_RSA_WITH_AES_128_CBC_SHA256;TLS_RSA_WITH_AES_128_CBC_SHA,1
educacionfpydeportes.gob.es,,TLS_1_2,RSAPublicKey,2048,,"OU=AC RAIZ FNMT-RCM,O=FNMT-RCM,C=ES",53,14,6,TLS_RSA_WITH_CAMELLIA_256_CBC_SHA;TLS_RSA_WITH_CAMELLIA_128_CBC_SHA;TLS_RSA_WITH_AES_256_GCM_SHA384;TLS_RSA_WITH_AES_256_CBC_SHA256;TLS_RSA_WITH_AES_256_CBC_SHA;TLS_RSA_WITH_AES_128_GCM_SHA256;TLS_RSA_WITH_AES_128_CBC_SHA256;TLS_RSA_WITH_AES_128_CBC_SHA;TLS_ECDHE_RSA_WITH_AES_256_GCM_SHA384;TLS_ECDHE_RSA_WITH_AES_256_CBC_SHA384;TLS_ECDHE_RSA_WITH_AES_256_CBC_SHA;TLS_ECDHE_RSA_WITH_AES_128_GCM_SHA256;TLS_ECDHE_RSA_WITH_AES_128_CBC_SHA256;TLS_ECDHE_RSA_WITH_AES_128_CBC_SHA,8,TLS_RSA_WITH_CAMELLIA_256_CBC_SHA;TLS_RSA_WITH_CAMELLIA_128_CBC_SHA;TLS_RSA_WITH_AES_256_GCM_SHA384;TLS_RSA_WITH_AES_256_CBC_SHA256;TLS_RSA_WITH_AES_256_CBC_SHA;TLS_RSA_WITH_AES_128_GCM_SHA256;TLS_RSA_WITH_AES_128_CBC_SHA256;TLS_RSA_WITH_AES_128_CBC_SHA,0
sede.funciona.gob.es,,TLS_1_2,RSAPublicKey,2048,,"CN=DigiCert Global Root G2,OU=www.digicert.com,O=DigiCert Inc,C=US",160,46,29,TLS_RSA_WITH_SEED_CBC_SHA;TLS_RSA_WITH_CAMELLIA_256_CBC_SHA256;TLS_RSA_WITH_CAMELLIA_256_CBC_SHA;TLS_RSA_WITH_CAMELLIA_128_CBC_SHA256;TLS_RSA_WITH_CAMELLIA_128_CBC_SHA;TLS_RSA_WITH_ARIA_256_GCM_SHA384;TLS_RSA_WITH_ARIA_128_GCM_SHA256;TLS_RSA_WITH_AES_256_GCM_SHA384;TLS_RSA_WITH_AES_256_CCM_8;TLS_RSA_WITH_AES_256_CCM;TLS_RSA_WITH_AES_256_CBC_SHA256;TLS_RSA_WITH_AES_256_CBC_SHA;TLS_RSA_WITH_AES_128_GCM_SHA256;TLS_RSA_WITH_AES_128_CCM_8;TLS_RSA_WITH_AES_128_CCM;TLS_RSA_WITH_AES_128_CBC_SHA256;TLS_RSA_WITH_AES_128_CBC_SHA;TLS_ECDHE_RSA_WITH_CHACHA20_POLY1305_SHA256;TLS_ECDHE_RSA_WITH_CAMELLIA_256_CBC_SHA384;TLS_ECDHE_RSA_WITH_CAMELLIA_128_CBC_SHA256;TLS_ECDHE_RSA_WITH_ARIA_256_GCM_SHA384;TLS_ECDHE_RSA_WITH_ARIA_128_GCM_SHA256;TLS_ECDHE_RSA_WITH_AES_256_GCM_SHA384;TLS_ECDHE_RSA_WITH_AES_256_CBC_SHA384;TLS_ECDHE_RSA_WITH_AES_256_CBC_SHA;TLS_ECDHE_RSA_WITH_AES_128_GCM_SHA256;TLS_ECDHE_RSA_WITH_AES_128_CBC_SHA256;TLS_ECDHE_RSA_WITH_AES_128_CBC_SHA;TLS_DHE_RSA_WITH_SEED_CBC_SHA;TLS_DHE_RSA_WITH_CHACHA20_POLY1305_SHA256;TLS_DHE_RSA_WITH_CAMELLIA_256_CBC_SHA256;TLS_DHE_RSA_WITH_CAMELLIA_256_CBC_SHA;TLS_DHE_RSA_WITH_CAMELLIA_128_CBC_SHA256;TLS_DHE_RSA_WITH_CAMELLIA_128_CBC_SHA;TLS_DHE_RSA_WITH_ARIA_256_GCM_SHA384;TLS_DHE_RSA_WITH_ARIA_128_GCM_SHA256;TLS_DHE_RSA_WITH_AES_256_GCM_SHA384;TLS_DHE_RSA_WITH_AES_256_CCM_8;TLS_DHE_RSA_WITH_AES_256_CCM;TLS_DHE_RSA_WITH_AES_256_CBC_SHA256;TLS_DHE_RSA_WITH_AES_256_CBC_SHA;TLS_DHE_RSA_WITH_AES_128_GCM_SHA256;TLS_DHE_RSA_WITH_AES_128_CCM_8;TLS_DHE_RSA_WITH_AES_128_CCM;TLS_DHE_RSA_WITH_AES_128_CBC_SHA256;TLS_DHE_RSA_WITH_AES_128_CBC_SHA,17,TLS_RSA_WITH_SEED_CBC_SHA;TLS_RSA_WITH_CAMELLIA_256_CBC_SHA256;TLS_RSA_WITH_CAMELLIA_256_CBC_SHA;TLS_RSA_WITH_CAMELLIA_128_CBC_SHA256;TLS_RSA_WITH_CAMELLIA_128_CBC_SHA;TLS_RSA_WITH_ARIA_256_GCM_SHA384;TLS_RSA_WITH_ARIA_128_GCM_SHA256;TLS_RSA_WITH_AES_256_GCM_SHA384;TLS_RSA_WITH_AES_256_CCM_8;TLS_RSA_WITH_AES_256_CCM;TLS_RSA_WITH_AES_256_CBC_SHA256;TLS_RSA_WITH_AES_256_CBC_SHA;TLS_RSA_WITH_AES_128_GCM_SHA256;TLS_RSA_WITH_AES_128_CCM_8;TLS_RSA_WITH_AES_128_CCM;TLS_RSA_WITH_AES_128_CBC_SHA256;TLS_RSA_WITH_AES_128_CBC_SHA,0
mpr.sede.gob.es,,TLS_1_3,RSAPublicKey,2048,,"OU=AC RAIZ FNMT-RCM,O=FNMT-RCM,C=ES",298,4,2,TLS_AES_256_GCM_SHA384;TLS_AES_128_GCM_SHA256;TLS_ECDHE_RSA_WITH_AES_256_GCM_SHA384;TLS_ECDHE_RSA_WITH_AES_128_GCM_SHA256,0,,1
sedeminhap.gob.es,,TLS_1_2,RSAPublicKey,2048,,"OU=AC RAIZ FNMT-RCM,O=FNMT-RCM,C=ES",55,22,14,TLS_RSA_WITH_CAMELLIA_256_CBC_SHA;TLS_RSA_WITH_CAMELLIA_128_CBC_SHA;TLS_RSA_WITH_AES_256_GCM_SHA384;TLS_RSA_WITH_AES_256_CBC_SHA256;TLS_RSA_WITH_AES_256_CBC_SHA;TLS_RSA_WITH_AES_128_GCM_SHA256;TLS_RSA_WITH_AES_128_CBC_SHA256;TLS_RSA_WITH_AES_128_CBC_SHA;TLS_ECDHE_RSA_WITH_AES_256_GCM_SHA384;TLS_ECDHE_RSA_WITH_AES_256_CBC_SHA384;TLS_ECDHE_RSA_WITH_AES_256_CBC_SHA;TLS_ECDHE_RSA_WITH_AES_128_GCM_SHA256;TLS_ECDHE_RSA_WITH_AES_128_CBC_SHA256;TLS_ECDHE_RSA_WITH_AES_128_CBC_SHA;TLS_DHE_RSA_WITH_CAMELLIA_256_CBC_SHA;TLS_DHE_RSA_WITH_CAMELLIA_128_CBC_SHA;TLS_DHE_RSA_WITH_AES_256_GCM_SHA384;TLS_DHE_RSA_WITH_AES_256_CBC_SHA256;TLS_DHE_RSA_WITH_AES_256_CBC_SHA;TLS_DHE_RSA_WITH_AES_128_GCM_SHA256;TLS_DHE_RSA_WITH_AES_128_CBC_SHA256;TLS_DHE_RSA_WITH_AES_128_CBC_SHA,8,TLS_RSA_WITH_CAMELLIA_256_CBC_SHA;TLS_RSA_WITH_CAMELLIA_128_CBC_SHA;TLS_RSA_WITH_AES_256_GCM_SHA384;TLS_RSA_WITH_AES_256_CBC_SHA256;TLS_RSA_WITH_AES_256_CBC_SHA;TLS_RSA_WITH_AES_128_GCM_SHA256;TLS_RSA_WITH_AES_128_CBC_SHA256;TLS_RSA_WITH_AES_128_CBC_SHA,0
transparencia.gob.es,,TLS_1_3,RSAPublicKey,2048,,"OU=AC RAIZ FNMT-RCM,O=FNMT-RCM,C=ES",53,4,2,TLS_AES_256_GCM_SHA384;TLS_AES_128_GCM_SHA256;TLS_ECDHE_RSA_WITH_AES_256_GCM_SHA384;TLS_ECDHE_RSA_WITH_AES_128_GCM_SHA256,0,,1
firmaelectronica.gob.es,,TLS_1_3,RSAPublicKey,2048,,"OU=AC RAIZ FNMT-RCM,O=FNMT-RCM,C=ES",227,6,3,TLS_CHACHA20_POLY1305_SHA256;TLS_AES_256_GCM_SHA384;TLS_AES_128_GCM_SHA256;TLS_ECDHE_RSA_WITH_CHACHA20_POLY1305_SHA256;TLS_ECDHE_RSA_WITH_AES_256_GCM_SHA384;TLS_ECDHE_RSA_WITH_AES_128_GCM_SHA256,0,,1
sede.administracionespublicas.gob.es,,TLS_1_2,RSAPublicKey,2048,,"CN=DigiCert Global Root G2,OU=www.digicert.com,O=DigiCert Inc,C=US",160,22,14,TLS_RSA_WITH_CAMELLIA_256_CBC_SHA;TLS_RSA_WITH_CAMELLIA_128_CBC_SHA;TLS_RSA_WITH_AES_256_GCM_SHA384;TLS_RSA_WITH_AES_256_CBC_SHA256;TLS_RSA_WITH_AES_256_CBC_SHA;TLS_RSA_WITH_AES_128_GCM_SHA256;TLS_RSA_WITH_AES_128_CBC_SHA256;TLS_RSA_WITH_AES_128_CBC_SHA;TLS_ECDHE_RSA_WITH_AES_256_GCM_SHA384;TLS_ECDHE_RSA_WITH_AES_256_CBC_SHA384;TLS_ECDHE_RSA_WITH_AES_256_CBC_SHA;TLS_ECDHE_RSA_WITH_AES_128_GCM_SHA256;TLS_ECDHE_RSA_WITH_AES_128_CBC_SHA256;TLS_ECDHE_RSA_WITH_AES_128_CBC_SHA;TLS_DHE_RSA_WITH_CAMELLIA_256_CBC_SHA;TLS_DHE_RSA_WITH_CAMELLIA_128_CBC_SHA;TLS_DHE_RSA_WITH_AES_256_GCM_SHA384;TLS_DHE_RSA_WITH_AES_256_CBC_SHA256;TLS_DHE_RSA_WITH_AES_256_CBC_SHA;TLS_DHE_RSA_WITH_AES_128_GCM_SHA256;TLS_DHE_RSA_WITH_AES_128_CBC_SHA256;TLS_DHE_RSA_WITH_AES_128_CBC_SHA,8,TLS_RSA_WITH_CAMELLIA_256_CBC_SHA;TLS_RSA_WITH_CAMELLIA_128_CBC_SHA;TLS_RSA_WITH_AES_256_GCM_SHA384;TLS_RSA_WITH_AES_256_CBC_SHA256;TLS_RSA_WITH_AES_256_CBC_SHA;TLS_RSA_WITH_AES_128_GCM_SHA256;TLS_RSA_WITH_AES_128_CBC_SHA256;TLS_RSA_WITH_AES_128_CBC_SHA,1
dgsfp.mineco.gob.es,,TLS_1_2,RSAPublicKey,2048,,"OU=AC RAIZ FNMT-RCM,O=FNMT-RCM,C=ES",223,19,10,TLS_RSA_WITH_RC4_128_SHA;TLS_RSA_WITH_RC4_128_MD5;TLS_RSA_WITH_AES_256_GCM_SHA384;TLS_RSA_WITH_AES_256_CBC_SHA256;TLS_RSA_WITH_AES_256_CBC_SHA;TLS_RSA_WITH_AES_128_GCM_SHA256;TLS_RSA_WITH_AES_128_CBC_SHA256;TLS_RSA_WITH_AES_128_CBC_SHA;TLS_RSA_WITH_3DES_EDE_CBC_SHA;TLS_ECDHE_RSA_WITH_AES_256_GCM_SHA384;TLS_ECDHE_RSA_WITH_AES_256_CBC_SHA384;TLS_ECDHE_RSA_WITH_AES_256_CBC_SHA;TLS_ECDHE_RSA_WITH_AES_128_GCM_SHA256;TLS_ECDHE_RSA_WITH_AES_128_CBC_SHA256;TLS_ECDHE_RSA_WITH_AES_128_CBC_SHA;TLS_DHE_RSA_WITH_AES_256_GCM_SHA384;TLS_DHE_RSA_WITH_AES_256_CBC_SHA;TLS_DHE_RSA_WITH_AES_128_GCM_SHA256;TLS_DHE_RSA_WITH_AES_128_CBC_SHA,9,TLS_RSA_WITH_RC4_128_SHA;TLS_RSA_WITH_RC4_128_MD5;TLS_RSA_WITH_AES_256_GCM_SHA384;TLS_RSA_WITH_AES_256_CBC_SHA256;TLS_RSA_WITH_AES_256_CBC_SHA;TLS_RSA_WITH_AES_128_GCM_SHA256;TLS_RSA_WITH_AES_128_CBC_SHA256;TLS_RSA_WITH_AES_128_CBC_SHA;TLS_RSA_WITH_3DES_EDE_CBC_SHA,0
miteco.gob.es,,TLS_1_3,RSAPublicKey,2048,,"OU=AC RAIZ FNMT-RCM,O=FNMT-RCM,C=ES",287,8,6,TLS_AES_256_GCM_SHA384;TLS_AES_128_GCM_SHA256;TLS_ECDHE_RSA_WITH_AES_256_GCM_SHA384;TLS_ECDHE_RSA_WITH_AES_256_CBC_SHA384;TLS_ECDHE_RSA_WITH_AES_128_GCM_SHA256;TLS_ECDHE_RSA_WITH_AES_128_CBC_SHA256;TLS_DHE_RSA_WITH_AES_256_GCM_SHA384;TLS_DHE_RSA_WITH_AES_128_GCM_SHA256,0,,1
saludconevidencia.aemps.gob.es,,TLS_1_3,RSAPublicKey,2048,,"OU=AC RAIZ FNMT-RCM,O=FNMT-RCM,C=ES",251,18,15,TLS_CHACHA20_POLY1305_SHA256;TLS_AES_256_GCM_SHA384;TLS_AES_128_GCM_SHA256;TLS_ECDHE_RSA_WITH_CHACHA20_POLY1305_SHA256;TLS_ECDHE_RSA_WITH_AES_256_GCM_SHA384;TLS_ECDHE_RSA_WITH_AES_256_CBC_SHA384;TLS_ECDHE_RSA_WITH_AES_256_CBC_SHA;TLS_ECDHE_RSA_WITH_AES_128_GCM_SHA256;TLS_ECDHE_RSA_WITH_AES_128_CBC_SHA256;TLS_ECDHE_RSA_WITH_AES_128_CBC_SHA;TLS_DHE_RSA_WITH_AES_256_GCM_SHA384;TLS_DHE_RSA_WITH_AES_256_CCM;TLS_DHE_RSA_WITH_AES_256_CBC_SHA256;TLS_DHE_RSA_WITH_AES_256_CBC_SHA;TLS_DHE_RSA_WITH_AES_128_GCM_SHA256;TLS_DHE_RSA_WITH_AES_128_CCM;TLS_DHE_RSA_WITH_AES_128_CBC_SHA256;TLS_DHE_RSA_WITH_AES_128_CBC_SHA,0,,0
mapa.gob.es,,TLS_1_3,RSAPublicKey,2048,,"OU=AC RAIZ FNMT-RCM,O=FNMT-RCM,C=ES",54,20,11,TLS_CHACHA20_POLY1305_SHA256;TLS_AES_256_GCM_SHA384;TLS_AES_128_GCM_SHA256;TLS_RSA_WITH_AES_256_GCM_SHA384;TLS_RSA_WITH_AES_256_CBC_SHA256;TLS_RSA_WITH_AES_256_CBC_SHA;TLS_RSA_WITH_AES_128_GCM_SHA256;TLS_RSA_WITH_AES_128_CBC_SHA256;TLS_RSA_WITH_AES_128_CBC_SHA;TLS_ECDHE_RSA_WITH_AES_256_GCM_SHA384;TLS_ECDHE_RSA_WITH_AES_256_CBC_SHA384;TLS_ECDHE_RSA_WITH_AES_256_CBC_SHA;TLS_ECDHE_RSA_WITH_AES_128_GCM_SHA256;TLS_ECDHE_RSA_WITH_AES_128_CBC_SHA256;TLS_DHE_RSA_WITH_AES_256_GCM_SHA384;TLS_DHE_RSA_WITH_AES_256_CBC_SHA256;TLS_DHE_RSA_WITH_AES_256_CBC_SHA;TLS_DHE_RSA_WITH_AES_128_GCM_SHA256;TLS_DHE_RSA_WITH_AES_128_CBC_SHA256;TLS_DHE_RSA_WITH_AES_128_CBC_SHA,6,TLS_RSA_WITH_AES_256_GCM_SHA384;TLS_RSA_WITH_AES_256_CBC_SHA256;TLS_RSA_WITH_AES_256_CBC_SHA;TLS_RSA_WITH_AES_128_GCM_SHA256;TLS_RSA_WITH_AES_128_CBC_SHA256;TLS_RSA_WITH_AES_128_CBC_SHA,1
sede.mir.gob.es,,TLS_1_2,ECPublicKey,384,secp384r1,"CN=AC SERVIDORES SEGUROS TIPO1,2.5.4.97=VATES-Q2826004J,OU=Ceres,O=FNMT-RCM,C=ES",60,6,6,TLS_ECDHE_ECDSA_WITH_AES_256_GCM_SHA384;TLS_ECDHE_ECDSA_WITH_AES_256_CBC_SHA384;TLS_ECDHE_ECDSA_WITH_AES_256_CBC_SHA;TLS_ECDHE_ECDSA_WITH_AES_128_GCM_SHA256;TLS_ECDHE_ECDSA_WITH_AES_128_CBC_SHA256;TLS_ECDHE_ECDSA_WITH_AES_128_CBC_SHA,0,,0
mptfp.gob.es,,TLS_1_3,RSAPublicKey,2048,,"OU=AC RAIZ FNMT-RCM,O=FNMT-RCM,C=ES",200,6,4,TLS_AES_256_GCM_SHA384;TLS_AES_128_GCM_SHA256;TLS_ECDHE_RSA_WITH_AES_256_GCM_SHA384;TLS_ECDHE_RSA_WITH_AES_128_GCM_SHA256;TLS_DHE_RSA_WITH_AES_256_GCM_SHA384;TLS_DHE_RSA_WITH_AES_128_GCM_SHA256,0,,1
derechosdigitales.gob.es,,TLS_1_3,RSAPublicKey,2048,,"CN=HARICA TLS RSA Root CA 2021,O=Hellenic Academic and Research Institutions CA,C=GR",286,16,7,TLS_CHACHA20_POLY1305_SHA256;TLS_AES_256_GCM_SHA384;TLS_AES_128_GCM_SHA256;TLS_RSA_WITH_AES_256_GCM_SHA384;TLS_RSA_WITH_AES_256_CBC_SHA256;TLS_RSA_WITH_AES_256_CBC_SHA;TLS_RSA_WITH_AES_128_GCM_SHA256;TLS_RSA_WITH_AES_128_CBC_SHA256;TLS_RSA_WITH_AES_128_CBC_SHA;TLS_ECDHE_RSA_WITH_CHACHA20_POLY1305_SHA256;TLS_ECDHE_RSA_WITH_AES_256_GCM_SHA384;TLS_ECDHE_RSA_WITH_AES_256_CBC_SHA384;TLS_ECDHE_RSA_WITH_AES_256_CBC_SHA;TLS_ECDHE_RSA_WITH_AES_128_GCM_SHA256;TLS_ECDHE_RSA_WITH_AES_128_CBC_SHA256;TLS_ECDHE_RSA_WITH_AES_128_CBC_SHA,6,TLS_RSA_WITH_AES_256_GCM_SHA384;TLS_RSA_WITH_AES_256_CBC_SHA256;TLS_RSA_WITH_AES_256_CBC_SHA;TLS_RSA_WITH_AES_128_GCM_SHA256;TLS_RSA_WITH_AES_128_CBC_SHA256;TLS_RSA_WITH_AES_128_CBC_SHA,1
sede.defensa.gob.es,,TLS_1_2,ECPublicKey,384,secp384r1,"CN=AC RAIZ FNMT-RCM SERVIDORES SEGUROS,2.5.4.97=VATES-Q2826004J,OU=Ceres,O=FNMT-RCM,C=ES",58,5,5,TLS_ECDHE_ECDSA_WITH_CHACHA20_POLY1305_SHA256;TLS_ECDHE_ECDSA_WITH_AES_256_GCM_SHA384;TLS_ECDHE_ECDSA_WITH_AES_256_CBC_SHA384;TLS_ECDHE_ECDSA_WITH_AES_128_GCM_SHA256;TLS_ECDHE_ECDSA_WITH_AES_128_CBC_SHA256,0,,1
ingesa.sanidad.gob.es,,TLS_1_3,RSAPublicKey,2048,,"CN=DigiCert Global Root G2,OU=www.digicert.com,O=DigiCert Inc,C=US",107,47,28,TLS_CHACHA20_POLY1305_SHA256;TLS_AES_256_GCM_SHA384;TLS_AES_128_GCM_SHA256;TLS_RSA_WITH_CAMELLIA_256_CBC_SHA256;TLS_RSA_WITH_CAMELLIA_256_CBC_SHA;TLS_RSA_WITH_CAMELLIA_128_CBC_SHA256;TLS_RSA_WITH_CAMELLIA_128_CBC_SHA;TLS_RSA_WITH_ARIA_256_GCM_SHA384;TLS_RSA_WITH_ARIA_128_GCM_SHA256;TLS_RSA_WITH_AES_256_GCM_SHA384;TLS_RSA_WITH_AES_256_CCM_8;TLS_RSA_WITH_AES_256_CCM;TLS_RSA_WITH_AES_256_CBC_SHA256;TLS_RSA_WITH_AES_256_CBC_SHA;TLS_RSA_WITH_AES_128_GCM_SHA256;TLS_RSA_WITH_AES_128_CCM_8;TLS_RSA_WITH_AES_128_CCM;TLS_RSA_WITH_AES_128_CBC_SHA256;TLS_RSA_WITH_AES_128_CBC_SHA;TLS_ECDHE_RSA_WITH_CHACHA20_POLY1305_SHA256;TLS_ECDHE_RSA_WITH_CAMELLIA_256_CBC_SHA384;TLS_ECDHE_RSA_WITH_CAMELLIA_128_CBC_SHA256;TLS_ECDHE_RSA_WITH_ARIA_256_GCM_SHA384;TLS_ECDHE_RSA_WITH_ARIA_128_GCM_SHA256;TLS_ECDHE_RSA_WITH_AES_256_GCM_SHA384;TLS_ECDHE_RSA_WITH_AES_256_CBC_SHA384;TLS_ECDHE_RSA_WITH_AES_256_CBC_SHA;TLS_ECDHE_RSA_WITH_AES_128_GCM_SHA256;TLS_ECDHE_RSA_WITH_AES_128_CBC_SHA256;TLS_ECDHE_RSA_WITH_AES_128_CBC_SHA;TLS_DHE_RSA_WITH_CHACHA20_POLY1305_SHA256;TLS_DHE_RSA_WITH_CAMELLIA_256_CBC_SHA256;TLS_DHE_RSA_WITH_CAMELLIA_256_CBC_SHA;TLS_DHE_RSA_WITH_CAMELLIA_128_CBC_SHA256;TLS_DHE_RSA_WITH_CAMELLIA_128_CBC_SHA;TLS_DHE_RSA_WITH_ARIA_256_GCM_SHA384;TLS_DHE_RSA_WITH_ARIA_128_GCM_SHA256;TLS_DHE_RSA_WITH_AES_256_GCM_SHA384;TLS_DHE_RSA_WITH_AES_256_CCM_8;TLS_DHE_RSA_WITH_AES_256_CCM;TLS_DHE_RSA_WITH_AES_256_CBC_SHA256;TLS_DHE_RSA_WITH_AES_256_CBC_SHA;TLS_DHE_RSA_WITH_AES_128_GCM_SHA256;TLS_DHE_RSA_WITH_AES_128_CCM_8;TLS_DHE_RSA_WITH_AES_128_CCM;TLS_DHE_RSA_WITH_AES_128_CBC_SHA256;TLS_DHE_RSA_WITH_AES_128_CBC_SHA,16,TLS_RSA_WITH_CAMELLIA_256_CBC_SHA256;TLS_RSA_WITH_CAMELLIA_256_CBC_SHA;TLS_RSA_WITH_CAMELLIA_128_CBC_SHA256;TLS_RSA_WITH_CAMELLIA_128_CBC_SHA;TLS_RSA_WITH_ARIA_256_GCM_SHA384;TLS_RSA_WITH_ARIA_128_GCM_SHA256;TLS_RSA_WITH_AES_256_GCM_SHA384;TLS_RSA_WITH_AES_256_CCM_8;TLS_RSA_WITH_AES_256_CCM;TLS_RSA_WITH_AES_256_CBC_SHA256;TLS_RSA_WITH_AES_256_CBC_SHA;TLS_RSA_WITH_AES_128_GCM_SHA256;TLS_RSA_WITH_AES_128_CCM_8;TLS_RSA_WITH_AES_128_CCM;TLS_RSA_WITH_AES_128_CBC_SHA256;TLS_RSA_WITH_AES_128_CBC_SHA,1
prensa.mites.gob.es,,TLS_1_3,RSAPublicKey,2048,,"OU=AC RAIZ FNMT-RCM,O=FNMT-RCM,C=ES",54,12,7,TLS_CHACHA20_POLY1305_SHA256;TLS_AES_256_GCM_SHA384;TLS_AES_128_GCM_SHA256;TLS_AES_128_CCM_SHA256;TLS_AES_128_CCM_8_SHA256;TLS_ECDHE_RSA_WITH_CHACHA20_POLY1305_SHA256;TLS_ECDHE_RSA_WITH_AES_256_GCM_SHA384;TLS_ECDHE_RSA_WITH_AES_256_CBC_SHA384;TLS_ECDHE_RSA_WITH_AES_256_CBC_SHA;TLS_ECDHE_RSA_WITH_AES_128_GCM_SHA256;TLS_ECDHE_RSA_WITH_AES_128_CBC_SHA256;TLS_ECDHE_RSA_WITH_AES_128_CBC_SHA,0,,1
carpetaciudadana.gob.es,,TLS_1_2,RSAPublicKey,2048,,"OU=AC RAIZ FNMT-RCM,O=FNMT-RCM,C=ES",53,22,14,TLS_RSA_WITH_CAMELLIA_256_CBC_SHA;TLS_RSA_WITH_CAMELLIA_128_CBC_SHA;TLS_RSA_WITH_AES_256_GCM_SHA384;TLS_RSA_WITH_AES_256_CBC_SHA256;TLS_RSA_WITH_AES_256_CBC_SHA;TLS_RSA_WITH_AES_128_GCM_SHA256;TLS_RSA_WITH_AES_128_CBC_SHA256;TLS_RSA_WITH_AES_128_CBC_SHA;TLS_ECDHE_RSA_WITH_AES_256_GCM_SHA384;TLS_ECDHE_RSA_WITH_AES_256_CBC_SHA384;TLS_ECDHE_RSA_WITH_AES_256_CBC_SHA;TLS_ECDHE_RSA_WITH_AES_128_GCM_SHA256;TLS_ECDHE_RSA_WITH_AES_128_CBC_SHA256;TLS_ECDHE_RSA_WITH_AES_128_CBC_SHA;TLS_DHE_RSA_WITH_CAMELLIA_256_CBC_SHA;TLS_DHE_RSA_WITH_CAMELLIA_128_CBC_SHA;TLS_DHE_RSA_WITH_AES_256_GCM_SHA384;TLS_DHE_RSA_WITH_AES_256_CBC_SHA256;TLS_DHE_RSA_WITH_AES_256_CBC_SHA;TLS_DHE_RSA_WITH_AES_128_GCM_SHA256;TLS_DHE_RSA_WITH_AES_128_CBC_SHA256;TLS_DHE_RSA_WITH_AES_128_CBC_SHA,8,TLS_RSA_WITH_CAMELLIA_256_CBC_SHA;TLS_RSA_WITH_CAMELLIA_128_CBC_SHA;TLS_RSA_WITH_AES_256_GCM_SHA384;TLS_RSA_WITH_AES_256_CBC_SHA256;TLS_RSA_WITH_AES_256_CBC_SHA;TLS_RSA_WITH_AES_128_GCM_SHA256;TLS_RSA_WITH_AES_128_CBC_SHA256;TLS_RSA_WITH_AES_128_CBC_SHA,1
spainaudiovisualhub.mineco.gob.es,,TLS_1_2,RSAPublicKey,2048,,"CN=GEANT OV RSA CA 4,O=GEANT Vereniging,C=NL",22,10,4,TLS_RSA_WITH_AES_256_GCM_SHA384;TLS_RSA_WITH_AES_256_CBC_SHA256;TLS_RSA_WITH_AES_256_CBC_SHA;TLS_RSA_WITH_AES_128_GCM_SHA256;TLS_RSA_WITH_AES_128_CBC_SHA256;TLS_RSA_WITH_AES_128_CBC_SHA;TLS_ECDHE_RSA_WITH_AES_256_GCM_SHA384;TLS_ECDHE_RSA_WITH_AES_256_CBC_SHA;TLS_ECDHE_RSA_WITH_AES_128_GCM_SHA256;TLS_ECDHE_RSA_WITH_AES_128_CBC_SHA,6,TLS_RSA_WITH_AES_256_GCM_SHA384;TLS_RSA_WITH_AES_256_CBC_SHA256;TLS_RSA_WITH_AES_256_CBC_SHA;TLS_RSA_WITH_AES_128_GCM_SHA256;TLS_RSA_WITH_AES_128_CBC_SHA256;TLS_RSA_WITH_AES_128_CBC_SHA,1
cultura.gob.es,,TLS_1_3,RSAPublicKey,2048,,"OU=AC Componentes Informáticos,O=FNMT-RCM,C=ES",55,9,6,TLS_CHACHA20_POLY1305_SHA256;TLS_AES_256_GCM_SHA384;TLS_AES_128_GCM_SHA256;TLS_ECDHE_RSA_WITH_CHACHA20_POLY1305_SHA256;TLS_ECDHE_RSA_WITH_AES_256_GCM_SHA384;TLS_ECDHE_RSA_WITH_AES_128_GCM_SHA256;TLS_DHE_RSA_WITH_CHACHA20_POLY1305_SHA256;TLS_DHE_RSA_WITH_AES_256_GCM_SHA384;TLS_DHE_RSA_WITH_AES_128_GCM_SHA256,0,,1
sede.dgt.gob.es,,TLS_1_3,RSAPublicKey,2048,,"OU=AC RAIZ FNMT-RCM,O=FNMT-RCM,C=ES",54,9,6,TLS_CHACHA20_POLY1305_SHA256;TLS_AES_256_GCM_SHA384;TLS_AES_128_GCM_SHA256;TLS_ECDHE_RSA_WITH_AES_256_GCM_SHA384;TLS_ECDHE_RSA_WITH_AES_256_CBC_SHA384;TLS_ECDHE_RSA_WITH_AES_256_CBC_SHA;TLS_ECDHE_RSA_WITH_AES_128_GCM_SHA256;TLS_ECDHE_RSA_WITH_AES_128_CBC_SHA256;TLS_ECDHE_RSA_WITH_AES_128_CBC_SHA,0,,0
sede.minetur.gob.es,,TLS_1_2,RSAPublicKey,2048,,"CN=Autoridad de Certificacion Firmaprofesional CIF A62634068,C=ES",109,22,14,TLS_RSA_WITH_CAMELLIA_256_CBC_SHA;TLS_RSA_WITH_CAMELLIA_128_CBC_SHA;TLS_RSA_WITH_AES_256_GCM_SHA384;TLS_RSA_WITH_AES_256_CBC_SHA256;TLS_RSA_WITH_AES_256_CBC_SHA;TLS_RSA_WITH_AES_128_GCM_SHA256;TLS_RSA_WITH_AES_128_CBC_SHA256;TLS_RSA_WITH_AES_128_CBC_SHA;TLS_ECDHE_RSA_WITH_AES_256_GCM_SHA384;TLS_ECDHE_RSA_WITH_AES_256_CBC_SHA384;TLS_ECDHE_RSA_WITH_AES_256_CBC_SHA;TLS_ECDHE_RSA_WITH_AES_128_GCM_SHA256;TLS_ECDHE_RSA_WITH_AES_128_CBC_SHA256;TLS_ECDHE_RSA_WITH_AES_128_CBC_SHA;TLS_DHE_RSA_WITH_CAMELLIA_256_CBC_SHA;TLS_DHE_RSA_WITH_CAMELLIA_128_CBC_SHA;TLS_DHE_RSA_WITH_AES_256_GCM_SHA384;TLS_DHE_RSA_WITH_AES_256_CBC_SHA256;TLS_DHE_RSA_WITH_AES_256_CBC_SHA;TLS_DHE_RSA_WITH_AES_128_GCM_SHA256;TLS_DHE_RSA_WITH_AES_128_CBC_SHA256;TLS_DHE_RSA_WITH_AES_128_CBC_SHA,8,TLS_RSA_WITH_CAMELLIA_256_CBC_SHA;TLS_RSA_WITH_CAMELLIA_128_CBC_SHA;TLS_RSA_WITH_AES_256_GCM_SHA384;TLS_RSA_WITH_AES_256_CBC_SHA256;TLS_RSA_WITH_AES_256_CBC_SHA;TLS_RSA_WITH_AES_128_GCM_SHA256;TLS_RSA_WITH_AES_128_CBC_SHA256;TLS_RSA_WITH_AES_128_CBC_SHA,0
sede.administracion.gob.es,,TLS_1_3,RSAPublicKey,2048,,"CN=DigiCert Global Root G2,OU=www.digicert.com,O=DigiCert Inc,C=US",160,4,2,TLS_AES_256_GCM_SHA384;TLS_AES_128_GCM_SHA256;TLS_ECDHE_RSA_WITH_AES_256_GCM_SHA384;TLS_ECDHE_RSA_WITH_AES_128_GCM_SHA256,0,,1
lamoncloa.gob.es,certinfo_error ('NoneType' object has no attribute 'get'),,,0,,,0,0,0,,0,,0
cibim.transportes.gob.es,,TLS_1_3,RSAPublicKey,2048,,"OU=AC RAIZ FNMT-RCM,O=FNMT-RCM,C=ES",53,6,3,TLS_CHACHA20_POLY1305_SHA256;TLS_AES_256_GCM_SHA384;TLS_AES_128_GCM_SHA256;TLS_ECDHE_RSA_WITH_CHACHA20_POLY1305_SHA256;TLS_ECDHE_RSA_WITH_AES_256_GCM_SHA384;TLS_ECDHE_RSA_WITH_AES_128_GCM_SHA256,0,,1
hacienda.gob.es,,TLS_1_2,RSAPublicKey,2048,,"OU=AC RAIZ FNMT-RCM,O=FNMT-RCM,C=ES",201,4,4,TLS_ECDHE_RSA_WITH_AES_256_GCM_SHA384;TLS_ECDHE_RSA_WITH_AES_128_GCM_SHA256;TLS_DHE_RSA_WITH_AES_256_GCM_SHA384;TLS_DHE_RSA_WITH_AES_128_GCM_SHA256,0,,1
esmovilidad.transportes.gob.es,,TLS_1_3,RSAPublicKey,2048,,"OU=AC RAIZ FNMT-RCM,O=FNMT-RCM,C=ES",53,47,28,TLS_CHACHA20_POLY1305_SHA256;TLS_AES_256_GCM_SHA384;TLS_AES_128_GCM_SHA256;TLS_RSA_WITH_CAMELLIA_256_CBC_SHA256;TLS_RSA_WITH_CAMELLIA_256_CBC_SHA;TLS_RSA_WITH_CAMELLIA_128_CBC_SHA256;TLS_RSA_WITH_CAMELLIA_128_CBC_SHA;TLS_RSA_WITH_ARIA_256_GCM_SHA384;TLS_RSA_WITH_ARIA_128_GCM_SHA256;TLS_RSA_WITH_AES_256_GCM_SHA384;TLS_RSA_WITH_AES_256_CCM_8;TLS_RSA_WITH_AES_256_CCM;TLS_RSA_WITH_AES_256_CBC_SHA256;TLS_RSA_WITH_AES_256_CBC_SHA;TLS_RSA_WITH_AES_128_GCM_SHA256;TLS_RSA_WITH_AES_128_CCM_8;TLS_RSA_WITH_AES_128_CCM;TLS_RSA_WITH_AES_128_CBC_SHA256;TLS_RSA_WITH_AES_128_CBC_SHA;TLS_ECDHE_RSA_WITH_CHACHA20_POLY1305_SHA256;TLS_ECDHE_RSA_WITH_CAMELLIA_256_CBC_SHA384;TLS_ECDHE_RSA_WITH_CAMELLIA_128_CBC_SHA256;TLS_ECDHE_RSA_WITH_ARIA_256_GCM_SHA384;TLS_ECDHE_RSA_WITH_ARIA_128_GCM_SHA256;TLS_ECDHE_RSA_WITH_AES_256_GCM_SHA384;TLS_ECDHE_RSA_WITH_AES_256_CBC_SHA384;TLS_ECDHE_RSA_WITH_AES_256_CBC_SHA;TLS_ECDHE_RSA_WITH_AES_128_GCM_SHA256;TLS_ECDHE_RSA_WITH_AES_128_CBC_SHA256;TLS_ECDHE_RSA_WITH_AES_128_CBC_SHA;TLS_DHE_RSA_WITH_CHACHA20_POLY1305_SHA256;TLS_DHE_RSA_WITH_CAMELLIA_256_CBC_SHA256;TLS_DHE_RSA_WITH_CAMELLIA_256_CBC_SHA;TLS_DHE_RSA_WITH_CAMELLIA_128_CBC_SHA256;TLS_DHE_RSA_WITH_CAMELLIA_128_CBC_SHA;TLS_DHE_RSA_WITH_ARIA_256_GCM_SHA384;TLS_DHE_RSA_WITH_ARIA_128_GCM_SHA256;TLS_DHE_RSA_WITH_AES_256_GCM_SHA384;TLS_DHE_RSA_WITH_AES_256_CCM_8;TLS_DHE_RSA_WITH_AES_256_CCM;TLS_DHE_RSA_WITH_AES_256_CBC_SHA256;TLS_DHE_RSA_WITH_AES_256_CBC_SHA;TLS_DHE_RSA_WITH_AES_128_GCM_SHA256;TLS_DHE_RSA_WITH_AES_128_CCM_8;TLS_DHE_RSA_WITH_AES_128_CCM;TLS_DHE_RSA_WITH_AES_128_CBC_SHA256;TLS_DHE_RSA_WITH_AES_128_CBC_SHA,16,TLS_RSA_WITH_CAMELLIA_256_CBC_SHA256;TLS_RSA_WITH_CAMELLIA_256_CBC_SHA;TLS_RSA_WITH_CAMELLIA_128_CBC_SHA256;TLS_RSA_WITH_CAMELLIA_128_CBC_SHA;TLS_RSA_WITH_ARIA_256_GCM_SHA384;TLS_RSA_WITH_ARIA_128_GCM_SHA256;TLS_RSA_WITH_AES_256_GCM_SHA384;TLS_RSA_WITH_AES_256_CCM_8;TLS_RSA_WITH_AES_256_CCM;TLS_RSA_WITH_AES_256_CBC_SHA256;TLS_RSA_WITH_AES_256_CBC_SHA;TLS_RSA_WITH_AES_128_GCM_SHA256;TLS_RSA_WITH_AES_128_CCM_8;TLS_RSA_WITH_AES_128_CCM;TLS_RSA_WITH_AES_128_CBC_SHA256;TLS_RSA_WITH_AES_128_CBC_SHA,1
veranojoven.transportes.gob.es,,TLS_1_3,RSAPublicKey,2048,,"OU=AC RAIZ FNMT-RCM,O=FNMT-RCM,C=ES",53,6,3,TLS_CHACHA20_POLY1305_SHA256;TLS_AES_256_GCM_SHA384;TLS_AES_128_GCM_SHA256;TLS_ECDHE_RSA_WITH_CHACHA20_POLY1305_SHA256;TLS_ECDHE_RSA_WITH_AES_256_GCM_SHA384;TLS_ECDHE_RSA_WITH_AES_128_GCM_SHA256,0,,1
generaciond.gob.es,,TLS_1_3,RSAPublicKey,2048,,"OU=AC RAIZ FNMT-RCM,O=FNMT-RCM,C=ES",54,4,2,TLS_AES_256_GCM_SHA384;TLS_AES_128_GCM_SHA256;TLS_ECDHE_RSA_WITH_AES_256_GCM_SHA384;TLS_ECDHE_RSA_WITH_AES_128_GCM_SHA256,0,,1
moncloaabierta.presidencia.gob.es,,TLS_1_3,RSAPublicKey,2048,,"CN=Autoridad de Certificacion Firmaprofesional CIF A62634068,C=ES",159,7,4,TLS_CHACHA20_POLY1305_SHA256;TLS_AES_256_GCM_SHA384;TLS_AES_128_GCM_SHA256;TLS_ECDHE_RSA_WITH_AES_256_GCM_SHA384;TLS_ECDHE_RSA_WITH_AES_128_GCM_SHA256;TLS_DHE_RSA_WITH_AES_256_GCM_SHA384;TLS_DHE_RSA_WITH_AES_128_GCM_SHA256,0,,1
exteriores.gob.es,,TLS_1_3,RSAPublicKey,2048,,"OU=AC RAIZ FNMT-RCM,O=FNMT-RCM,C=ES",53,6,3,TLS_CHACHA20_POLY1305_SHA256;TLS_AES_256_GCM_SHA384;TLS_AES_128_GCM_SHA256;TLS_ECDHE_RSA_WITH_CHACHA20_POLY1305_SHA256;TLS_ECDHE_RSA_WITH_AES_256_GCM_SHA384;TLS_ECDHE_RSA_WITH_AES_128_GCM_SHA256,0,,0
igualdad.sede.gob.es,,TLS_1_3,RSAPublicKey,2048,,"OU=AC RAIZ FNMT-RCM,O=FNMT-RCM,C=ES",298,4,2,TLS_AES_256_GCM_SHA384;TLS_AES_128_GCM_SHA256;TLS_ECDHE_RSA_WITH_AES_256_GCM_SHA384;TLS_ECDHE_RSA_WITH_AES_128_GCM_SHA256,0,,1
futuros.gob.es,certinfo_error ('NoneType' object has no attribute 'get'),,,0,,,0,0,0,,0,,0
mapas.fomento.gob.es,,TLS_1_3,RSAPublicKey,2048,,"OU=AC RAIZ FNMT-RCM,O=FNMT-RCM,C=ES",75,16,8,TLS_AES_256_GCM_SHA384;TLS_AES_128_GCM_SHA256;TLS_RSA_WITH_AES_256_GCM_SHA384;TLS_RSA_WITH_AES_256_CBC_SHA256;TLS_RSA_WITH_AES_256_CBC_SHA;TLS_RSA_WITH_AES_128_GCM_SHA256;TLS_RSA_WITH_AES_128_CBC_SHA256;TLS_RSA_WITH_AES_128_CBC_SHA;TLS_ECDHE_RSA_WITH_AES_256_GCM_SHA384;TLS_ECDHE_RSA_WITH_AES_256_CBC_SHA384;TLS_ECDHE_RSA_WITH_AES_256_CBC_SHA;TLS_ECDHE_RSA_WITH_AES_128_GCM_SHA256;TLS_ECDHE_RSA_WITH_AES_128_CBC_SHA256;TLS_ECDHE_RSA_WITH_AES_128_CBC_SHA;TLS_DHE_RSA_WITH_AES_256_GCM_SHA384;TLS_DHE_RSA_WITH_AES_128_GCM_SHA256,6,TLS_RSA_WITH_AES_256_GCM_SHA384;TLS_RSA_WITH_AES_256_CBC_SHA256;TLS_RSA_WITH_AES_256_CBC_SHA;TLS_RSA_WITH_AES_128_GCM_SHA256;TLS_RSA_WITH_AES_128_CBC_SHA256;TLS_RSA_WITH_AES_128_CBC_SHA,0
violenciagenero.igualdad.gob.es,,TLS_1_3,RSAPublicKey,2048,,"OU=AC RAIZ FNMT-RCM,O=FNMT-RCM,C=ES",54,24,14,TLS_AES_256_GCM_SHA384;TLS_AES_128_GCM_SHA256;TLS_RSA_WITH_CAMELLIA_256_CBC_SHA;TLS_RSA_WITH_CAMELLIA_128_CBC_SHA;TLS_RSA_WITH_AES_256_GCM_SHA384;TLS_RSA_WITH_AES_256_CBC_SHA256;TLS_RSA_WITH_AES_256_CBC_SHA;TLS_RSA_WITH_AES_128_GCM_SHA256;TLS_RSA_WITH_AES_128_CBC_SHA256;TLS_RSA_WITH_AES_128_CBC_SHA;TLS_ECDHE_RSA_WITH_AES_256_GCM_SHA384;TLS_ECDHE_RSA_WITH_AES_256_CBC_SHA384;TLS_ECDHE_RSA_WITH_AES_256_CBC_SHA;TLS_ECDHE_RSA_WITH_AES_128_GCM_SHA256;TLS_ECDHE_RSA_WITH_AES_128_CBC_SHA256;TLS_ECDHE_RSA_WITH_AES_128_CBC_SHA;TLS_DHE_RSA_WITH_CAMELLIA_256_CBC_SHA;TLS_DHE_RSA_WITH_CAMELLIA_128_CBC_SHA;TLS_DHE_RSA_WITH_AES_256_GCM_SHA384;TLS_DHE_RSA_WITH_AES_256_CBC_SHA256;TLS_DHE_RSA_WITH_AES_256_CBC_SHA;TLS_DHE_RSA_WITH_AES_128_GCM_SHA256;TLS_DHE_RSA_WITH_AES_128_CBC_SHA256;TLS_DHE_RSA_WITH_AES_128_CBC_SHA,8,TLS_RSA_WITH_CAMELLIA_256_CBC_SHA;TLS_RSA_WITH_CAMELLIA_128_CBC_SHA;TLS_RSA_WITH_AES_256_GCM_SHA384;TLS_RSA_WITH_AES_256_CBC_SHA256;TLS_RSA_WITH_AES_256_CBC_SHA;TLS_RSA_WITH_AES_128_GCM_SHA256;TLS_RSA_WITH_AES_128_CBC_SHA256;TLS_RSA_WITH_AES_128_CBC_SHA,1
clave.gob.es,,TLS_1_3,RSAPublicKey,2048,,"OU=AC RAIZ FNMT-RCM,O=FNMT-RCM,C=ES",223,6,3,TLS_CHACHA20_POLY1305_SHA256;TLS_AES_256_GCM_SHA384;TLS_AES_128_GCM_SHA256;TLS_ECDHE_RSA_WITH_CHACHA20_POLY1305_SHA256;TLS_ECDHE_RSA_WITH_AES_256_GCM_SHA384;TLS_ECDHE_RSA_WITH_AES_128_GCM_SHA256,0,,1
sede.tea.hacienda.gob.es,,TLS_1_3,ECPublicKey,384,secp384r1,"CN=AC RAIZ FNMT-RCM SERVIDORES SEGUROS,2.5.4.97=VATES-Q2826004J,OU=Ceres,O=FNMT-RCM,C=ES",88,5,2,TLS_CHACHA20_POLY1305_SHA256;TLS_AES_256_GCM_SHA384;TLS_AES_128_GCM_SHA256;TLS_ECDHE_ECDSA_WITH_AES_256_GCM_SHA384;TLS_ECDHE_ECDSA_WITH_AES_128_GCM_SHA256,0,,1
sanidad.gob.es,,TLS_1_3,RSAPublicKey,2048,,"OU=AC RAIZ FNMT-RCM,O=FNMT-RCM,C=ES",54,49,29,TLS_CHACHA20_POLY1305_SHA256;TLS_AES_256_GCM_SHA384;TLS_AES_128_GCM_SHA256;TLS_RSA_WITH_SEED_CBC_SHA;TLS_RSA_WITH_CAMELLIA_256_CBC_SHA256;TLS_RSA_WITH_CAMELLIA_256_CBC_SHA;TLS_RSA_WITH_CAMELLIA_128_CBC_SHA256;TLS_RSA_WITH_CAMELLIA_128_CBC_SHA;TLS_RSA_WITH_ARIA_256_GCM_SHA384;TLS_RSA_WITH_ARIA_128_GCM_SHA256;TLS_RSA_WITH_AES_256_GCM_SHA384;TLS_RSA_WITH_AES_256_CCM_8;TLS_RSA_WITH_AES_256_CCM;TLS_RSA_WITH_AES_256_CBC_SHA256;TLS_RSA_WITH_AES_256_CBC_SHA;TLS_RSA_WITH_AES_128_GCM_SHA256;TLS_RSA_WITH_AES_128_CCM_8;TLS_RSA_WITH_AES_128_CCM;TLS_RSA_WITH_AES_128_CBC_SHA256;TLS_RSA_WITH_AES_128_CBC_SHA;TLS_ECDHE_RSA_WITH_CHACHA20_POLY1305_SHA256;TLS_ECDHE_RSA_WITH_CAMELLIA_256_CBC_SHA384;TLS_ECDHE_RSA_WITH_CAMELLIA_128_CBC_SHA256;TLS_ECDHE_RSA_WITH_ARIA_256_GCM_SHA384;TLS_ECDHE_RSA_WITH_ARIA_128_GCM_SHA256;TLS_ECDHE_RSA_WITH_AES_256_GCM_SHA384;TLS_ECDHE_RSA_WITH_AES_256_CBC_SHA384;TLS_ECDHE_RSA_WITH_AES_256_CBC_SHA;TLS_ECDHE_RSA_WITH_AES_128_GCM_SHA256;TLS_ECDHE_RSA_WITH_AES_128_CBC_SHA256;TLS_ECDHE_RSA_WITH_AES_128_CBC_SHA;TLS_DHE_RSA_WITH_SEED_CBC_SHA;TLS_DHE_RSA_WITH_CHACHA20_POLY1305_SHA256;TLS_DHE_RSA_WITH_CAMELLIA_256_CBC_SHA256;TLS_DHE_RSA_WITH_CAMELLIA_256_CBC_SHA;TLS_DHE_RSA_WITH_CAMELLIA_128_CBC_SHA256;TLS_DHE_RSA_WITH_CAMELLIA_128_CBC_SHA;TLS_DHE_RSA_WITH_ARIA_256_GCM_SHA384;TLS_DHE_RSA_WITH_ARIA_128_GCM_SHA256;TLS_DHE_RSA_WITH_AES_256_GCM_SHA384;TLS_DHE_RSA_WITH_AES_256_CCM_8;TLS_DHE_RSA_WITH_AES_256_CCM;TLS_DHE_RSA_WITH_AES_256_CBC_SHA256;TLS_DHE_RSA_WITH_AES_256_CBC_SHA;TLS_DHE_RSA_WITH_AES_128_GCM_SHA256;TLS_DHE_RSA_WITH_AES_128_CCM_8;TLS_DHE_RSA_WITH_AES_128_CCM;TLS_DHE_RSA_WITH_AES_128_CBC_SHA256;TLS_DHE_RSA_WITH_AES_128_CBC_SHA,17,TLS_RSA_WITH_SEED_CBC_SHA;TLS_RSA_WITH_CAMELLIA_256_CBC_SHA256;TLS_RSA_WITH_CAMELLIA_256_CBC_SHA;TLS_RSA_WITH_CAMELLIA_128_CBC_SHA256;TLS_RSA_WITH_CAMELLIA_128_CBC_SHA;TLS_RSA_WITH_ARIA_256_GCM_SHA384;TLS_RSA_WITH_ARIA_128_GCM_SHA256;TLS_RSA_WITH_AES_256_GCM_SHA384;TLS_RSA_WITH_AES_256_CCM_8;TLS_RSA_WITH_AES_256_CCM;TLS_RSA_WITH_AES_256_CBC_SHA256;TLS_RSA_WITH_AES_256_CBC_SHA;TLS_RSA_WITH_AES_128_GCM_SHA256;TLS_RSA_WITH_AES_128_CCM_8;TLS_RSA_WITH_AES_128_CCM;TLS_RSA_WITH_AES_128_CBC_SHA256;TLS_RSA_WITH_AES_128_CBC_SHA,0
ciencia.sede.gob.es,,TLS_1_3,RSAPublicKey,2048,,"OU=AC RAIZ FNMT-RCM,O=FNMT-RCM,C=ES",298,4,2,TLS_AES_256_GCM_SHA384;TLS_AES_128_GCM_SHA256;TLS_ECDHE_RSA_WITH_AES_256_GCM_SHA384;TLS_ECDHE_RSA_WITH_AES_128_GCM_SHA256,0,,1
