domain,cookies_total,cookies_3p,cookies_3p_ratio,cookie_3p_domains,cookie_3p_top,tracker_cookies,tracker_cookie_ratio,cookies_secure,cookies_secure_ratio,cookies_httponly,cookies_httponly_ratio,cookies_session,cookies_session_ratio,ss_none,ss_lax,ss_strict,ss_none_ratio,ss_lax_ratio,ss_strict_ratio,expiry_min_days,expiry_median_days,expiry_max_days,req_total,req_3p,req_3p_ratio,distinct_3p_req_domains,req_3p_top,tracker_hits,tracker_hit_ratio,resources_beacon,resources_font,resources_image,resources_imageset,resources_main_frame,resources_media,resources_object,resources_script,resources_stylesheet,resources_sub_frame,resources_xmlhttprequest,strict-transport-security,content-security-policy,permissions-policy,referrer-policy,x-frame-options,x-content-type-options,total_sec_headers,tls_error,tls_version_max,tls_key_alg,tls_key_size,tls_curve,tls_cert_issuer,tls_days_until_expiry,tls_cipher_suites_total,tls_cipher_suites_list,tls_cipher_suites_fs,tls_cipher_fs_ratio,tls_cipher_suites_weak,tls_cipher_weak_ratio,tls_cipher_weak_list,tls_hsts,fp_detected,fp_methods_total,fp_canvas,fp_audioCtx,fp_rtc,fp_storage
andm.gov.za,36.0,36.0,1.0,1.0,youtube.com,36.0,1.0,36.0,1.0,36.0,1.0,9.0,0.25,0.0,0.0,0.0,0.0,0.0,0.0,177.0,177.0,177.0,1141,768,0.673,6,gstatic.com;getclicky.com;twimg.com;youtube.com;fonts.googleapis.com,768,0.673,0,366,175,3,1,0,29,485,74,0,8,0,0,0,0,0,1,1,,TLS_1_3,RSAPublicKey,2048,0.0,"CN=Go Daddy Root Certificate Authority - G2,O=GoDaddy.com\, Inc.,L=Scottsdale,ST=Arizona,C=US",246,9,TLS_CHACHA20_POLY1305_SHA256;TLS_AES_256_GCM_SHA384;TLS_AES_128_GCM_SHA256;TLS_AES_128_CCM_SHA256;TLS_ECDHE_RSA_WITH_CHACHA20_POLY1305_SHA256;TLS_ECDHE_RSA_WITH_AES_256_GCM_SHA384;TLS_ECDHE_RSA_WITH_AES_128_GCM_SHA256;TLS_DHE_RSA_WITH_AES_256_GCM_SHA384;TLS_DHE_RSA_WITH_AES_128_GCM_SHA256,5,0.556,0,0.0,,0,0,0,0,0,0,0
capewinelands.gov.za,9.0,0.0,0.0,0.0,,0.0,0.0,1.0,0.111,1.0,0.111,1.0,0.111,0.0,0.0,0.0,0.0,0.0,0.0,397.0,397.0,397.0,1199,430,0.359,6,fontawesome.com;gstatic.com;google-analytics.com;fonts.googleapis.com;googletagmanager.com,423,0.353,0,325,123,49,4,0,0,366,251,0,81,0,0,0,0,0,0,0,,TLS_1_3,RSAPublicKey,2048,0.0,"CN=ISRG Root X1,O=Internet Security Research Group,C=US",52,30,TLS_CHACHA20_POLY1305_SHA256;TLS_AES_256_GCM_SHA384;TLS_AES_128_GCM_SHA256;TLS_RSA_WITH_CAMELLIA_256_CBC_SHA256;TLS_RSA_WITH_CAMELLIA_256_CBC_SHA;TLS_RSA_WITH_CAMELLIA_128_CBC_SHA256;TLS_RSA_WITH_CAMELLIA_128_CBC_SHA;TLS_RSA_WITH_ARIA_256_GCM_SHA384;TLS_RSA_WITH_ARIA_128_GCM_SHA256;TLS_RSA_WITH_AES_256_GCM_SHA384;TLS_RSA_WITH_AES_256_CCM_8;TLS_RSA_WITH_AES_256_CCM;TLS_RSA_WITH_AES_256_CBC_SHA256;TLS_RSA_WITH_AES_256_CBC_SHA;TLS_RSA_WITH_AES_128_GCM_SHA256;TLS_RSA_WITH_AES_128_CCM_8;TLS_RSA_WITH_AES_128_CCM;TLS_RSA_WITH_AES_128_CBC_SHA256;TLS_RSA_WITH_AES_128_CBC_SHA;TLS_ECDHE_RSA_WITH_CHACHA20_POLY1305_SHA256;TLS_ECDHE_RSA_WITH_CAMELLIA_256_CBC_SHA384;TLS_ECDHE_RSA_WITH_CAMELLIA_128_CBC_SHA256;TLS_ECDHE_RSA_WITH_ARIA_256_GCM_SHA384;TLS_ECDHE_RSA_WITH_ARIA_128_GCM_SHA256;TLS_ECDHE_RSA_WITH_AES_256_GCM_SHA384;TLS_ECDHE_RSA_WITH_AES_256_CBC_SHA384;TLS_ECDHE_RSA_WITH_AES_256_CBC_SHA;TLS_ECDHE_RSA_WITH_AES_128_GCM_SHA256;TLS_ECDHE_RSA_WITH_AES_128_CBC_SHA256;TLS_ECDHE_RSA_WITH_AES_128_CBC_SHA,11,0.367,16,0.533,TLS_RSA_WITH_CAMELLIA_256_CBC_SHA256;TLS_RSA_WITH_CAMELLIA_256_CBC_SHA;TLS_RSA_WITH_CAMELLIA_128_CBC_SHA256;TLS_RSA_WITH_CAMELLIA_128_CBC_SHA;TLS_RSA_WITH_ARIA_256_GCM_SHA384;TLS_RSA_WITH_ARIA_128_GCM_SHA256;TLS_RSA_WITH_AES_256_GCM_SHA384;TLS_RSA_WITH_AES_256_CCM_8;TLS_RSA_WITH_AES_256_CCM;TLS_RSA_WITH_AES_256_CBC_SHA256;TLS_RSA_WITH_AES_256_CBC_SHA;TLS_RSA_WITH_AES_128_GCM_SHA256;TLS_RSA_WITH_AES_128_CCM_8;TLS_RSA_WITH_AES_128_CCM;TLS_RSA_WITH_AES_128_CBC_SHA256;TLS_RSA_WITH_AES_128_CBC_SHA,0,1,1,0,0,0,1
dannhauser.gov.za,7.0,0.0,0.0,0.0,,0.0,0.0,0.0,0.0,0.0,0.0,6.0,0.857,0.0,0.0,0.0,0.0,0.0,0.0,-3.0,0.0,0.0,970,560,0.577,4,gstatic.com;fonts.googleapis.com;ajax.googleapis.com;typekeed.co.za,558,0.575,0,438,13,7,7,0,0,249,256,0,0,0,0,0,0,0,0,0,,TLS_1_3,RSAPublicKey,2048,0.0,"CN=ISRG Root X1,O=Internet Security Research Group,C=US",67,22,TLS_CHACHA20_POLY1305_SHA256;TLS_AES_256_GCM_SHA384;TLS_AES_128_GCM_SHA256;TLS_RSA_WITH_AES_256_GCM_SHA384;TLS_RSA_WITH_AES_256_CBC_SHA256;TLS_RSA_WITH_AES_256_CBC_SHA;TLS_RSA_WITH_AES_128_GCM_SHA256;TLS_RSA_WITH_AES_128_CBC_SHA256;TLS_RSA_WITH_AES_128_CBC_SHA;TLS_ECDHE_RSA_WITH_CHACHA20_POLY1305_SHA256;TLS_ECDHE_RSA_WITH_AES_256_GCM_SHA384;TLS_ECDHE_RSA_WITH_AES_256_CBC_SHA384;TLS_ECDHE_RSA_WITH_AES_256_CBC_SHA;TLS_ECDHE_RSA_WITH_AES_128_GCM_SHA256;TLS_ECDHE_RSA_WITH_AES_128_CBC_SHA256;TLS_ECDHE_RSA_WITH_AES_128_CBC_SHA;TLS_DHE_RSA_WITH_AES_256_GCM_SHA384;TLS_DHE_RSA_WITH_AES_256_CBC_SHA256;TLS_DHE_RSA_WITH_AES_256_CBC_SHA;TLS_DHE_RSA_WITH_AES_128_GCM_SHA256;TLS_DHE_RSA_WITH_AES_128_CBC_SHA256;TLS_DHE_RSA_WITH_AES_128_CBC_SHA,13,0.591,6,0.273,TLS_RSA_WITH_AES_256_GCM_SHA384;TLS_RSA_WITH_AES_256_CBC_SHA256;TLS_RSA_WITH_AES_256_CBC_SHA;TLS_RSA_WITH_AES_128_GCM_SHA256;TLS_RSA_WITH_AES_128_CBC_SHA256;TLS_RSA_WITH_AES_128_CBC_SHA,0,1,1,0,0,0,1
dihlabeng.gov.za,0.0,0.0,0.0,0.0,,0.0,0.0,0.0,0.0,0.0,0.0,0.0,0.0,0.0,0.0,0.0,0.0,0.0,0.0,0.0,0.0,0.0,1501,1305,0.869,6,fbcdn.net;gstatic.com;facebook.com;fonts.googleapis.com;facebook.net,1305,0.869,0,210,642,0,4,0,0,402,180,45,18,0,0,0,0,0,0,0,,TLS_1_3,RSAPublicKey,2048,0.0,"CN=ISRG Root X1,O=Internet Security Research Group,C=US",76,6,TLS_CHACHA20_POLY1305_SHA256;TLS_AES_256_GCM_SHA384;TLS_AES_128_GCM_SHA256;TLS_ECDHE_RSA_WITH_CHACHA20_POLY1305_SHA256;TLS_ECDHE_RSA_WITH_AES_256_GCM_SHA384;TLS_ECDHE_RSA_WITH_AES_128_GCM_SHA256,3,0.5,0,0.0,,0,1,1,0,0,0,1
dikgatlong.gov.za,1.0,0.0,0.0,0.0,,0.0,0.0,1.0,1.0,1.0,1.0,1.0,1.0,0.0,0.0,0.0,0.0,0.0,0.0,0.0,0.0,0.0,95,36,0.379,2,gstatic.com;fonts.googleapis.com,36,0.379,0,29,12,1,2,0,0,27,24,0,0,0,0,0,1,1,1,3,,TLS_1_3,RSAPublicKey,2048,0.0,"CN=ISRG Root X1,O=Internet Security Research Group,C=US",77,8,TLS_CHACHA20_POLY1305_SHA256;TLS_AES_256_GCM_SHA384;TLS_AES_128_GCM_SHA256;TLS_ECDHE_RSA_WITH_CHACHA20_POLY1305_SHA256;TLS_ECDHE_RSA_WITH_AES_256_GCM_SHA384;TLS_ECDHE_RSA_WITH_AES_128_GCM_SHA256;TLS_DHE_RSA_WITH_AES_256_GCM_SHA384;TLS_DHE_RSA_WITH_AES_128_GCM_SHA256,5,0.625,0,0.0,,0,0,0,0,0,0,0
dirco.gov.za,17.0,9.0,0.529,1.0,soundcloud.com,9.0,0.529,0.0,0.0,0.0,0.0,0.0,0.0,0.0,0.0,0.0,0.0,0.0,0.0,397.0,397.0,397.0,809,621,0.768,13,sndcdn.com;twimg.com;tagembed.com;maps.googleapis.com;cloudflare.com,621,0.768,0,31,239,3,1,90,0,255,115,9,66,0,0,0,0,1,0,1,,TLS_1_3,RSAPublicKey,2048,0.0,"CN=ISRG Root X1,O=Internet Security Research Group,C=US",54,12,TLS_CHACHA20_POLY1305_SHA256;TLS_AES_256_GCM_SHA384;TLS_AES_128_GCM_SHA256;TLS_RSA_WITH_AES_256_GCM_SHA384;TLS_RSA_WITH_AES_256_CBC_SHA;TLS_RSA_WITH_AES_128_GCM_SHA256;TLS_RSA_WITH_AES_128_CBC_SHA;TLS_ECDHE_RSA_WITH_AES_256_GCM_SHA384;TLS_ECDHE_RSA_WITH_AES_256_CBC_SHA;TLS_ECDHE_RSA_WITH_AES_128_GCM_SHA256;TLS_ECDHE_RSA_WITH_AES_128_CBC_SHA256;TLS_ECDHE_RSA_WITH_AES_128_CBC_SHA,5,0.417,4,0.333,TLS_RSA_WITH_AES_256_GCM_SHA384;TLS_RSA_WITH_AES_256_CBC_SHA;TLS_RSA_WITH_AES_128_GCM_SHA256;TLS_RSA_WITH_AES_128_CBC_SHA,0,1,1,0,0,0,1
dkm.gov.za,0.0,0.0,0.0,0.0,,0.0,0.0,0.0,0.0,0.0,0.0,0.0,0.0,0.0,0.0,0.0,0.0,0.0,0.0,0.0,0.0,0.0,56,45,0.804,2,gstatic.com;fonts.googleapis.com,45,0.804,0,37,3,0,1,0,0,2,13,0,0,0,0,0,0,0,0,0,,TLS_1_3,RSAPublicKey,2048,0.0,"CN=ISRG Root X1,O=Internet Security Research Group,C=US",79,30,TLS_CHACHA20_POLY1305_SHA256;TLS_AES_256_GCM_SHA384;TLS_AES_128_GCM_SHA256;TLS_RSA_WITH_CAMELLIA_256_CBC_SHA256;TLS_RSA_WITH_CAMELLIA_256_CBC_SHA;TLS_RSA_WITH_CAMELLIA_128_CBC_SHA256;TLS_RSA_WITH_CAMELLIA_128_CBC_SHA;TLS_RSA_WITH_ARIA_256_GCM_SHA384;TLS_RSA_WITH_ARIA_128_GCM_SHA256;TLS_RSA_WITH_AES_256_GCM_SHA384;TLS_RSA_WITH_AES_256_CCM_8;TLS_RSA_WITH_AES_256_CCM;TLS_RSA_WITH_AES_256_CBC_SHA256;TLS_RSA_WITH_AES_256_CBC_SHA;TLS_RSA_WITH_AES_128_GCM_SHA256;TLS_RSA_WITH_AES_128_CCM_8;TLS_RSA_WITH_AES_128_CCM;TLS_RSA_WITH_AES_128_CBC_SHA256;TLS_RSA_WITH_AES_128_CBC_SHA;TLS_ECDHE_RSA_WITH_CHACHA20_POLY1305_SHA256;TLS_ECDHE_RSA_WITH_CAMELLIA_256_CBC_SHA384;TLS_ECDHE_RSA_WITH_CAMELLIA_128_CBC_SHA256;TLS_ECDHE_RSA_WITH_ARIA_256_GCM_SHA384;TLS_ECDHE_RSA_WITH_ARIA_128_GCM_SHA256;TLS_ECDHE_RSA_WITH_AES_256_GCM_SHA384;TLS_ECDHE_RSA_WITH_AES_256_CBC_SHA384;TLS_ECDHE_RSA_WITH_AES_256_CBC_SHA;TLS_ECDHE_RSA_WITH_AES_128_GCM_SHA256;TLS_ECDHE_RSA_WITH_AES_128_CBC_SHA256;TLS_ECDHE_RSA_WITH_AES_128_CBC_SHA,11,0.367,16,0.533,TLS_RSA_WITH_CAMELLIA_256_CBC_SHA256;TLS_RSA_WITH_CAMELLIA_256_CBC_SHA;TLS_RSA_WITH_CAMELLIA_128_CBC_SHA256;TLS_RSA_WITH_CAMELLIA_128_CBC_SHA;TLS_RSA_WITH_ARIA_256_GCM_SHA384;TLS_RSA_WITH_ARIA_128_GCM_SHA256;TLS_RSA_WITH_AES_256_GCM_SHA384;TLS_RSA_WITH_AES_256_CCM_8;TLS_RSA_WITH_AES_256_CCM;TLS_RSA_WITH_AES_256_CBC_SHA256;TLS_RSA_WITH_AES_256_CBC_SHA;TLS_RSA_WITH_AES_128_GCM_SHA256;TLS_RSA_WITH_AES_128_CCM_8;TLS_RSA_WITH_AES_128_CCM;TLS_RSA_WITH_AES_128_CBC_SHA256;TLS_RSA_WITH_AES_128_CBC_SHA,0,0,0,0,0,0,0
ecprov.gov.za,15.0,0.0,0.0,0.0,,0.0,0.0,0.0,0.0,0.0,0.0,0.0,0.0,0.0,0.0,0.0,0.0,0.0,0.0,397.0,397.0,397.0,117,54,0.462,2,google-analytics.com;googletagmanager.com,54,0.462,0,2,32,0,1,11,0,28,7,0,36,0,0,0,0,0,0,0,certinfo_error ('NoneType' object has no attribute 'get'),,,0,0.0,,0,0,,0,0.0,0,0.0,,0,1,4,1,1,1,1
edumbe.gov.za,163.0,162.0,0.994,1.0,youtube.com,162.0,0.994,90.0,0.552,90.0,0.552,9.0,0.055,0.0,0.0,0.0,0.0,0.0,0.0,-3.0,177.0,177.0,537,460,0.857,10,youtube.com;gstatic.com;googlevideo.com;fonts.googleapis.com;jnn-pa.googleapis.com,460,0.857,18,103,39,3,1,0,0,108,66,18,181,0,0,0,0,0,1,1,,TLS_1_3,RSAPublicKey,2048,0.0,"CN=ISRG Root X1,O=Internet Security Research Group,C=US",61,9,TLS_CHACHA20_POLY1305_SHA256;TLS_AES_256_GCM_SHA384;TLS_AES_128_GCM_SHA256;TLS_AES_128_CCM_SHA256;TLS_ECDHE_RSA_WITH_CHACHA20_POLY1305_SHA256;TLS_ECDHE_RSA_WITH_AES_256_GCM_SHA384;TLS_ECDHE_RSA_WITH_AES_128_GCM_SHA256;TLS_DHE_RSA_WITH_AES_256_GCM_SHA384;TLS_DHE_RSA_WITH_AES_128_GCM_SHA256,5,0.556,0,0.0,,0,1,2,1,0,0,1
ehlanzeni.gov.za,0.0,0.0,0.0,0.0,,0.0,0.0,0.0,0.0,0.0,0.0,0.0,0.0,0.0,0.0,0.0,0.0,0.0,0.0,0.0,0.0,0.0,126,65,0.516,4,fonts.googleapis.com;wp.com;gstatic.com;ehlanzenidistrict.co.za,63,0.5,0,23,18,3,1,2,0,30,49,0,0,0,0,0,0,0,0,0,,TLS_1_3,RSAPublicKey,2048,0.0,"CN=ISRG Root X1,O=Internet Security Research Group,C=US",31,30,TLS_CHACHA20_POLY1305_SHA256;TLS_AES_256_GCM_SHA384;TLS_AES_128_GCM_SHA256;TLS_RSA_WITH_CAMELLIA_256_CBC_SHA256;TLS_RSA_WITH_CAMELLIA_256_CBC_SHA;TLS_RSA_WITH_CAMELLIA_128_CBC_SHA256;TLS_RSA_WITH_CAMELLIA_128_CBC_SHA;TLS_RSA_WITH_ARIA_256_GCM_SHA384;TLS_RSA_WITH_ARIA_128_GCM_SHA256;TLS_RSA_WITH_AES_256_GCM_SHA384;TLS_RSA_WITH_AES_256_CCM_8;TLS_RSA_WITH_AES_256_CCM;TLS_RSA_WITH_AES_256_CBC_SHA256;TLS_RSA_WITH_AES_256_CBC_SHA;TLS_RSA_WITH_AES_128_GCM_SHA256;TLS_RSA_WITH_AES_128_CCM_8;TLS_RSA_WITH_AES_128_CCM;TLS_RSA_WITH_AES_128_CBC_SHA256;TLS_RSA_WITH_AES_128_CBC_SHA;TLS_ECDHE_RSA_WITH_CHACHA20_POLY1305_SHA256;TLS_ECDHE_RSA_WITH_CAMELLIA_256_CBC_SHA384;TLS_ECDHE_RSA_WITH_CAMELLIA_128_CBC_SHA256;TLS_ECDHE_RSA_WITH_ARIA_256_GCM_SHA384;TLS_ECDHE_RSA_WITH_ARIA_128_GCM_SHA256;TLS_ECDHE_RSA_WITH_AES_256_GCM_SHA384;TLS_ECDHE_RSA_WITH_AES_256_CBC_SHA384;TLS_ECDHE_RSA_WITH_AES_256_CBC_SHA;TLS_ECDHE_RSA_WITH_AES_128_GCM_SHA256;TLS_ECDHE_RSA_WITH_AES_128_CBC_SHA256;TLS_ECDHE_RSA_WITH_AES_128_CBC_SHA,11,0.367,16,0.533,TLS_RSA_WITH_CAMELLIA_256_CBC_SHA256;TLS_RSA_WITH_CAMELLIA_256_CBC_SHA;TLS_RSA_WITH_CAMELLIA_128_CBC_SHA256;TLS_RSA_WITH_CAMELLIA_128_CBC_SHA;TLS_RSA_WITH_ARIA_256_GCM_SHA384;TLS_RSA_WITH_ARIA_128_GCM_SHA256;TLS_RSA_WITH_AES_256_GCM_SHA384;TLS_RSA_WITH_AES_256_CCM_8;TLS_RSA_WITH_AES_256_CCM;TLS_RSA_WITH_AES_256_CBC_SHA256;TLS_RSA_WITH_AES_256_CBC_SHA;TLS_RSA_WITH_AES_128_GCM_SHA256;TLS_RSA_WITH_AES_128_CCM_8;TLS_RSA_WITH_AES_128_CCM;TLS_RSA_WITH_AES_128_CBC_SHA256;TLS_RSA_WITH_AES_128_CBC_SHA,0,1,1,0,0,0,1
emfuleni.gov.za,0.0,0.0,0.0,0.0,,0.0,0.0,0.0,0.0,0.0,0.0,0.0,0.0,0.0,0.0,0.0,0.0,0.0,0.0,0.0,0.0,0.0,90,0,0.0,0,,0,0.0,0,12,22,1,1,0,0,26,28,0,0,0,0,0,1,0,0,1,,TLS_1_3,RSAPublicKey,2048,0.0,"CN=ISRG Root X1,O=Internet Security Research Group,C=US",63,30,TLS_CHACHA20_POLY1305_SHA256;TLS_AES_256_GCM_SHA384;TLS_AES_128_GCM_SHA256;TLS_RSA_WITH_CAMELLIA_256_CBC_SHA256;TLS_RSA_WITH_CAMELLIA_256_CBC_SHA;TLS_RSA_WITH_CAMELLIA_128_CBC_SHA256;TLS_RSA_WITH_CAMELLIA_128_CBC_SHA;TLS_RSA_WITH_ARIA_256_GCM_SHA384;TLS_RSA_WITH_ARIA_128_GCM_SHA256;TLS_RSA_WITH_AES_256_GCM_SHA384;TLS_RSA_WITH_AES_256_CCM_8;TLS_RSA_WITH_AES_256_CCM;TLS_RSA_WITH_AES_256_CBC_SHA256;TLS_RSA_WITH_AES_256_CBC_SHA;TLS_RSA_WITH_AES_128_GCM_SHA256;TLS_RSA_WITH_AES_128_CCM_8;TLS_RSA_WITH_AES_128_CCM;TLS_RSA_WITH_AES_128_CBC_SHA256;TLS_RSA_WITH_AES_128_CBC_SHA;TLS_ECDHE_RSA_WITH_CHACHA20_POLY1305_SHA256;TLS_ECDHE_RSA_WITH_CAMELLIA_256_CBC_SHA384;TLS_ECDHE_RSA_WITH_CAMELLIA_128_CBC_SHA256;TLS_ECDHE_RSA_WITH_ARIA_256_GCM_SHA384;TLS_ECDHE_RSA_WITH_ARIA_128_GCM_SHA256;TLS_ECDHE_RSA_WITH_AES_256_GCM_SHA384;TLS_ECDHE_RSA_WITH_AES_256_CBC_SHA384;TLS_ECDHE_RSA_WITH_AES_256_CBC_SHA;TLS_ECDHE_RSA_WITH_AES_128_GCM_SHA256;TLS_ECDHE_RSA_WITH_AES_128_CBC_SHA256;TLS_ECDHE_RSA_WITH_AES_128_CBC_SHA,11,0.367,16,0.533,TLS_RSA_WITH_CAMELLIA_256_CBC_SHA256;TLS_RSA_WITH_CAMELLIA_256_CBC_SHA;TLS_RSA_WITH_CAMELLIA_128_CBC_SHA256;TLS_RSA_WITH_CAMELLIA_128_CBC_SHA;TLS_RSA_WITH_ARIA_256_GCM_SHA384;TLS_RSA_WITH_ARIA_128_GCM_SHA256;TLS_RSA_WITH_AES_256_GCM_SHA384;TLS_RSA_WITH_AES_256_CCM_8;TLS_RSA_WITH_AES_256_CCM;TLS_RSA_WITH_AES_256_CBC_SHA256;TLS_RSA_WITH_AES_256_CBC_SHA;TLS_RSA_WITH_AES_128_GCM_SHA256;TLS_RSA_WITH_AES_128_CCM_8;TLS_RSA_WITH_AES_128_CCM;TLS_RSA_WITH_AES_128_CBC_SHA256;TLS_RSA_WITH_AES_128_CBC_SHA,0,1,1,0,0,0,1
fsl.gov.za,0.0,0.0,0.0,0.0,,0.0,0.0,0.0,0.0,0.0,0.0,0.0,0.0,0.0,0.0,0.0,0.0,0.0,0.0,0.0,0.0,0.0,105,27,0.257,3,fonts.googleapis.com;gstatic.com;w.org,27,0.257,0,15,15,4,1,0,0,37,33,0,0,1,0,1,1,1,1,5,,TLS_1_3,RSAPublicKey,2048,0.0,"CN=DigiCert Global Root CA,OU=www.digicert.com,O=DigiCert Inc,C=US",53,14,TLS_AES_256_GCM_SHA384;TLS_AES_128_GCM_SHA256;TLS_RSA_WITH_AES_256_GCM_SHA384;TLS_RSA_WITH_AES_256_CBC_SHA256;TLS_RSA_WITH_AES_256_CBC_SHA;TLS_RSA_WITH_AES_128_GCM_SHA256;TLS_RSA_WITH_AES_128_CBC_SHA256;TLS_RSA_WITH_AES_128_CBC_SHA;TLS_ECDHE_RSA_WITH_AES_256_GCM_SHA384;TLS_ECDHE_RSA_WITH_AES_256_CBC_SHA384;TLS_ECDHE_RSA_WITH_AES_256_CBC_SHA;TLS_ECDHE_RSA_WITH_AES_128_GCM_SHA256;TLS_ECDHE_RSA_WITH_AES_128_CBC_SHA256;TLS_ECDHE_RSA_WITH_AES_128_CBC_SHA,6,0.429,6,0.429,TLS_RSA_WITH_AES_256_GCM_SHA384;TLS_RSA_WITH_AES_256_CBC_SHA256;TLS_RSA_WITH_AES_256_CBC_SHA;TLS_RSA_WITH_AES_128_GCM_SHA256;TLS_RSA_WITH_AES_128_CBC_SHA256;TLS_RSA_WITH_AES_128_CBC_SHA,1,1,1,0,0,0,1
gardenroute.gov.za,0.0,0.0,0.0,0.0,,0.0,0.0,0.0,0.0,0.0,0.0,0.0,0.0,0.0,0.0,0.0,0.0,0.0,0.0,0.0,0.0,0.0,103,60,0.583,4,gstatic.com;fonts.googleapis.com;websitepolicies.com;websitepolicies.io,60,0.583,0,37,24,1,1,0,0,14,26,0,0,0,0,0,0,0,0,0,,TLS_1_3,RSAPublicKey,2048,0.0,"CN=ISRG Root X1,O=Internet Security Research Group,C=US",51,6,TLS_CHACHA20_POLY1305_SHA256;TLS_AES_256_GCM_SHA384;TLS_AES_128_GCM_SHA256;TLS_ECDHE_RSA_WITH_CHACHA20_POLY1305_SHA256;TLS_ECDHE_RSA_WITH_AES_256_GCM_SHA384;TLS_ECDHE_RSA_WITH_AES_128_GCM_SHA256,3,0.5,0,0.0,,0,1,1,0,0,0,1
george.gov.za,8.0,0.0,0.0,0.0,,0.0,0.0,0.0,0.0,0.0,0.0,0.0,0.0,0.0,0.0,0.0,0.0,0.0,0.0,397.0,397.0,397.0,160,90,0.562,6,gstatic.com;wp.com;google-analytics.com;fonts.googleapis.com;googletagmanager.com,90,0.562,0,28,32,4,1,0,0,42,34,0,19,0,1,0,0,0,0,1,,TLS_1_3,RSAPublicKey,4096,0.0,"CN=ISRG Root X1,O=Internet Security Research Group,C=US",61,12,TLS_CHACHA20_POLY1305_SHA256;TLS_AES_256_GCM_SHA384;TLS_AES_128_GCM_SHA256;TLS_RSA_WITH_AES_256_GCM_SHA384;TLS_RSA_WITH_AES_256_CBC_SHA;TLS_RSA_WITH_AES_128_GCM_SHA256;TLS_RSA_WITH_AES_128_CBC_SHA;TLS_ECDHE_RSA_WITH_AES_256_GCM_SHA384;TLS_ECDHE_RSA_WITH_AES_256_CBC_SHA;TLS_ECDHE_RSA_WITH_AES_128_GCM_SHA256;TLS_ECDHE_RSA_WITH_AES_128_CBC_SHA256;TLS_ECDHE_RSA_WITH_AES_128_CBC_SHA,5,0.417,4,0.333,TLS_RSA_WITH_AES_256_GCM_SHA384;TLS_RSA_WITH_AES_256_CBC_SHA;TLS_RSA_WITH_AES_128_GCM_SHA256;TLS_RSA_WITH_AES_128_CBC_SHA,0,1,1,0,0,0,1
govanmbeki.gov.za,0.0,0.0,0.0,0.0,,0.0,0.0,0.0,0.0,0.0,0.0,0.0,0.0,0.0,0.0,0.0,0.0,0.0,0.0,0.0,0.0,0.0,247,190,0.769,7,fbcdn.net;gstatic.com;fonts.googleapis.com;wp.com;facebook.net,189,0.765,0,38,56,1,1,0,0,104,38,9,0,0,0,0,0,0,0,0,,TLS_1_3,RSAPublicKey,2048,0.0,"CN=ISRG Root X1,O=Internet Security Research Group,C=US",79,30,TLS_CHACHA20_POLY1305_SHA256;TLS_AES_256_GCM_SHA384;TLS_AES_128_GCM_SHA256;TLS_RSA_WITH_CAMELLIA_256_CBC_SHA256;TLS_RSA_WITH_CAMELLIA_256_CBC_SHA;TLS_RSA_WITH_CAMELLIA_128_CBC_SHA256;TLS_RSA_WITH_CAMELLIA_128_CBC_SHA;TLS_RSA_WITH_ARIA_256_GCM_SHA384;TLS_RSA_WITH_ARIA_128_GCM_SHA256;TLS_RSA_WITH_AES_256_GCM_SHA384;TLS_RSA_WITH_AES_256_CCM_8;TLS_RSA_WITH_AES_256_CCM;TLS_RSA_WITH_AES_256_CBC_SHA256;TLS_RSA_WITH_AES_256_CBC_SHA;TLS_RSA_WITH_AES_128_GCM_SHA256;TLS_RSA_WITH_AES_128_CCM_8;TLS_RSA_WITH_AES_128_CCM;TLS_RSA_WITH_AES_128_CBC_SHA256;TLS_RSA_WITH_AES_128_CBC_SHA;TLS_ECDHE_RSA_WITH_CHACHA20_POLY1305_SHA256;TLS_ECDHE_RSA_WITH_CAMELLIA_256_CBC_SHA384;TLS_ECDHE_RSA_WITH_CAMELLIA_128_CBC_SHA256;TLS_ECDHE_RSA_WITH_ARIA_256_GCM_SHA384;TLS_ECDHE_RSA_WITH_ARIA_128_GCM_SHA256;TLS_ECDHE_RSA_WITH_AES_256_GCM_SHA384;TLS_ECDHE_RSA_WITH_AES_256_CBC_SHA384;TLS_ECDHE_RSA_WITH_AES_256_CBC_SHA;TLS_ECDHE_RSA_WITH_AES_128_GCM_SHA256;TLS_ECDHE_RSA_WITH_AES_128_CBC_SHA256;TLS_ECDHE_RSA_WITH_AES_128_CBC_SHA,11,0.367,16,0.533,TLS_RSA_WITH_CAMELLIA_256_CBC_SHA256;TLS_RSA_WITH_CAMELLIA_256_CBC_SHA;TLS_RSA_WITH_CAMELLIA_128_CBC_SHA256;TLS_RSA_WITH_CAMELLIA_128_CBC_SHA;TLS_RSA_WITH_ARIA_256_GCM_SHA384;TLS_RSA_WITH_ARIA_128_GCM_SHA256;TLS_RSA_WITH_AES_256_GCM_SHA384;TLS_RSA_WITH_AES_256_CCM_8;TLS_RSA_WITH_AES_256_CCM;TLS_RSA_WITH_AES_256_CBC_SHA256;TLS_RSA_WITH_AES_256_CBC_SHA;TLS_RSA_WITH_AES_128_GCM_SHA256;TLS_RSA_WITH_AES_128_CCM_8;TLS_RSA_WITH_AES_128_CCM;TLS_RSA_WITH_AES_128_CBC_SHA256;TLS_RSA_WITH_AES_128_CBC_SHA,0,1,1,0,0,0,1
health.gov.za,3.0,0.0,0.0,0.0,,0.0,0.0,2.0,0.667,2.0,0.667,2.0,0.667,0.0,0.0,0.0,0.0,0.0,0.0,362.0,362.0,362.0,139,67,0.482,4,fontawesome.com;gstatic.com;fonts.googleapis.com;euc-freshbots.ai,63,0.453,0,40,10,1,1,0,0,33,52,0,2,0,0,0,0,0,0,0,certinfo_error ('NoneType' object has no attribute 'get'),,,0,0.0,,0,0,,0,0.0,0,0.0,,0,1,1,0,0,0,1
justice.gov.za,16.0,0.0,0.0,0.0,,0.0,0.0,6.0,0.375,0.0,0.0,2.0,0.125,0.0,0.0,0.0,0.0,0.0,0.0,-3.0,397.0,397.0,386,333,0.863,9,sharethis.com;fbcdn.net;hotjar.com;google-analytics.com;facebook.net,333,0.863,0,19,148,0,1,0,0,148,16,9,45,0,0,0,0,0,0,0,,TLS_1_2,RSAPublicKey,2048,0.0,"CN=SSL.com EV Root Certification Authority RSA R2,O=SSL Corporation,L=Houston,ST=Texas,C=US",103,17,TLS_RSA_WITH_RC4_128_SHA;TLS_RSA_WITH_RC4_128_MD5;TLS_RSA_WITH_AES_256_GCM_SHA384;TLS_RSA_WITH_AES_256_CBC_SHA256;TLS_RSA_WITH_AES_256_CBC_SHA;TLS_RSA_WITH_AES_128_GCM_SHA256;TLS_RSA_WITH_AES_128_CBC_SHA256;TLS_RSA_WITH_AES_128_CBC_SHA;TLS_RSA_WITH_3DES_EDE_CBC_SHA;TLS_ECDHE_RSA_WITH_AES_256_CBC_SHA384;TLS_ECDHE_RSA_WITH_AES_256_CBC_SHA;TLS_ECDHE_RSA_WITH_AES_128_CBC_SHA256;TLS_ECDHE_RSA_WITH_AES_128_CBC_SHA;TLS_DHE_RSA_WITH_AES_256_GCM_SHA384;TLS_DHE_RSA_WITH_AES_256_CBC_SHA;TLS_DHE_RSA_WITH_AES_128_GCM_SHA256;TLS_DHE_RSA_WITH_AES_128_CBC_SHA,8,0.471,9,0.529,TLS_RSA_WITH_RC4_128_SHA;TLS_RSA_WITH_RC4_128_MD5;TLS_RSA_WITH_AES_256_GCM_SHA384;TLS_RSA_WITH_AES_256_CBC_SHA256;TLS_RSA_WITH_AES_256_CBC_SHA;TLS_RSA_WITH_AES_128_GCM_SHA256;TLS_RSA_WITH_AES_128_CBC_SHA256;TLS_RSA_WITH_AES_128_CBC_SHA;TLS_RSA_WITH_3DES_EDE_CBC_SHA,0,1,1,0,0,0,1
karoohoogland.gov.za,0.0,0.0,0.0,0.0,,0.0,0.0,0.0,0.0,0.0,0.0,0.0,0.0,0.0,0.0,0.0,0.0,0.0,0.0,0.0,0.0,0.0,120,68,0.567,6,bootstrapcdn.com;jquery.com;google.com;ajax.googleapis.com;maps.googleapis.com,68,0.567,0,9,17,0,1,0,0,54,28,0,11,0,0,0,0,0,0,0,,TLS_1_3,RSAPublicKey,2048,0.0,"CN=ISRG Root X1,O=Internet Security Research Group,C=US",79,30,TLS_CHACHA20_POLY1305_SHA256;TLS_AES_256_GCM_SHA384;TLS_AES_128_GCM_SHA256;TLS_RSA_WITH_CAMELLIA_256_CBC_SHA256;TLS_RSA_WITH_CAMELLIA_256_CBC_SHA;TLS_RSA_WITH_CAMELLIA_128_CBC_SHA256;TLS_RSA_WITH_CAMELLIA_128_CBC_SHA;TLS_RSA_WITH_ARIA_256_GCM_SHA384;TLS_RSA_WITH_ARIA_128_GCM_SHA256;TLS_RSA_WITH_AES_256_GCM_SHA384;TLS_RSA_WITH_AES_256_CCM_8;TLS_RSA_WITH_AES_256_CCM;TLS_RSA_WITH_AES_256_CBC_SHA256;TLS_RSA_WITH_AES_256_CBC_SHA;TLS_RSA_WITH_AES_128_GCM_SHA256;TLS_RSA_WITH_AES_128_CCM_8;TLS_RSA_WITH_AES_128_CCM;TLS_RSA_WITH_AES_128_CBC_SHA256;TLS_RSA_WITH_AES_128_CBC_SHA;TLS_ECDHE_RSA_WITH_CHACHA20_POLY1305_SHA256;TLS_ECDHE_RSA_WITH_CAMELLIA_256_CBC_SHA384;TLS_ECDHE_RSA_WITH_CAMELLIA_128_CBC_SHA256;TLS_ECDHE_RSA_WITH_ARIA_256_GCM_SHA384;TLS_ECDHE_RSA_WITH_ARIA_128_GCM_SHA256;TLS_ECDHE_RSA_WITH_AES_256_GCM_SHA384;TLS_ECDHE_RSA_WITH_AES_256_CBC_SHA384;TLS_ECDHE_RSA_WITH_AES_256_CBC_SHA;TLS_ECDHE_RSA_WITH_AES_128_GCM_SHA256;TLS_ECDHE_RSA_WITH_AES_128_CBC_SHA256;TLS_ECDHE_RSA_WITH_AES_128_CBC_SHA,11,0.367,16,0.533,TLS_RSA_WITH_CAMELLIA_256_CBC_SHA256;TLS_RSA_WITH_CAMELLIA_256_CBC_SHA;TLS_RSA_WITH_CAMELLIA_128_CBC_SHA256;TLS_RSA_WITH_CAMELLIA_128_CBC_SHA;TLS_RSA_WITH_ARIA_256_GCM_SHA384;TLS_RSA_WITH_ARIA_128_GCM_SHA256;TLS_RSA_WITH_AES_256_GCM_SHA384;TLS_RSA_WITH_AES_256_CCM_8;TLS_RSA_WITH_AES_256_CCM;TLS_RSA_WITH_AES_256_CBC_SHA256;TLS_RSA_WITH_AES_256_CBC_SHA;TLS_RSA_WITH_AES_128_GCM_SHA256;TLS_RSA_WITH_AES_128_CCM_8;TLS_RSA_WITH_AES_128_CCM;TLS_RSA_WITH_AES_128_CBC_SHA256;TLS_RSA_WITH_AES_128_CBC_SHA,0,1,1,0,0,0,1
khaima.gov.za,10.0,9.0,0.9,1.0,google.com,9.0,0.9,9.0,0.9,9.0,0.9,1.0,0.1,0.0,0.0,0.0,0.0,0.0,0.0,177.0,177.0,177.0,274,198,0.723,4,gstatic.com;google.com;maps.googleapis.com;fonts.googleapis.com,198,0.723,0,67,38,0,1,0,0,93,39,9,27,0,0,0,0,0,0,0,,TLS_1_3,RSAPublicKey,2048,0.0,"CN=ISRG Root X1,O=Internet Security Research Group,C=US",76,30,TLS_CHACHA20_POLY1305_SHA256;TLS_AES_256_GCM_SHA384;TLS_AES_128_GCM_SHA256;TLS_RSA_WITH_CAMELLIA_256_CBC_SHA256;TLS_RSA_WITH_CAMELLIA_256_CBC_SHA;TLS_RSA_WITH_CAMELLIA_128_CBC_SHA256;TLS_RSA_WITH_CAMELLIA_128_CBC_SHA;TLS_RSA_WITH_ARIA_256_GCM_SHA384;TLS_RSA_WITH_ARIA_128_GCM_SHA256;TLS_RSA_WITH_AES_256_GCM_SHA384;TLS_RSA_WITH_AES_256_CCM_8;TLS_RSA_WITH_AES_256_CCM;TLS_RSA_WITH_AES_256_CBC_SHA256;TLS_RSA_WITH_AES_256_CBC_SHA;TLS_RSA_WITH_AES_128_GCM_SHA256;TLS_RSA_WITH_AES_128_CCM_8;TLS_RSA_WITH_AES_128_CCM;TLS_RSA_WITH_AES_128_CBC_SHA256;TLS_RSA_WITH_AES_128_CBC_SHA;TLS_ECDHE_RSA_WITH_CHACHA20_POLY1305_SHA256;TLS_ECDHE_RSA_WITH_CAMELLIA_256_CBC_SHA384;TLS_ECDHE_RSA_WITH_CAMELLIA_128_CBC_SHA256;TLS_ECDHE_RSA_WITH_ARIA_256_GCM_SHA384;TLS_ECDHE_RSA_WITH_ARIA_128_GCM_SHA256;TLS_ECDHE_RSA_WITH_AES_256_GCM_SHA384;TLS_ECDHE_RSA_WITH_AES_256_CBC_SHA384;TLS_ECDHE_RSA_WITH_AES_256_CBC_SHA;TLS_ECDHE_RSA_WITH_AES_128_GCM_SHA256;TLS_ECDHE_RSA_WITH_AES_128_CBC_SHA256;TLS_ECDHE_RSA_WITH_AES_128_CBC_SHA,11,0.367,16,0.533,TLS_RSA_WITH_CAMELLIA_256_CBC_SHA256;TLS_RSA_WITH_CAMELLIA_256_CBC_SHA;TLS_RSA_WITH_CAMELLIA_128_CBC_SHA256;TLS_RSA_WITH_CAMELLIA_128_CBC_SHA;TLS_RSA_WITH_ARIA_256_GCM_SHA384;TLS_RSA_WITH_ARIA_128_GCM_SHA256;TLS_RSA_WITH_AES_256_GCM_SHA384;TLS_RSA_WITH_AES_256_CCM_8;TLS_RSA_WITH_AES_256_CCM;TLS_RSA_WITH_AES_256_CBC_SHA256;TLS_RSA_WITH_AES_256_CBC_SHA;TLS_RSA_WITH_AES_128_GCM_SHA256;TLS_RSA_WITH_AES_128_CCM_8;TLS_RSA_WITH_AES_128_CCM;TLS_RSA_WITH_AES_128_CBC_SHA256;TLS_RSA_WITH_AES_128_CBC_SHA,0,1,2,1,0,0,1
kznlegislature.gov.za,8.0,0.0,0.0,0.0,,0.0,0.0,1.0,0.125,1.0,0.125,5.0,0.625,0.0,0.0,0.0,0.0,0.0,0.0,0.0,362.0,397.0,1631,1521,0.933,7,wp.com;gstatic.com;fonts.googleapis.com;fontawesome.com;maps.googleapis.com,1521,0.933,0,206,826,0,1,0,0,404,184,0,10,1,0,0,1,1,0,3,,TLS_1_3,RSAPublicKey,2048,0.0,"CN=ISRG Root X1,O=Internet Security Research Group,C=US",55,8,TLS_CHACHA20_POLY1305_SHA256;TLS_AES_256_GCM_SHA384;TLS_AES_128_GCM_SHA256;TLS_ECDHE_RSA_WITH_CHACHA20_POLY1305_SHA256;TLS_ECDHE_RSA_WITH_AES_256_GCM_SHA384;TLS_ECDHE_RSA_WITH_AES_256_CBC_SHA384;TLS_ECDHE_RSA_WITH_AES_128_GCM_SHA256;TLS_ECDHE_RSA_WITH_AES_128_CBC_SHA256,5,0.625,0,0.0,,1,1,2,1,0,0,1
